# Blender 4.4.0
# www.blender.org
mtllib 未命名.mtl
o globe_flip_uv
v -0.144101 1.490350 -0.028663
v -0.135740 1.490350 -0.056225
v -0.122163 1.490350 -0.081627
v -0.103891 1.490350 -0.103891
v -0.081627 1.490350 -0.122163
v -0.056225 1.490350 -0.135741
v -0.028663 1.490350 -0.144102
v 0.000000 1.490350 -0.146925
v 0.028663 1.490350 -0.144102
v 0.056225 1.490350 -0.135741
v 0.081627 1.490350 -0.122163
v 0.103891 1.490350 -0.103891
v 0.122163 1.490350 -0.081627
v 0.135740 1.490350 -0.056226
v 0.144101 1.490350 -0.028663
v 0.146925 1.490350 -0.000000
v 0.144101 1.490350 0.028663
v 0.135740 1.490350 0.056225
v 0.122163 1.490350 0.081627
v 0.103891 1.490350 0.103891
v 0.081627 1.490350 0.122163
v 0.056225 1.490350 0.135740
v 0.028663 1.490350 0.144101
v 0.000000 1.490351 0.146924
v -0.028663 1.490351 0.144101
v -0.056225 1.490350 0.135740
v -0.081627 1.490351 0.122163
v -0.103891 1.490351 0.103891
v -0.122163 1.490350 0.081627
v -0.135740 1.490350 0.056225
v -0.144102 1.490350 0.028663
v -0.146925 1.490350 -0.000000
v -0.284716 1.468817 -0.056633
v -0.268197 1.468817 -0.111090
v -0.241371 1.468817 -0.161279
v -0.205269 1.468817 -0.205269
v -0.161279 1.468817 -0.241371
v -0.111091 1.468817 -0.268197
v -0.056634 1.468817 -0.284716
v 0.000000 1.468817 -0.290294
v 0.056633 1.468817 -0.284716
v 0.111091 1.468817 -0.268197
v 0.161279 1.468817 -0.241371
v 0.205269 1.468817 -0.205269
v 0.241371 1.468817 -0.161279
v 0.268197 1.468817 -0.111091
v 0.284716 1.468817 -0.056634
v 0.290294 1.468817 -0.000000
v 0.284716 1.468817 0.056633
v 0.268197 1.468817 0.111091
v 0.241371 1.468817 0.161279
v 0.205269 1.468817 0.205269
v 0.161279 1.468817 0.241371
v 0.111091 1.468817 0.268197
v 0.056634 1.468817 0.284716
v 0.000000 1.468817 0.290294
v -0.056634 1.468817 0.284717
v -0.111091 1.468817 0.268197
v -0.161279 1.468817 0.241371
v -0.205269 1.468817 0.205269
v -0.241371 1.468817 0.161279
v -0.268197 1.468817 0.111091
v -0.284717 1.468817 0.056633
v -0.290295 1.468817 -0.000000
v -0.423644 1.433106 -0.084268
v -0.399064 1.433106 -0.165297
v -0.359148 1.433106 -0.239975
v -0.305430 1.433106 -0.305430
v -0.239975 1.433106 -0.359148
v -0.165298 1.433106 -0.399064
v -0.084268 1.433106 -0.423644
v 0.000000 1.433106 -0.431944
v 0.084268 1.433106 -0.423644
v 0.165297 1.433106 -0.399064
v 0.239975 1.433106 -0.359148
v 0.305430 1.433106 -0.305430
v 0.359148 1.433106 -0.239975
v 0.399064 1.433106 -0.165298
v 0.423644 1.433106 -0.084268
v 0.431944 1.433106 -0.000000
v 0.423644 1.433106 0.084268
v 0.399064 1.433106 0.165297
v 0.359148 1.433106 0.239975
v 0.305430 1.433106 0.305430
v 0.239975 1.433106 0.359148
v 0.165298 1.433106 0.399064
v 0.084268 1.433106 0.423644
v 0.000000 1.433106 0.431943
v -0.084268 1.433106 0.423644
v -0.165298 1.433106 0.399064
v -0.239975 1.433106 0.359148
v -0.305430 1.433106 0.305430
v -0.359148 1.433106 0.239975
v -0.399064 1.433106 0.165298
v -0.423644 1.433106 0.084268
v -0.431944 1.433106 -0.000000
v -0.558491 1.383595 -0.111090
v -0.526087 1.383595 -0.217912
v -0.473466 1.383595 -0.316360
v -0.402650 1.383595 -0.402649
v -0.316360 1.383595 -0.473466
v -0.217913 1.383595 -0.526087
v -0.111091 1.383595 -0.558491
v 0.000000 1.383595 -0.569433
v 0.111090 1.383595 -0.558491
v 0.217912 1.383595 -0.526087
v 0.316360 1.383595 -0.473466
v 0.402650 1.383595 -0.402650
v 0.473466 1.383595 -0.316360
v 0.526087 1.383595 -0.217913
v 0.558491 1.383595 -0.111091
v 0.569433 1.383595 -0.000000
v 0.558491 1.383595 0.111091
v 0.526087 1.383595 0.217912
v 0.473466 1.383595 0.316360
v 0.402650 1.383595 0.402650
v 0.316360 1.383595 0.473466
v 0.217913 1.383595 0.526087
v 0.111091 1.383595 0.558491
v 0.000000 1.383595 0.569433
v -0.111091 1.383595 0.558491
v -0.217913 1.383595 0.526087
v -0.316360 1.383595 0.473466
v -0.402650 1.383595 0.402650
v -0.473466 1.383595 0.316360
v -0.526088 1.383595 0.217913
v -0.558491 1.383595 0.111091
v -0.569433 1.383595 -0.000000
v -0.687960 1.320759 -0.136844
v -0.648044 1.320759 -0.268428
v -0.583224 1.320759 -0.389698
v -0.495992 1.320759 -0.495991
v -0.389698 1.320759 -0.583224
v -0.268429 1.320759 -0.648044
v -0.136844 1.320759 -0.687960
v 0.000000 1.320759 -0.701438
v 0.136843 1.320759 -0.687960
v 0.268428 1.320759 -0.648044
v 0.389698 1.320759 -0.583225
v 0.495991 1.320759 -0.495992
v 0.583225 1.320759 -0.389698
v 0.648044 1.320759 -0.268429
v 0.687960 1.320759 -0.136844
v 0.701438 1.320759 -0.000000
v 0.687960 1.320759 0.136843
v 0.648044 1.320759 0.268429
v 0.583225 1.320759 0.389698
v 0.495992 1.320759 0.495991
v 0.389698 1.320759 0.583224
v 0.268429 1.320759 0.648044
v 0.136844 1.320759 0.687960
v 0.000000 1.320759 0.701438
v -0.136844 1.320759 0.687960
v -0.268429 1.320759 0.648045
v -0.389698 1.320759 0.583225
v -0.495992 1.320759 0.495992
v -0.583225 1.320759 0.389698
v -0.648045 1.320759 0.268429
v -0.687961 1.320759 0.136844
v -0.701438 1.320759 -0.000000
v -0.810804 1.245202 -0.161279
v -0.763760 1.245202 -0.316360
v -0.687366 1.245202 -0.459283
v -0.584557 1.245202 -0.584556
v -0.459283 1.245202 -0.687366
v -0.316360 1.245202 -0.763760
v -0.161279 1.245202 -0.810804
v 0.000000 1.245202 -0.826688
v 0.161279 1.245202 -0.810804
v 0.316360 1.245202 -0.763760
v 0.459283 1.245202 -0.687366
v 0.584557 1.245202 -0.584557
v 0.687366 1.245202 -0.459284
v 0.763760 1.245202 -0.316360
v 0.810804 1.245202 -0.161279
v 0.826688 1.245202 -0.000000
v 0.810804 1.245202 0.161279
v 0.763761 1.245202 0.316360
v 0.687366 1.245202 0.459283
v 0.584557 1.245202 0.584557
v 0.459283 1.245202 0.687366
v 0.316360 1.245202 0.763760
v 0.161279 1.245202 0.810804
v 0.000000 1.245202 0.826688
v -0.161279 1.245202 0.810804
v -0.316360 1.245202 0.763761
v -0.459283 1.245202 0.687367
v -0.584557 1.245202 0.584557
v -0.687367 1.245202 0.459283
v -0.763761 1.245202 0.316360
v -0.810804 1.245202 0.161279
v -0.826689 1.245202 -0.000000
v -0.925838 1.157655 -0.184160
v -0.872121 1.157655 -0.361244
v -0.784888 1.157655 -0.524445
v -0.667492 1.157655 -0.667492
v -0.524446 1.157655 -0.784888
v -0.361245 1.157655 -0.872120
v -0.184161 1.157655 -0.925838
v 0.000000 1.157655 -0.943977
v 0.184160 1.157655 -0.925839
v 0.361244 1.157655 -0.872121
v 0.524445 1.157655 -0.784888
v 0.667492 1.157655 -0.667493
v 0.784888 1.157655 -0.524446
v 0.872121 1.157655 -0.361245
v 0.925839 1.157655 -0.184161
v 0.943977 1.157655 -0.000000
v 0.925839 1.157655 0.184161
v 0.872121 1.157655 0.361244
v 0.784888 1.157655 0.524446
v 0.667493 1.157655 0.667492
v 0.524446 1.157655 0.784888
v 0.361245 1.157655 0.872121
v 0.184161 1.157655 0.925839
v 0.000000 1.157655 0.943977
v -0.184161 1.157655 0.925839
v -0.361244 1.157655 0.872121
v -0.524446 1.157655 0.784889
v -0.667493 1.157655 0.667493
v -0.784889 1.157655 0.524446
v -0.872121 1.157655 0.361245
v -0.925839 1.157655 0.184161
v -0.943977 1.157655 -0.000000
v -1.031957 1.058958 -0.205269
v -0.972082 1.058958 -0.402649
v -0.874851 1.058958 -0.584556
v -0.744000 1.058958 -0.743999
v -0.584557 1.058958 -0.874851
v -0.402650 1.058958 -0.972082
v -0.205270 1.058958 -1.031957
v 0.000000 1.058958 -1.052174
v 0.205269 1.058958 -1.031957
v 0.402649 1.058958 -0.972082
v 0.584556 1.058958 -0.874851
v 0.743999 1.058958 -0.744000
v 0.874851 1.058958 -0.584557
v 0.972082 1.058958 -0.402650
v 1.031957 1.058958 -0.205270
v 1.052174 1.058958 -0.000000
v 1.031957 1.058958 0.205269
v 0.972083 1.058958 0.402650
v 0.874851 1.058958 0.584557
v 0.744000 1.058958 0.743999
v 0.584557 1.058958 0.874851
v 0.402650 1.058958 0.972083
v 0.205269 1.058958 1.031958
v 0.000000 1.058958 1.052175
v -0.205269 1.058958 1.031958
v -0.402650 1.058958 0.972083
v -0.584557 1.058958 0.874852
v -0.744000 1.058958 0.744000
v -0.874852 1.058958 0.584557
v -0.972083 1.058958 0.402650
v -1.031958 1.058958 0.205269
v -1.052175 1.058958 -0.000000
v -1.128138 0.950063 -0.224400
v -1.062682 0.950062 -0.440176
v -0.956389 0.950063 -0.639038
v -0.813342 0.950063 -0.813341
v -0.639039 0.950063 -0.956389
v -0.440178 0.950063 -1.062682
v -0.224401 0.950063 -1.128137
v -0.000001 0.950063 -1.150239
v 0.224400 0.950063 -1.128138
v 0.440177 0.950063 -1.062682
v 0.639038 0.950063 -0.956389
v 0.813341 0.950063 -0.813342
v 0.956389 0.950063 -0.639039
v 1.062682 0.950063 -0.440178
v 1.128138 0.950063 -0.224401
v 1.150239 0.950063 -0.000000
v 1.128138 0.950063 0.224400
v 1.062683 0.950063 0.440177
v 0.956389 0.950063 0.639039
v 0.813342 0.950063 0.813342
v 0.639039 0.950063 0.956389
v 0.440177 0.950063 1.062682
v 0.224401 0.950063 1.128138
v 0.000000 0.950063 1.150239
v -0.224400 0.950063 1.128138
v -0.440177 0.950063 1.062683
v -0.639039 0.950063 0.956389
v -0.813342 0.950063 0.813342
v -0.956389 0.950063 0.639039
v -1.062683 0.950063 0.440177
v -1.128139 0.950063 0.224401
v -1.150240 0.950063 -0.000000
v -1.213453 0.832017 -0.241370
v -1.143048 0.832018 -0.473465
v -1.028716 0.832017 -0.687365
v -0.874851 0.832017 -0.874850
v -0.687366 0.832017 -1.028715
v -0.473467 0.832017 -1.143047
v -0.241372 0.832017 -1.213453
v -0.000001 0.832017 -1.237226
v 0.241370 0.832017 -1.213454
v 0.473466 0.832017 -1.143048
v 0.687366 0.832017 -1.028716
v 0.874851 0.832017 -0.874851
v 1.028716 0.832017 -0.687366
v 1.143048 0.832017 -0.473467
v 1.213453 0.832018 -0.241372
v 1.237227 0.832018 -0.000000
v 1.213454 0.832018 0.241371
v 1.143048 0.832018 0.473466
v 1.028716 0.832018 0.687366
v 0.874852 0.832018 0.874851
v 0.687367 0.832018 1.028716
v 0.473466 0.832018 1.143048
v 0.241371 0.832018 1.213453
v 0.000000 0.832018 1.237226
v -0.241371 0.832018 1.213454
v -0.473466 0.832018 1.143049
v -0.687366 0.832018 1.028717
v -0.874852 0.832018 0.874852
v -1.028717 0.832018 0.687367
v -1.143049 0.832018 0.473466
v -1.213454 0.832018 0.241371
v -1.237227 0.832018 -0.000000
v -1.287083 0.705960 -0.256016
v -1.212405 0.705960 -0.502194
v -1.091136 0.705960 -0.729073
v -0.927935 0.705960 -0.927934
v -0.729074 0.705960 -1.091136
v -0.502195 0.705960 -1.212405
v -0.256017 0.705960 -1.287083
v -0.000001 0.705960 -1.312298
v 0.256016 0.705960 -1.287083
v 0.502194 0.705960 -1.212406
v 0.729074 0.705960 -1.091136
v 0.927935 0.705960 -0.927935
v 1.091136 0.705960 -0.729074
v 1.212405 0.705960 -0.502195
v 1.287083 0.705960 -0.256017
v 1.312298 0.705960 -0.000000
v 1.287083 0.705960 0.256016
v 1.212406 0.705960 0.502194
v 1.091137 0.705960 0.729073
v 0.927935 0.705960 0.927935
v 0.729074 0.705960 1.091136
v 0.502195 0.705960 1.212406
v 0.256017 0.705960 1.287083
v 0.000000 0.705960 1.312299
v -0.256017 0.705960 1.287084
v -0.502195 0.705960 1.212406
v -0.729074 0.705960 1.091137
v -0.927935 0.705960 0.927936
v -1.091137 0.705960 0.729075
v -1.212406 0.705960 0.502195
v -1.287084 0.705960 0.256017
v -1.312299 0.705960 -0.000000
v -1.348317 0.573104 -0.268196
v -1.270087 0.573104 -0.526087
v -1.143048 0.573104 -0.763760
v -0.972083 0.573104 -0.972082
v -0.763761 0.573104 -1.143048
v -0.526088 0.573104 -1.270087
v -0.268197 0.573104 -1.348317
v -0.000001 0.573104 -1.374732
v 0.268196 0.573104 -1.348317
v 0.526087 0.573104 -1.270087
v 0.763760 0.573104 -1.143048
v 0.972082 0.573104 -0.972083
v 1.143048 0.573104 -0.763761
v 1.270087 0.573104 -0.526088
v 1.348317 0.573104 -0.268197
v 1.374732 0.573104 -0.000000
v 1.348317 0.573104 0.268196
v 1.270087 0.573104 0.526087
v 1.143048 0.573104 0.763760
v 0.972083 0.573104 0.972082
v 0.763761 0.573104 1.143048
v 0.526088 0.573104 1.270087
v 0.268197 0.573104 1.348318
v 0.000000 0.573104 1.374733
v -0.268197 0.573104 1.348318
v -0.526088 0.573104 1.270088
v -0.763761 0.573104 1.143049
v -0.972083 0.573104 0.972083
v -1.143049 0.573104 0.763761
v -1.270088 0.573104 0.526088
v -1.348318 0.573104 0.268197
v -1.374733 0.573104 -0.000000
v -1.396566 0.434728 -0.277794
v -1.315536 0.434728 -0.544913
v -1.183952 0.434728 -0.791091
v -1.006868 0.434728 -1.006868
v -0.791092 0.434728 -1.183951
v -0.544914 0.434728 -1.315536
v -0.277795 0.434728 -1.396566
v -0.000001 0.434728 -1.423926
v 0.277794 0.434728 -1.396566
v 0.544913 0.434728 -1.315537
v 0.791091 0.434728 -1.183952
v 1.006868 0.434728 -1.006869
v 1.183951 0.434728 -0.791092
v 1.315536 0.434728 -0.544914
v 1.396566 0.434728 -0.277795
v 1.423927 0.434728 -0.000000
v 1.396567 0.434728 0.277794
v 1.315537 0.434728 0.544913
v 1.183952 0.434728 0.791091
v 1.006869 0.434728 1.006868
v 0.791092 0.434728 1.183952
v 0.544914 0.434728 1.315537
v 0.277795 0.434728 1.396567
v 0.000000 0.434728 1.423927
v -0.277794 0.434728 1.396567
v -0.544913 0.434728 1.315537
v -0.791092 0.434728 1.183952
v -1.006869 0.434728 1.006869
v -1.183952 0.434728 0.791092
v -1.315538 0.434728 0.544914
v -1.396568 0.434728 0.277795
v -1.423927 0.434728 -0.000000
v -1.431366 0.292165 -0.284716
v -1.348317 0.292166 -0.558490
v -1.213453 0.292165 -0.810803
v -1.031957 0.292165 -1.031956
v -0.810804 0.292165 -1.213452
v -0.558491 0.292165 -1.348317
v -0.284717 0.292165 -1.431365
v -0.000001 0.292165 -1.459408
v 0.284716 0.292165 -1.431366
v 0.558491 0.292165 -1.348317
v 0.810803 0.292165 -1.213454
v 1.031957 0.292165 -1.031958
v 1.213453 0.292165 -0.810804
v 1.348317 0.292165 -0.558492
v 1.431366 0.292165 -0.284717
v 1.459408 0.292165 -0.000000
v 1.431366 0.292166 0.284716
v 1.348318 0.292166 0.558491
v 1.213454 0.292166 0.810804
v 1.031958 0.292166 1.031957
v 0.810804 0.292166 1.213453
v 0.558492 0.292166 1.348318
v 0.284717 0.292166 1.431366
v 0.000000 0.292166 1.459409
v -0.284716 0.292166 1.431366
v -0.558491 0.292166 1.348318
v -0.810804 0.292166 1.213454
v -1.031958 0.292166 1.031958
v -1.213454 0.292166 0.810804
v -1.348318 0.292166 0.558492
v -1.431367 0.292166 0.284717
v -1.459409 0.292166 -0.000000
v -1.452380 0.146790 -0.288896
v -1.368112 0.146790 -0.566690
v -1.231269 0.146790 -0.822707
v -1.047108 0.146790 -1.047107
v -0.822708 0.146790 -1.231268
v -0.566691 0.146790 -1.368112
v -0.288897 0.146790 -1.452380
v -0.000001 0.146790 -1.480834
v 0.288896 0.146790 -1.452380
v 0.566690 0.146790 -1.368112
v 0.822707 0.146790 -1.231269
v 1.047108 0.146790 -1.047108
v 1.231268 0.146790 -0.822708
v 1.368112 0.146790 -0.566691
v 1.452381 0.146790 -0.288897
v 1.480834 0.146790 -0.000000
v 1.452381 0.146790 0.288896
v 1.368113 0.146790 0.566690
v 1.231269 0.146790 0.822707
v 1.047109 0.146790 1.047108
v 0.822708 0.146790 1.231269
v 0.566691 0.146790 1.368113
v 0.288897 0.146790 1.452381
v 0.000000 0.146790 1.480835
v -0.288896 0.146790 1.452381
v -0.566691 0.146790 1.368113
v -0.822708 0.146790 1.231269
v -1.047108 0.146790 1.047109
v -1.231270 0.146790 0.822708
v -1.368114 0.146790 0.566691
v -1.452381 0.146790 0.288897
v -1.480835 0.146790 -0.000000
v -1.459408 -0.000000 -0.290293
v -1.374732 -0.000000 -0.569432
v -1.237226 -0.000000 -0.826687
v -1.052175 -0.000000 -1.052174
v -0.826689 -0.000000 -1.237226
v -0.569433 -0.000000 -1.374732
v -0.290295 -0.000000 -1.459407
v -0.000001 -0.000000 -1.487999
v 0.290294 -0.000000 -1.459408
v 0.569432 -0.000000 -1.374732
v 0.826687 -0.000000 -1.237226
v 1.052174 -0.000000 -1.052175
v 1.237226 -0.000000 -0.826689
v 1.374732 -0.000000 -0.569433
v 1.459408 -0.000000 -0.290295
v 1.487999 0.000000 0.000000
v 1.459408 0.000000 0.290294
v 1.374733 0.000000 0.569432
v 1.237227 0.000000 0.826688
v 1.052175 0.000000 1.052174
v 0.826689 0.000000 1.237226
v 0.569433 0.000000 1.374733
v 0.290295 0.000000 1.459408
v 0.000000 0.000000 1.488000
v -0.290294 0.000000 1.459409
v -0.569433 0.000000 1.374733
v -0.826689 0.000000 1.237227
v -1.052175 0.000000 1.052175
v -1.237227 0.000000 0.826689
v -1.374733 0.000000 0.569433
v -1.459409 0.000000 0.290295
v -1.488000 0.000000 0.000000
v -1.452380 -0.146790 -0.288896
v -1.368112 -0.146790 -0.566690
v -1.231269 -0.146790 -0.822707
v -1.047108 -0.146790 -1.047107
v -0.822708 -0.146790 -1.231268
v -0.566691 -0.146790 -1.368112
v -0.288897 -0.146790 -1.452380
v -0.000001 -0.146790 -1.480834
v 0.288896 -0.146790 -1.452380
v 0.566690 -0.146790 -1.368112
v 0.822707 -0.146790 -1.231269
v 1.047108 -0.146790 -1.047108
v 1.231268 -0.146790 -0.822708
v 1.368112 -0.146790 -0.566691
v 1.452381 -0.146790 -0.288897
v 1.480834 -0.146790 0.000000
v 1.452381 -0.146790 0.288896
v 1.368113 -0.146790 0.566690
v 1.231269 -0.146790 0.822707
v 1.047109 -0.146790 1.047108
v 0.822708 -0.146790 1.231269
v 0.566691 -0.146790 1.368113
v 0.288897 -0.146790 1.452381
v 0.000000 -0.146790 1.480835
v -0.288896 -0.146790 1.452381
v -0.566691 -0.146790 1.368113
v -0.822708 -0.146790 1.231269
v -1.047108 -0.146790 1.047109
v -1.231270 -0.146790 0.822708
v -1.368114 -0.146790 0.566691
v -1.452382 -0.146790 0.288897
v -1.480835 -0.146790 0.000000
v -1.431366 -0.292166 -0.284716
v -1.348317 -0.292166 -0.558490
v -1.213453 -0.292166 -0.810803
v -1.031957 -0.292166 -1.031956
v -0.810804 -0.292166 -1.213453
v -0.558491 -0.292166 -1.348317
v -0.284717 -0.292166 -1.431365
v -0.000001 -0.292166 -1.459408
v 0.284716 -0.292166 -1.431366
v 0.558491 -0.292166 -1.348317
v 0.810803 -0.292166 -1.213454
v 1.031957 -0.292166 -1.031958
v 1.213453 -0.292166 -0.810804
v 1.348317 -0.292166 -0.558492
v 1.431366 -0.292166 -0.284717
v 1.459408 -0.292165 0.000000
v 1.431366 -0.292165 0.284716
v 1.348318 -0.292165 0.558491
v 1.213454 -0.292165 0.810804
v 1.031958 -0.292165 1.031957
v 0.810804 -0.292165 1.213453
v 0.558492 -0.292165 1.348318
v 0.284717 -0.292165 1.431366
v 0.000000 -0.292165 1.459409
v -0.284716 -0.292165 1.431366
v -0.558491 -0.292165 1.348318
v -0.810804 -0.292165 1.213454
v -1.031958 -0.292165 1.031958
v -1.213454 -0.292165 0.810804
v -1.348318 -0.292165 0.558492
v -1.431367 -0.292165 0.284717
v -1.459409 -0.292165 0.000000
v -1.396566 -0.434728 -0.277794
v -1.315536 -0.434728 -0.544912
v -1.183952 -0.434728 -0.791090
v -1.006868 -0.434728 -1.006868
v -0.791092 -0.434728 -1.183951
v -0.544914 -0.434728 -1.315536
v -0.277795 -0.434728 -1.396566
v -0.000001 -0.434728 -1.423926
v 0.277794 -0.434728 -1.396566
v 0.544913 -0.434728 -1.315536
v 0.791091 -0.434728 -1.183952
v 1.006868 -0.434728 -1.006869
v 1.183951 -0.434728 -0.791092
v 1.315536 -0.434728 -0.544914
v 1.396566 -0.434728 -0.277795
v 1.423927 -0.434728 0.000000
v 1.396567 -0.434728 0.277794
v 1.315537 -0.434728 0.544913
v 1.183952 -0.434728 0.791091
v 1.006869 -0.434728 1.006868
v 0.791092 -0.434728 1.183952
v 0.544914 -0.434728 1.315537
v 0.277795 -0.434728 1.396567
v 0.000000 -0.434728 1.423927
v -0.277794 -0.434728 1.396567
v -0.544913 -0.434728 1.315537
v -0.791092 -0.434728 1.183953
v -1.006869 -0.434728 1.006869
v -1.183952 -0.434728 0.791092
v -1.315538 -0.434728 0.544914
v -1.396567 -0.434728 0.277795
v -1.423927 -0.434728 0.000000
v -1.348317 -0.573104 -0.268196
v -1.270087 -0.573104 -0.526087
v -1.143048 -0.573104 -0.763760
v -0.972083 -0.573104 -0.972082
v -0.763761 -0.573104 -1.143048
v -0.526088 -0.573104 -1.270087
v -0.268197 -0.573104 -1.348317
v -0.000001 -0.573104 -1.374732
v 0.268196 -0.573104 -1.348317
v 0.526087 -0.573104 -1.270087
v 0.763760 -0.573104 -1.143048
v 0.972082 -0.573104 -0.972083
v 1.143048 -0.573104 -0.763761
v 1.270087 -0.573104 -0.526088
v 1.348317 -0.573104 -0.268197
v 1.374732 -0.573104 0.000000
v 1.348317 -0.573104 0.268196
v 1.270087 -0.573104 0.526087
v 1.143048 -0.573104 0.763760
v 0.972083 -0.573104 0.972082
v 0.763761 -0.573104 1.143048
v 0.526088 -0.573104 1.270087
v 0.268197 -0.573104 1.348318
v 0.000000 -0.573104 1.374733
v -0.268197 -0.573104 1.348318
v -0.526088 -0.573104 1.270088
v -0.763761 -0.573104 1.143049
v -0.972083 -0.573104 0.972083
v -1.143049 -0.573104 0.763761
v -1.270088 -0.573104 0.526088
v -1.348318 -0.573104 0.268197
v -1.374733 -0.573104 0.000000
v -1.287083 -0.705960 -0.256016
v -1.212405 -0.705960 -0.502194
v -1.091136 -0.705960 -0.729073
v -0.927935 -0.705960 -0.927934
v -0.729074 -0.705960 -1.091136
v -0.502195 -0.705960 -1.212405
v -0.256017 -0.705960 -1.287083
v -0.000001 -0.705960 -1.312298
v 0.256016 -0.705960 -1.287083
v 0.502194 -0.705960 -1.212406
v 0.729074 -0.705960 -1.091136
v 0.927935 -0.705960 -0.927935
v 1.091136 -0.705960 -0.729074
v 1.212405 -0.705960 -0.502195
v 1.287083 -0.705960 -0.256017
v 1.312298 -0.705960 0.000000
v 1.287083 -0.705960 0.256016
v 1.212406 -0.705960 0.502194
v 1.091137 -0.705960 0.729074
v 0.927935 -0.705960 0.927935
v 0.729074 -0.705960 1.091136
v 0.502195 -0.705960 1.212406
v 0.256017 -0.705960 1.287083
v 0.000000 -0.705960 1.312299
v -0.256017 -0.705960 1.287084
v -0.502195 -0.705960 1.212406
v -0.729074 -0.705960 1.091137
v -0.927935 -0.705960 0.927936
v -1.091137 -0.705960 0.729075
v -1.212406 -0.705960 0.502195
v -1.287084 -0.705960 0.256017
v -1.312299 -0.705960 0.000000
v -1.213453 -0.832017 -0.241370
v -1.143048 -0.832018 -0.473465
v -1.028716 -0.832018 -0.687365
v -0.874851 -0.832018 -0.874850
v -0.687366 -0.832018 -1.028715
v -0.473467 -0.832018 -1.143047
v -0.241372 -0.832018 -1.213453
v -0.000001 -0.832018 -1.237226
v 0.241370 -0.832018 -1.213453
v 0.473466 -0.832018 -1.143048
v 0.687366 -0.832018 -1.028716
v 0.874851 -0.832018 -0.874851
v 1.028716 -0.832018 -0.687366
v 1.143048 -0.832018 -0.473467
v 1.213453 -0.832018 -0.241371
v 1.237226 -0.832018 0.000000
v 1.213454 -0.832018 0.241371
v 1.143048 -0.832018 0.473466
v 1.028717 -0.832018 0.687366
v 0.874852 -0.832018 0.874851
v 0.687367 -0.832018 1.028716
v 0.473466 -0.832018 1.143048
v 0.241371 -0.832017 1.213454
v 0.000000 -0.832017 1.237227
v -0.241371 -0.832017 1.213454
v -0.473466 -0.832018 1.143049
v -0.687366 -0.832018 1.028717
v -0.874852 -0.832018 0.874852
v -1.028717 -0.832018 0.687367
v -1.143049 -0.832018 0.473466
v -1.213454 -0.832018 0.241371
v -1.237227 -0.832018 0.000000
v -1.128138 -0.950063 -0.224400
v -1.062682 -0.950063 -0.440176
v -0.956389 -0.950063 -0.639038
v -0.813342 -0.950063 -0.813341
v -0.639039 -0.950063 -0.956388
v -0.440178 -0.950063 -1.062682
v -0.224401 -0.950063 -1.128137
v -0.000001 -0.950063 -1.150239
v 0.224400 -0.950063 -1.128137
v 0.440177 -0.950063 -1.062682
v 0.639038 -0.950063 -0.956389
v 0.813341 -0.950063 -0.813342
v 0.956389 -0.950063 -0.639039
v 1.062682 -0.950063 -0.440178
v 1.128138 -0.950063 -0.224401
v 1.150239 -0.950063 0.000000
v 1.128138 -0.950063 0.224400
v 1.062683 -0.950063 0.440177
v 0.956389 -0.950063 0.639039
v 0.813342 -0.950063 0.813342
v 0.639039 -0.950063 0.956389
v 0.440177 -0.950063 1.062683
v 0.224401 -0.950063 1.128138
v 0.000000 -0.950063 1.150240
v -0.224400 -0.950063 1.128138
v -0.440177 -0.950063 1.062683
v -0.639039 -0.950063 0.956390
v -0.813342 -0.950063 0.813342
v -0.956389 -0.950063 0.639039
v -1.062683 -0.950063 0.440178
v -1.128139 -0.950063 0.224401
v -1.150240 -0.950063 0.000000
v -1.031957 -1.058958 -0.205268
v -0.972082 -1.058958 -0.402649
v -0.874851 -1.058958 -0.584556
v -0.744000 -1.058958 -0.743999
v -0.584557 -1.058958 -0.874850
v -0.402650 -1.058958 -0.972082
v -0.205270 -1.058958 -1.031957
v 0.000000 -1.058958 -1.052174
v 0.205269 -1.058958 -1.031957
v 0.402649 -1.058958 -0.972082
v 0.584556 -1.058958 -0.874851
v 0.743999 -1.058958 -0.744000
v 0.874851 -1.058958 -0.584557
v 0.972082 -1.058958 -0.402650
v 1.031957 -1.058958 -0.205269
v 1.052174 -1.058958 0.000000
v 1.031957 -1.058958 0.205269
v 0.972083 -1.058958 0.402650
v 0.874851 -1.058958 0.584557
v 0.744000 -1.058958 0.744000
v 0.584557 -1.058958 0.874851
v 0.402650 -1.058958 0.972083
v 0.205269 -1.058958 1.031958
v 0.000000 -1.058958 1.052175
v -0.205269 -1.058958 1.031958
v -0.402650 -1.058958 0.972083
v -0.584557 -1.058958 0.874852
v -0.744000 -1.058958 0.744000
v -0.874852 -1.058958 0.584557
v -0.972083 -1.058958 0.402650
v -1.031958 -1.058958 0.205269
v -1.052175 -1.058958 0.000000
v -0.925838 -1.157655 -0.184160
v -0.872121 -1.157655 -0.361244
v -0.784888 -1.157655 -0.524445
v -0.667492 -1.157655 -0.667492
v -0.524446 -1.157655 -0.784887
v -0.361245 -1.157655 -0.872120
v -0.184161 -1.157655 -0.925838
v 0.000000 -1.157655 -0.943977
v 0.184160 -1.157655 -0.925839
v 0.361244 -1.157655 -0.872121
v 0.524445 -1.157655 -0.784888
v 0.667492 -1.157655 -0.667492
v 0.784888 -1.157655 -0.524446
v 0.872121 -1.157655 -0.361245
v 0.925839 -1.157655 -0.184161
v 0.943977 -1.157655 0.000000
v 0.925839 -1.157655 0.184161
v 0.872121 -1.157655 0.361244
v 0.784888 -1.157655 0.524446
v 0.667493 -1.157655 0.667493
v 0.524446 -1.157655 0.784888
v 0.361245 -1.157655 0.872121
v 0.184161 -1.157655 0.925839
v 0.000000 -1.157655 0.943978
v -0.184161 -1.157655 0.925839
v -0.361244 -1.157655 0.872121
v -0.524446 -1.157655 0.784889
v -0.667493 -1.157655 0.667493
v -0.784889 -1.157655 0.524446
v -0.872121 -1.157655 0.361245
v -0.925839 -1.157655 0.184161
v -0.943977 -1.157655 0.000000
v -0.810804 -1.245202 -0.161278
v -0.763760 -1.245202 -0.316360
v -0.687366 -1.245202 -0.459283
v -0.584557 -1.245202 -0.584556
v -0.459283 -1.245202 -0.687366
v -0.316360 -1.245202 -0.763760
v -0.161279 -1.245203 -0.810803
v 0.000000 -1.245203 -0.826688
v 0.161279 -1.245203 -0.810804
v 0.316360 -1.245202 -0.763760
v 0.459283 -1.245202 -0.687366
v 0.584557 -1.245202 -0.584557
v 0.687366 -1.245202 -0.459283
v 0.763760 -1.245202 -0.316360
v 0.810804 -1.245202 -0.161279
v 0.826688 -1.245202 0.000000
v 0.810804 -1.245202 0.161279
v 0.763761 -1.245202 0.316360
v 0.687366 -1.245202 0.459283
v 0.584557 -1.245202 0.584557
v 0.459283 -1.245202 0.687366
v 0.316360 -1.245202 0.763761
v 0.161279 -1.245202 0.810804
v 0.000000 -1.245202 0.826689
v -0.161279 -1.245202 0.810804
v -0.316360 -1.245202 0.763761
v -0.459283 -1.245202 0.687367
v -0.584557 -1.245202 0.584557
v -0.687367 -1.245202 0.459284
v -0.763761 -1.245202 0.316360
v -0.810804 -1.245202 0.161279
v -0.826689 -1.245202 0.000000
v -0.687960 -1.320759 -0.136843
v -0.648044 -1.320759 -0.268428
v -0.583225 -1.320759 -0.389698
v -0.495992 -1.320759 -0.495991
v -0.389698 -1.320759 -0.583224
v -0.268429 -1.320759 -0.648044
v -0.136844 -1.320759 -0.687960
v 0.000000 -1.320759 -0.701438
v 0.136843 -1.320759 -0.687960
v 0.268428 -1.320759 -0.648044
v 0.389698 -1.320759 -0.583225
v 0.495991 -1.320759 -0.495992
v 0.583225 -1.320759 -0.389698
v 0.648044 -1.320759 -0.268429
v 0.687960 -1.320759 -0.136844
v 0.701438 -1.320759 0.000000
v 0.687960 -1.320759 0.136844
v 0.648044 -1.320759 0.268429
v 0.583225 -1.320759 0.389698
v 0.495992 -1.320759 0.495992
v 0.389698 -1.320759 0.583225
v 0.268429 -1.320759 0.648044
v 0.136844 -1.320759 0.687960
v 0.000000 -1.320759 0.701438
v -0.136844 -1.320759 0.687961
v -0.268429 -1.320759 0.648045
v -0.389698 -1.320759 0.583225
v -0.495992 -1.320759 0.495992
v -0.583225 -1.320759 0.389698
v -0.648045 -1.320759 0.268429
v -0.687961 -1.320759 0.136844
v -0.701438 -1.320759 0.000000
v -0.558491 -1.383595 -0.111090
v -0.526087 -1.383595 -0.217912
v -0.473466 -1.383595 -0.316359
v -0.402650 -1.383595 -0.402649
v -0.316360 -1.383595 -0.473466
v -0.217913 -1.383595 -0.526087
v -0.111091 -1.383595 -0.558491
v 0.000000 -1.383595 -0.569433
v 0.111090 -1.383595 -0.558491
v 0.217912 -1.383595 -0.526087
v 0.316360 -1.383595 -0.473466
v 0.402650 -1.383595 -0.402650
v 0.473466 -1.383595 -0.316360
v 0.526087 -1.383595 -0.217913
v 0.558491 -1.383595 -0.111091
v 0.569433 -1.383595 0.000000
v 0.558491 -1.383595 0.111091
v 0.526087 -1.383595 0.217913
v 0.473466 -1.383595 0.316360
v 0.402650 -1.383595 0.402650
v 0.316360 -1.383595 0.473466
v 0.217913 -1.383595 0.526088
v 0.111091 -1.383595 0.558491
v 0.000000 -1.383595 0.569433
v -0.111091 -1.383595 0.558491
v -0.217913 -1.383595 0.526088
v -0.316360 -1.383595 0.473466
v -0.402650 -1.383595 0.402650
v -0.473466 -1.383595 0.316360
v -0.526088 -1.383595 0.217913
v -0.558491 -1.383595 0.111091
v -0.569433 -1.383595 0.000000
v -0.423644 -1.433106 -0.084267
v -0.399064 -1.433106 -0.165297
v -0.359148 -1.433106 -0.239975
v -0.305430 -1.433106 -0.305430
v -0.239975 -1.433106 -0.359148
v -0.165298 -1.433106 -0.399064
v -0.084268 -1.433106 -0.423644
v 0.000000 -1.433106 -0.431943
v 0.084268 -1.433106 -0.423644
v 0.165297 -1.433106 -0.399064
v 0.239975 -1.433106 -0.359148
v 0.305430 -1.433106 -0.305430
v 0.359148 -1.433106 -0.239975
v 0.399064 -1.433106 -0.165298
v 0.423644 -1.433106 -0.084268
v 0.431944 -1.433106 0.000000
v 0.423644 -1.433106 0.084268
v 0.399064 -1.433106 0.165297
v 0.359148 -1.433106 0.239975
v 0.305430 -1.433106 0.305430
v 0.239975 -1.433106 0.359148
v 0.165298 -1.433106 0.399064
v 0.084268 -1.433106 0.423644
v 0.000000 -1.433106 0.431944
v -0.084268 -1.433106 0.423644
v -0.165298 -1.433106 0.399064
v -0.239975 -1.433106 0.359148
v -0.305430 -1.433106 0.305430
v -0.359148 -1.433106 0.239975
v -0.399064 -1.433106 0.165298
v -0.423644 -1.433106 0.084268
v -0.431944 -1.433106 0.000000
v -0.284716 -1.468816 -0.056633
v -0.268197 -1.468817 -0.111090
v -0.241371 -1.468817 -0.161278
v -0.205269 -1.468817 -0.205269
v -0.161279 -1.468817 -0.241371
v -0.111091 -1.468817 -0.268197
v -0.056634 -1.468817 -0.284716
v 0.000000 -1.468817 -0.290294
v 0.056633 -1.468817 -0.284716
v 0.111091 -1.468817 -0.268197
v 0.161279 -1.468817 -0.241371
v 0.205269 -1.468817 -0.205269
v 0.241371 -1.468817 -0.161279
v 0.268197 -1.468817 -0.111091
v 0.284716 -1.468817 -0.056633
v 0.290294 -1.468817 0.000000
v 0.284716 -1.468817 0.056634
v 0.268197 -1.468817 0.111091
v 0.241371 -1.468817 0.161279
v 0.205269 -1.468817 0.205269
v 0.161279 -1.468817 0.241371
v 0.111091 -1.468817 0.268197
v 0.056634 -1.468817 0.284716
v 0.000000 -1.468817 0.290294
v -0.056634 -1.468817 0.284717
v -0.111091 -1.468817 0.268197
v -0.161279 -1.468817 0.241371
v -0.205269 -1.468817 0.205269
v -0.241371 -1.468817 0.161279
v -0.268197 -1.468817 0.111091
v -0.284717 -1.468817 0.056634
v -0.290295 -1.468817 0.000000
v -0.144101 -1.490350 -0.028663
v -0.135740 -1.490350 -0.056225
v -0.122163 -1.490351 -0.081627
v -0.103891 -1.490351 -0.103891
v -0.081627 -1.490351 -0.122163
v -0.056225 -1.490351 -0.135740
v -0.028663 -1.490351 -0.144101
v 0.000000 -1.490351 -0.146924
v 0.028663 -1.490351 -0.144101
v 0.056225 -1.490351 -0.135740
v 0.081627 -1.490351 -0.122163
v 0.103891 -1.490351 -0.103891
v 0.122163 -1.490351 -0.081627
v 0.135740 -1.490351 -0.056225
v 0.144101 -1.490351 -0.028663
v 0.146925 -1.490351 0.000000
v 0.144101 -1.490351 0.028663
v 0.135740 -1.490351 0.056225
v 0.122163 -1.490351 0.081627
v 0.103891 -1.490351 0.103891
v 0.081627 -1.490351 0.122163
v 0.056225 -1.490351 0.135741
v 0.028663 -1.490351 0.144102
v 0.000000 -1.490351 0.146925
v -0.028663 -1.490350 0.144102
v -0.056225 -1.490351 0.135741
v -0.081627 -1.490351 0.122163
v -0.103891 -1.490351 0.103891
v -0.122163 -1.490350 0.081627
v -0.135740 -1.490351 0.056226
v -0.144102 -1.490350 0.028663
v -0.146925 -1.490351 0.000000
v 0.000000 1.499999 -0.000000
v -0.028566 -1.498674 -0.005682
v 0.005682 -1.498674 -0.028565
v 0.028566 -1.498674 0.005682
v -0.005682 -1.498674 0.028566
v -0.026908 -1.498674 -0.011146
v 0.011146 -1.498674 -0.026908
v 0.026908 -1.498674 0.011146
v -0.011146 -1.498674 0.026908
v -0.024217 -1.498674 -0.016181
v 0.016181 -1.498674 -0.024216
v 0.024217 -1.498674 0.016181
v -0.016181 -1.498674 0.024217
v -0.020595 -1.498674 -0.020594
v 0.020595 -1.498674 -0.020594
v 0.020595 -1.498674 0.020595
v -0.020595 -1.498674 0.020595
v -0.016181 -1.498674 -0.024216
v 0.024217 -1.498674 -0.016181
v 0.016181 -1.498674 0.024217
v -0.024217 -1.498674 0.016181
v -0.011146 -1.498674 -0.026908
v 0.026908 -1.498674 -0.011146
v 0.011146 -1.498674 0.026908
v -0.026908 -1.498674 0.011146
v -0.005682 -1.498674 -0.028565
v 0.028566 -1.498674 -0.005682
v 0.005682 -1.498674 0.028566
v -0.028566 -1.498674 0.005682
v 0.000000 -1.498674 -0.029125
v 0.029125 -1.498674 0.000000
v 0.000000 -1.498674 0.029125
v -0.029125 -1.498674 0.000000
v -0.028566 1.498674 -0.005682
v 0.005682 1.498674 -0.028566
v 0.028566 1.498674 0.005682
v -0.005682 1.498674 0.028565
v -0.026908 1.498674 -0.011146
v 0.011146 1.498674 -0.026908
v 0.026908 1.498674 0.011146
v -0.011146 1.498674 0.026908
v -0.024217 1.498674 -0.016181
v 0.016181 1.498674 -0.024217
v 0.024217 1.498674 0.016181
v -0.016181 1.498674 0.024216
v -0.020595 1.498674 -0.020595
v 0.020595 1.498674 -0.020595
v 0.020595 1.498674 0.020594
v -0.020595 1.498674 0.020594
v -0.016181 1.498674 -0.024217
v 0.024217 1.498674 -0.016181
v 0.016181 1.498674 0.024216
v -0.024217 1.498674 0.016181
v -0.011146 1.498674 -0.026908
v 0.026908 1.498674 -0.011146
v 0.011146 1.498674 0.026908
v -0.026908 1.498674 0.011146
v -0.005682 1.498674 -0.028566
v 0.028566 1.498674 -0.005682
v 0.005682 1.498674 0.028565
v -0.028566 1.498674 0.005682
v 0.000000 1.498674 -0.029125
v 0.029125 1.498674 -0.000000
v 0.000000 1.498674 0.029125
v -0.029125 1.498674 -0.000000
v -0.214271 1.481379 -0.042621
v -0.140597 1.490351 -0.042650
v -0.277793 1.468817 -0.084267
v 0.042621 1.481379 -0.214272
v 0.042650 1.490351 -0.140598
v 0.084268 1.468817 -0.277793
v 0.214271 1.481379 0.042621
v 0.140597 1.490351 0.042649
v 0.277793 1.468817 0.084267
v -0.042621 1.481379 0.214272
v -0.042650 1.490351 0.140597
v -0.084268 1.468817 0.277793
v -0.146217 1.490351 -0.014401
v -0.288896 1.468817 -0.028454
v -0.354607 1.452711 -0.070535
v -0.413343 1.433106 -0.125386
v 0.070535 1.452711 -0.354607
v 0.125386 1.433106 -0.413343
v 0.354607 1.452711 0.070535
v 0.413343 1.433106 0.125386
v -0.070536 1.452711 0.354607
v -0.125386 1.433106 0.413343
v -0.429862 1.433106 -0.042338
v -0.491660 1.410049 -0.097797
v -0.544911 1.383595 -0.165296
v 0.097797 1.410049 -0.491660
v 0.165296 1.383595 -0.544911
v 0.491660 1.410049 0.097797
v 0.544911 1.383595 0.165297
v -0.097797 1.410049 0.491660
v -0.165297 1.383595 0.544911
v -0.566689 1.383595 -0.055814
v -0.623977 1.353807 -0.124116
v -0.671232 1.320759 -0.203616
v 0.124116 1.353807 -0.623977
v 0.203616 1.320759 -0.671232
v 0.623977 1.353807 0.124117
v 0.671232 1.320759 0.203616
v -0.124117 1.353807 0.623977
v -0.203616 1.320759 0.671232
v -0.698058 1.320759 -0.068753
v -0.750286 1.284528 -0.149241
v -0.791088 1.245202 -0.239974
v 0.149241 1.284527 -0.750285
v 0.239974 1.245202 -0.791088
v 0.750286 1.284527 0.149241
v 0.791088 1.245202 0.239974
v -0.149241 1.284527 0.750286
v -0.239974 1.245202 0.791089
v -0.822704 1.245202 -0.081029
v -0.869368 1.202877 -0.172928
v -0.903326 1.157655 -0.274020
v 0.172928 1.202877 -0.869368
v 0.274020 1.157655 -0.903326
v 0.869368 1.202877 0.172928
v 0.903326 1.157655 0.274021
v -0.172928 1.202877 0.869368
v -0.274021 1.157655 0.903326
v -0.939428 1.157655 -0.092525
v -0.980078 1.109643 -0.194949
v -1.006864 1.058958 -0.305428
v 0.194949 1.109643 -0.980078
v 0.305428 1.058958 -1.006864
v 0.980078 1.109643 0.194950
v 1.006864 1.058958 0.305429
v -0.194950 1.109643 0.980079
v -0.305429 1.058958 1.006865
v -1.047104 1.058958 -0.103131
v -1.081350 1.005721 -0.215093
v -1.100706 0.950063 -0.333895
v 0.215094 1.005721 -1.081350
v 0.333895 0.950063 -1.100706
v 1.081350 1.005721 0.215094
v 1.100706 0.950063 0.333895
v -0.215094 1.005721 1.081350
v -0.333895 0.950063 1.100707
v -1.144696 0.950063 -0.112742
v -1.172207 0.892115 -0.233166
v -1.183947 0.832018 -0.359146
v 0.233166 0.892114 -1.172207
v 0.359146 0.832017 -1.183947
v 1.172207 0.892114 0.233166
v 1.183947 0.832018 0.359146
v -0.233166 0.892114 1.172208
v -0.359146 0.832018 1.183948
v -1.231264 0.832018 -0.121269
v -1.251775 0.769916 -0.248993
v -1.255786 0.705960 -0.380938
v 0.248993 0.769916 -1.251776
v 0.380938 0.705960 -1.255786
v 1.251776 0.769916 0.248993
v 1.255786 0.705960 0.380938
v -0.248994 0.769916 1.251776
v -0.380939 0.705960 1.255787
v -1.305974 0.705960 -0.128627
v -1.319289 0.640303 -0.262422
v -1.315531 0.573104 -0.399062
v 0.262422 0.640303 -1.319289
v 0.399062 0.573104 -1.315531
v 1.319289 0.640303 0.262422
v 1.315532 0.573104 0.399062
v -0.262423 0.640303 1.319289
v -0.399062 0.573104 1.315532
v -1.368108 0.573104 -0.134747
v -1.374096 0.504523 -0.273324
v -1.362607 0.434728 -0.413342
v 0.273324 0.504523 -1.374096
v 0.413342 0.434728 -1.362607
v 1.374097 0.504524 0.273324
v 1.362608 0.434728 0.413342
v -0.273325 0.504524 1.374097
v -0.413343 0.434728 1.362608
v -1.417065 0.434728 -0.139568
v -1.415671 0.363885 -0.281594
v -1.396561 0.292165 -0.423641
v 0.281594 0.363885 -1.415671
v 0.423641 0.292165 -1.396561
v 1.415671 0.363885 0.281594
v 1.396561 0.292166 0.423642
v -0.281594 0.363885 1.415672
v -0.423642 0.292166 1.396561
v -1.452375 0.292166 -0.143046
v -1.443612 0.219742 -0.287152
v -1.417064 0.146790 -0.429861
v 0.287151 0.219742 -1.443612
v 0.429861 0.146790 -1.417064
v 1.443612 0.219742 0.287152
v 1.417065 0.146790 0.429861
v -0.287152 0.219742 1.443612
v -0.429862 0.146790 1.417065
v -1.473698 0.146790 -0.145146
v -1.457649 0.073483 -0.289944
v -1.423921 -0.000000 -0.431941
v 0.289944 0.073483 -1.457649
v 0.431941 -0.000000 -1.423921
v 1.457650 0.073484 0.289944
v 1.423922 0.000000 0.431941
v -0.289944 0.073484 1.457650
v -0.431942 0.000000 1.423922
v -1.480829 -0.000000 -0.145848
v -1.457649 -0.073484 -0.289944
v -1.417064 -0.146790 -0.429861
v 0.289944 -0.073484 -1.457649
v 0.429861 -0.146790 -1.417064
v 1.457650 -0.073483 0.289944
v 1.417065 -0.146790 0.429861
v -0.289944 -0.073483 1.457650
v -0.429862 -0.146790 1.417065
v -1.473698 -0.146790 -0.145146
v -1.443611 -0.219742 -0.287152
v -1.396561 -0.292166 -0.423641
v 0.287151 -0.219742 -1.443612
v 0.423641 -0.292166 -1.396561
v 1.443612 -0.219742 0.287152
v 1.396562 -0.292165 0.423642
v -0.287152 -0.219742 1.443612
v -0.423642 -0.292165 1.396562
v -1.452375 -0.292166 -0.143046
v -1.415671 -0.363885 -0.281594
v -1.362607 -0.434728 -0.413342
v 0.281594 -0.363885 -1.415671
v 0.413342 -0.434728 -1.362607
v 1.415671 -0.363885 0.281594
v 1.362608 -0.434728 0.413342
v -0.281594 -0.363885 1.415672
v -0.413343 -0.434728 1.362608
v -1.417065 -0.434728 -0.139568
v -1.374096 -0.504524 -0.273324
v -1.315531 -0.573104 -0.399062
v 0.273324 -0.504524 -1.374096
v 0.399062 -0.573104 -1.315531
v 1.374097 -0.504523 0.273324
v 1.315532 -0.573104 0.399062
v -0.273325 -0.504523 1.374097
v -0.399062 -0.573104 1.315532
v -1.368108 -0.573104 -0.134746
v -1.319289 -0.640303 -0.262422
v -1.255786 -0.705960 -0.380938
v 0.262422 -0.640303 -1.319289
v 0.380938 -0.705960 -1.255786
v 1.319289 -0.640303 0.262423
v 1.255786 -0.705960 0.380938
v -0.262423 -0.640303 1.319289
v -0.380939 -0.705960 1.255787
v -1.305974 -0.705960 -0.128627
v -1.251775 -0.769916 -0.248993
v -1.183947 -0.832018 -0.359146
v 0.248993 -0.769916 -1.251776
v 0.359146 -0.832018 -1.183947
v 1.251776 -0.769916 0.248993
v 1.183947 -0.832018 0.359146
v -0.248994 -0.769916 1.251776
v -0.359146 -0.832017 1.183948
v -1.231264 -0.832018 -0.121269
v -1.172207 -0.892114 -0.233166
v -1.100706 -0.950063 -0.333895
v 0.233166 -0.892114 -1.172207
v 0.333895 -0.950063 -1.100706
v 1.172207 -0.892114 0.233166
v 1.100706 -0.950063 0.333895
v -0.233166 -0.892114 1.172208
v -0.333895 -0.950063 1.100707
v -1.144696 -0.950063 -0.112742
v -1.081350 -1.005721 -0.215093
v -1.006864 -1.058958 -0.305428
v 0.215094 -1.005721 -1.081350
v 0.305428 -1.058958 -1.006864
v 1.081350 -1.005721 0.215094
v 1.006864 -1.058958 0.305429
v -0.215094 -1.005721 1.081351
v -0.305429 -1.058958 1.006865
v -1.047104 -1.058958 -0.103130
v -0.980078 -1.109643 -0.194949
v -0.903326 -1.157655 -0.274020
v 0.194949 -1.109643 -0.980078
v 0.274020 -1.157655 -0.903326
v 0.980078 -1.109643 0.194950
v 0.903326 -1.157655 0.274021
v -0.194950 -1.109643 0.980079
v -0.274021 -1.157655 0.903326
v -0.939428 -1.157655 -0.092525
v -0.869368 -1.202877 -0.172927
v -0.791088 -1.245202 -0.239974
v 0.172928 -1.202877 -0.869368
v 0.239974 -1.245203 -0.791088
v 0.869368 -1.202877 0.172928
v 0.791088 -1.245202 0.239974
v -0.172928 -1.202877 0.869369
v -0.239974 -1.245202 0.791089
v -0.822704 -1.245202 -0.081029
v -0.750286 -1.284528 -0.149241
v -0.671232 -1.320759 -0.203615
v 0.149241 -1.284527 -0.750285
v 0.203616 -1.320759 -0.671232
v 0.750285 -1.284527 0.149241
v 0.671232 -1.320759 0.203616
v -0.149241 -1.284527 0.750286
v -0.203616 -1.320759 0.671232
v -0.698058 -1.320759 -0.068752
v -0.623977 -1.353807 -0.124116
v -0.544911 -1.383595 -0.165296
v 0.124116 -1.353807 -0.623977
v 0.165296 -1.383595 -0.544911
v 0.623977 -1.353807 0.124117
v 0.544911 -1.383595 0.165297
v -0.124117 -1.353807 0.623977
v -0.165297 -1.383595 0.544911
v -0.566689 -1.383595 -0.055814
v -0.491660 -1.410049 -0.097797
v -0.413343 -1.433106 -0.125385
v 0.097797 -1.410049 -0.491660
v 0.125386 -1.433106 -0.413342
v 0.491660 -1.410049 0.097797
v 0.413343 -1.433106 0.125386
v -0.097797 -1.410049 0.491660
v -0.125386 -1.433106 0.413343
v -0.429862 -1.433106 -0.042337
v -0.354607 -1.452711 -0.070535
v -0.277793 -1.468817 -0.084267
v 0.070535 -1.452711 -0.354607
v 0.084268 -1.468817 -0.277793
v 0.354607 -1.452711 0.070536
v 0.277793 -1.468817 0.084268
v -0.070536 -1.452711 0.354607
v -0.084268 -1.468817 0.277794
v -0.288896 -1.468817 -0.028453
v -0.214271 -1.481379 -0.042621
v -0.140597 -1.490350 -0.042649
v 0.042621 -1.481379 -0.214271
v 0.042650 -1.490351 -0.140597
v 0.214271 -1.481379 0.042621
v 0.140597 -1.490351 0.042650
v -0.042621 -1.481379 0.214272
v -0.042650 -1.490351 0.140598
v -0.146217 -1.490351 -0.014401
v -0.201839 1.481379 -0.083604
v -0.129575 1.490351 -0.069259
v -0.256016 1.468817 -0.136843
v 0.083604 1.481379 -0.201839
v 0.069259 1.490351 -0.129575
v 0.136843 1.468817 -0.256016
v 0.201839 1.481379 0.083604
v 0.129575 1.490351 0.069259
v 0.256016 1.468817 0.136843
v -0.083604 1.481379 0.201839
v -0.069259 1.490351 0.129575
v -0.136843 1.468817 0.256016
v -0.334033 1.452711 -0.138360
v -0.380939 1.433106 -0.203616
v 0.138361 1.452711 -0.334033
v 0.203616 1.433106 -0.380939
v 0.334033 1.452711 0.138361
v 0.380939 1.433106 0.203616
v -0.138361 1.452711 0.334033
v -0.203616 1.433106 0.380939
v -0.463133 1.410048 -0.191836
v -0.502193 1.383595 -0.268427
v 0.191836 1.410049 -0.463134
v 0.268427 1.383595 -0.502193
v 0.463133 1.410049 0.191836
v 0.502193 1.383595 0.268428
v -0.191836 1.410049 0.463133
v -0.268428 1.383595 0.502193
v -0.587774 1.353807 -0.243463
v -0.618611 1.320759 -0.330654
v 0.243463 1.353807 -0.587774
v 0.330654 1.320759 -0.618611
v 0.587774 1.353807 0.243464
v 0.618611 1.320759 0.330654
v -0.243464 1.353807 0.587774
v -0.330654 1.320759 0.618611
v -0.706753 1.284527 -0.292747
v -0.729071 1.245202 -0.389696
v 0.292747 1.284527 -0.706753
v 0.389696 1.245202 -0.729071
v 0.706754 1.284527 0.292747
v 0.729071 1.245202 0.389696
v -0.292747 1.284527 0.706754
v -0.389697 1.245202 0.729072
v -0.818927 1.202877 -0.339210
v -0.832510 1.157655 -0.444985
v 0.339210 1.202877 -0.818927
v 0.444985 1.157655 -0.832510
v 0.818927 1.202877 0.339210
v 0.832510 1.157655 0.444986
v -0.339210 1.202877 0.818927
v -0.444986 1.157655 0.832510
v -0.923213 1.109643 -0.382407
v -0.927931 1.058958 -0.495989
v 0.382407 1.109643 -0.923214
v 0.495989 1.058958 -0.927931
v 0.923214 1.109643 0.382407
v 0.927932 1.058958 0.495990
v -0.382408 1.109643 0.923214
v -0.495990 1.058958 0.927932
v -1.018609 1.005721 -0.421921
v -1.014416 0.950063 -0.542216
v 0.421921 1.005721 -1.018609
v 0.542216 0.950063 -1.014416
v 1.018609 1.005721 0.421922
v 1.014417 0.950063 0.542217
v -0.421922 1.005721 1.018610
v -0.542217 0.950063 1.014417
v -1.104195 0.892114 -0.457372
v -1.091132 0.832017 -0.583221
v 0.457372 0.892114 -1.104195
v 0.583222 0.832017 -1.091132
v 1.104195 0.892114 0.457372
v 1.091132 0.832018 0.583222
v -0.457372 0.892114 1.104196
v -0.583222 0.832018 1.091132
v -1.179146 0.769916 -0.488418
v -1.157339 0.705960 -0.618610
v 0.488418 0.769916 -1.179147
v 0.618610 0.705960 -1.157339
v 1.179147 0.769916 0.488418
v 1.157340 0.705960 0.618610
v -0.488419 0.769916 1.179148
v -0.618611 0.705960 1.157340
v -1.242743 0.640303 -0.514760
v -1.212401 0.573104 -0.648041
v 0.514760 0.640303 -1.242743
v 0.648041 0.573104 -1.212401
v 1.242743 0.640303 0.514760
v 1.212401 0.573104 0.648041
v -0.514761 0.640303 1.242744
v -0.648042 0.573104 1.212402
v -1.294370 0.504523 -0.536145
v -1.255786 0.434728 -0.671231
v 0.536145 0.504523 -1.294371
v 0.671231 0.434728 -1.255787
v 1.294371 0.504524 0.536145
v 1.255787 0.434728 0.671232
v -0.536146 0.504524 1.294371
v -0.671232 0.434728 1.255787
v -1.333533 0.363885 -0.552367
v -1.287078 0.292166 -0.687957
v 0.552367 0.363885 -1.333533
v 0.687957 0.292165 -1.287078
v 1.333534 0.363885 0.552367
v 1.287078 0.292166 0.687957
v -0.552368 0.363885 1.333534
v -0.687958 0.292166 1.287079
v -1.359852 0.219742 -0.563269
v -1.305974 0.146790 -0.698057
v 0.563269 0.219742 -1.359853
v 0.698057 0.146790 -1.305974
v 1.359853 0.219742 0.563269
v 1.305975 0.146790 0.698058
v -0.563269 0.219742 1.359853
v -0.698058 0.146790 1.305975
v -1.373076 0.073483 -0.568746
v -1.312293 -0.000000 -0.701435
v 0.568746 0.073483 -1.373076
v 0.701435 -0.000000 -1.312293
v 1.373077 0.073484 0.568746
v 1.312294 0.000000 0.701435
v -0.568747 0.073484 1.373077
v -0.701436 0.000000 1.312294
v -1.373076 -0.073484 -0.568746
v -1.305974 -0.146790 -0.698057
v 0.568746 -0.073484 -1.373076
v 0.698057 -0.146790 -1.305974
v 1.373077 -0.073483 0.568746
v 1.305975 -0.146790 0.698058
v -0.568747 -0.073483 1.373077
v -0.698058 -0.146790 1.305975
v -1.359852 -0.219742 -0.563268
v -1.287078 -0.292166 -0.687957
v 0.563269 -0.219742 -1.359852
v 0.687957 -0.292166 -1.287078
v 1.359853 -0.219742 0.563269
v 1.287078 -0.292165 0.687957
v -0.563269 -0.219742 1.359853
v -0.687958 -0.292165 1.287079
v -1.333533 -0.363885 -0.552367
v -1.255786 -0.434728 -0.671231
v 0.552367 -0.363885 -1.333533
v 0.671231 -0.434728 -1.255787
v 1.333534 -0.363885 0.552367
v 1.255787 -0.434728 0.671232
v -0.552368 -0.363885 1.333534
v -0.671232 -0.434728 1.255787
v -1.294371 -0.504524 -0.536145
v -1.212401 -0.573104 -0.648041
v 0.536145 -0.504524 -1.294371
v 0.648041 -0.573104 -1.212401
v 1.294371 -0.504523 0.536145
v 1.212401 -0.573104 0.648041
v -0.536146 -0.504523 1.294371
v -0.648042 -0.573104 1.212402
v -1.242743 -0.640303 -0.514760
v -1.157339 -0.705960 -0.618610
v 0.514760 -0.640303 -1.242743
v 0.618610 -0.705960 -1.157339
v 1.242743 -0.640303 0.514760
v 1.157340 -0.705960 0.618610
v -0.514761 -0.640303 1.242744
v -0.618611 -0.705960 1.157340
v -1.179146 -0.769916 -0.488418
v -1.091132 -0.832018 -0.583221
v 0.488418 -0.769916 -1.179147
v 0.583222 -0.832018 -1.091132
v 1.179147 -0.769916 0.488418
v 1.091132 -0.832017 0.583222
v -0.488419 -0.769916 1.179148
v -0.583222 -0.832017 1.091133
v -1.104195 -0.892115 -0.457371
v -1.014416 -0.950063 -0.542216
v 0.457372 -0.892114 -1.104195
v 0.542216 -0.950063 -1.014416
v 1.104195 -0.892114 0.457373
v 1.014417 -0.950063 0.542217
v -0.457372 -0.892114 1.104196
v -0.542217 -0.950063 1.014417
v -1.018609 -1.005721 -0.421921
v -0.927931 -1.058958 -0.495989
v 0.421921 -1.005721 -1.018609
v 0.495989 -1.058958 -0.927931
v 1.018609 -1.005721 0.421922
v 0.927932 -1.058958 0.495990
v -0.421922 -1.005721 1.018610
v -0.495990 -1.058958 0.927932
v -0.923213 -1.109643 -0.382407
v -0.832510 -1.157655 -0.444985
v 0.382407 -1.109643 -0.923213
v 0.444985 -1.157655 -0.832510
v 0.923214 -1.109643 0.382408
v 0.832510 -1.157655 0.444986
v -0.382408 -1.109643 0.923214
v -0.444986 -1.157655 0.832511
v -0.818927 -1.202877 -0.339210
v -0.729071 -1.245202 -0.389696
v 0.339210 -1.202877 -0.818927
v 0.389696 -1.245202 -0.729071
v 0.818927 -1.202877 0.339211
v 0.729071 -1.245202 0.389697
v -0.339210 -1.202877 0.818928
v -0.389697 -1.245202 0.729072
v -0.706753 -1.284528 -0.292746
v -0.618611 -1.320759 -0.330654
v 0.292747 -1.284527 -0.706753
v 0.330654 -1.320759 -0.618611
v 0.706754 -1.284527 0.292747
v 0.618611 -1.320759 0.330654
v -0.292747 -1.284527 0.706754
v -0.330654 -1.320759 0.618611
v -0.587774 -1.353807 -0.243463
v -0.502193 -1.383595 -0.268427
v 0.243463 -1.353807 -0.587774
v 0.268427 -1.383595 -0.502193
v 0.587774 -1.353807 0.243464
v 0.502193 -1.383595 0.268428
v -0.243464 -1.353807 0.587774
v -0.268428 -1.383595 0.502193
v -0.463133 -1.410048 -0.191835
v -0.380939 -1.433106 -0.203615
v 0.191836 -1.410049 -0.463133
v 0.203616 -1.433106 -0.380939
v 0.463133 -1.410049 0.191836
v 0.380939 -1.433106 0.203616
v -0.191836 -1.410049 0.463134
v -0.203616 -1.433106 0.380939
v -0.334033 -1.452711 -0.138360
v -0.256016 -1.468817 -0.136843
v 0.138361 -1.452711 -0.334033
v 0.136843 -1.468817 -0.256016
v 0.334033 -1.452711 0.138361
v 0.256016 -1.468817 0.136843
v -0.138361 -1.452711 0.334033
v -0.136843 -1.468817 0.256016
v -0.201839 -1.481379 -0.083604
v -0.129575 -1.490351 -0.069259
v 0.083604 -1.481379 -0.201839
v 0.069259 -1.490351 -0.129575
v 0.201839 -1.481379 0.083605
v 0.129575 -1.490351 0.069259
v -0.083604 -1.481379 0.201839
v -0.069259 -1.490351 0.129575
v -0.181650 1.481379 -0.121375
v -0.113574 1.490351 -0.093208
v -0.224399 1.468817 -0.184160
v 0.121375 1.481379 -0.181650
v 0.093207 1.490351 -0.113574
v 0.184160 1.468817 -0.224400
v 0.181650 1.481379 0.121375
v 0.113574 1.490351 0.093207
v 0.224399 1.468817 0.184160
v -0.121375 1.481379 0.181650
v -0.093207 1.490351 0.113573
v -0.184160 1.468817 0.224400
v -0.300621 1.452711 -0.200869
v -0.333895 1.433106 -0.274021
v 0.200869 1.452711 -0.300621
v 0.274021 1.433106 -0.333895
v 0.300621 1.452711 0.200868
v 0.333895 1.433106 0.274021
v -0.200869 1.452711 0.300621
v -0.274021 1.433106 0.333895
v -0.416809 1.410049 -0.278503
v -0.440176 1.383595 -0.361243
v 0.278503 1.410049 -0.416809
v 0.361243 1.383595 -0.440176
v 0.416809 1.410049 0.278503
v 0.440176 1.383595 0.361243
v -0.278503 1.410049 0.416809
v -0.361243 1.383595 0.440176
v -0.528982 1.353807 -0.353454
v -0.542217 1.320759 -0.444985
v 0.353454 1.353807 -0.528983
v 0.444986 1.320759 -0.542217
v 0.528982 1.353807 0.353455
v 0.542217 1.320759 0.444986
v -0.353455 1.353807 0.528982
v -0.444986 1.320759 0.542217
v -0.636061 1.284527 -0.425002
v -0.639036 1.245202 -0.524443
v 0.425002 1.284527 -0.636061
v 0.524443 1.245202 -0.639036
v 0.636061 1.284527 0.425002
v 0.639036 1.245202 0.524443
v -0.425003 1.284527 0.636062
v -0.524444 1.245202 0.639036
v -0.737015 1.202877 -0.492457
v -0.729701 1.157655 -0.598850
v 0.492457 1.202877 -0.737015
v 0.598850 1.157655 -0.729701
v 0.737015 1.202877 0.492457
v 0.729702 1.157655 0.598850
v -0.492458 1.202877 0.737015
v -0.598851 1.157655 0.729702
v -0.830870 1.109643 -0.555169
v -0.813339 1.058958 -0.667489
v 0.555169 1.109643 -0.830870
v 0.667489 1.058958 -0.813339
v 0.830871 1.109643 0.555170
v 0.813339 1.058958 0.667490
v -0.555170 1.109643 0.830871
v -0.667490 1.058958 0.813339
v -0.916724 1.005721 -0.612535
v -0.889143 0.950063 -0.729700
v 0.612535 1.005721 -0.916724
v 0.729700 0.950063 -0.889143
v 0.916724 1.005721 0.612535
v 0.889144 0.950063 0.729701
v -0.612536 1.005721 0.916725
v -0.729701 0.950063 0.889144
v -0.993749 0.892114 -0.664001
v -0.956385 0.832017 -0.784884
v 0.664002 0.892114 -0.993749
v 0.784885 0.832017 -0.956385
v 0.993750 0.892114 0.664002
v 0.956386 0.832018 0.784885
v -0.664002 0.892114 0.993750
v -0.784885 0.832018 0.956386
v -1.061204 0.769916 -0.709073
v -1.014416 0.705960 -0.832509
v 0.709074 0.769916 -1.061204
v 0.832510 0.705960 -1.014416
v 1.061204 0.769916 0.709074
v 1.014417 0.705960 0.832510
v -0.709074 0.769916 1.061205
v -0.832510 0.705960 1.014417
v -1.118439 0.640303 -0.747316
v -1.062679 0.573104 -0.872117
v 0.747317 0.640303 -1.118439
v 0.872117 0.573104 -1.062679
v 1.118440 0.640303 0.747317
v 1.062679 0.573104 0.872117
v -0.747317 0.640303 1.118440
v -0.872118 0.573104 1.062679
v -1.164903 0.504523 -0.778363
v -1.100706 0.434728 -0.903325
v 0.778363 0.504523 -1.164903
v 0.903325 0.434728 -1.100706
v 1.164903 0.504524 0.778363
v 1.100706 0.434728 0.903326
v -0.778364 0.504524 1.164904
v -0.903326 0.434728 1.100706
v -1.200148 0.363885 -0.801912
v -1.128133 0.292166 -0.925834
v 0.801913 0.363885 -1.200148
v 0.925835 0.292165 -1.128134
v 1.200148 0.363885 0.801913
v 1.128134 0.292166 0.925835
v -0.801913 0.363885 1.200149
v -0.925835 0.292166 1.128134
v -1.223835 0.219742 -0.817739
v -1.144696 0.146790 -0.939427
v 0.817740 0.219742 -1.223835
v 0.939427 0.146790 -1.144696
v 1.223835 0.219742 0.817740
v 1.144696 0.146790 0.939428
v -0.817740 0.219742 1.223836
v -0.939428 0.146790 1.144697
v -1.235736 0.073483 -0.825691
v -1.150235 -0.000000 -0.943972
v 0.825691 0.073483 -1.235736
v 0.943973 -0.000000 -1.150235
v 1.235736 0.073484 0.825692
v 1.150235 0.000000 0.943973
v -0.825692 0.073484 1.235737
v -0.943974 0.000000 1.150236
v -1.235736 -0.073484 -0.825691
v -1.144696 -0.146790 -0.939427
v 0.825691 -0.073484 -1.235736
v 0.939427 -0.146790 -1.144696
v 1.235736 -0.073483 0.825692
v 1.144696 -0.146790 0.939428
v -0.825692 -0.073483 1.235736
v -0.939428 -0.146790 1.144697
v -1.223835 -0.219742 -0.817739
v -1.128133 -0.292166 -0.925834
v 0.817740 -0.219742 -1.223835
v 0.925835 -0.292166 -1.128134
v 1.223835 -0.219742 0.817740
v 1.128134 -0.292165 0.925835
v -0.817740 -0.219742 1.223836
v -0.925835 -0.292165 1.128134
v -1.200148 -0.363885 -0.801912
v -1.100706 -0.434728 -0.903325
v 0.801913 -0.363885 -1.200148
v 0.903325 -0.434728 -1.100706
v 1.200148 -0.363885 0.801913
v 1.100706 -0.434728 0.903326
v -0.801913 -0.363885 1.200149
v -0.903326 -0.434728 1.100706
v -1.164903 -0.504524 -0.778363
v -1.062678 -0.573104 -0.872117
v 0.778363 -0.504524 -1.164903
v 0.872117 -0.573104 -1.062679
v 1.164903 -0.504523 0.778363
v 1.062679 -0.573104 0.872117
v -0.778364 -0.504523 1.164904
v -0.872118 -0.573104 1.062679
v -1.118439 -0.640303 -0.747316
v -1.014416 -0.705960 -0.832509
v 0.747317 -0.640303 -1.118439
v 0.832510 -0.705960 -1.014416
v 1.118439 -0.640303 0.747317
v 1.014417 -0.705960 0.832510
v -0.747317 -0.640303 1.118440
v -0.832510 -0.705960 1.014417
v -1.061204 -0.769916 -0.709073
v -0.956385 -0.832018 -0.784884
v 0.709074 -0.769916 -1.061204
v 0.784885 -0.832018 -0.956385
v 1.061205 -0.769916 0.709074
v 0.956386 -0.832017 0.784885
v -0.709074 -0.769916 1.061205
v -0.784885 -0.832017 0.956386
v -0.993749 -0.892114 -0.664001
v -0.889143 -0.950063 -0.729700
v 0.664002 -0.892114 -0.993749
v 0.729700 -0.950063 -0.889143
v 0.993750 -0.892114 0.664002
v 0.889144 -0.950063 0.729701
v -0.664002 -0.892114 0.993750
v -0.729701 -0.950063 0.889144
v -0.916724 -1.005721 -0.612535
v -0.813339 -1.058958 -0.667489
v 0.612535 -1.005721 -0.916724
v 0.667489 -1.058958 -0.813339
v 0.916724 -1.005721 0.612536
v 0.813339 -1.058958 0.667490
v -0.612536 -1.005721 0.916725
v -0.667490 -1.058958 0.813339
v -0.830870 -1.109643 -0.555169
v -0.729701 -1.157655 -0.598850
v 0.555169 -1.109643 -0.830870
v 0.598850 -1.157655 -0.729701
v 0.830871 -1.109643 0.555170
v 0.729702 -1.157655 0.598850
v -0.555170 -1.109643 0.830871
v -0.598851 -1.157655 0.729702
v -0.737015 -1.202877 -0.492457
v -0.639036 -1.245202 -0.524443
v 0.492457 -1.202877 -0.737015
v 0.524443 -1.245202 -0.639036
v 0.737015 -1.202877 0.492458
v 0.639036 -1.245202 0.524444
v -0.492458 -1.202877 0.737015
v -0.524444 -1.245202 0.639037
v -0.636061 -1.284527 -0.425002
v -0.542217 -1.320759 -0.444985
v 0.425002 -1.284527 -0.636061
v 0.444986 -1.320759 -0.542217
v 0.636061 -1.284527 0.425003
v 0.542217 -1.320759 0.444986
v -0.425003 -1.284527 0.636062
v -0.444986 -1.320759 0.542217
v -0.528982 -1.353807 -0.353454
v -0.440176 -1.383595 -0.361242
v 0.353454 -1.353807 -0.528982
v 0.361243 -1.383595 -0.440176
v 0.528983 -1.353807 0.353455
v 0.440176 -1.383595 0.361243
v -0.353455 -1.353807 0.528983
v -0.361243 -1.383595 0.440176
v -0.416809 -1.410049 -0.278502
v -0.333895 -1.433106 -0.274021
v 0.278503 -1.410049 -0.416809
v 0.274021 -1.433106 -0.333895
v 0.416809 -1.410049 0.278503
v 0.333895 -1.433106 0.274021
v -0.278503 -1.410049 0.416809
v -0.274021 -1.433106 0.333896
v -0.300621 -1.452711 -0.200868
v -0.224399 -1.468817 -0.184160
v 0.200869 -1.452711 -0.300621
v 0.184160 -1.468817 -0.224399
v 0.300621 -1.452711 0.200869
v 0.224399 -1.468817 0.184160
v -0.200869 -1.452711 0.300621
v -0.184160 -1.468817 0.224400
v -0.181650 -1.481379 -0.121375
v -0.113574 -1.490351 -0.093207
v 0.121375 -1.481379 -0.181650
v 0.093207 -1.490351 -0.113573
v 0.181650 -1.481379 0.121375
v 0.113574 -1.490351 0.093208
v -0.121375 -1.481379 0.181650
v -0.093207 -1.490351 0.113574
v -0.154481 1.481379 -0.154481
v -0.093208 1.490351 -0.113574
v -0.184160 1.468817 -0.224399
v 0.154481 1.481379 -0.154481
v 0.113574 1.490351 -0.093208
v 0.224399 1.468817 -0.184160
v 0.154481 1.481379 0.154481
v 0.093208 1.490351 0.113573
v 0.184160 1.468817 0.224399
v -0.154481 1.481379 0.154481
v -0.113574 1.490351 0.093207
v -0.224399 1.468817 0.184160
v -0.255657 1.452711 -0.255657
v -0.274021 1.433106 -0.333895
v 0.255657 1.452711 -0.255657
v 0.333895 1.433106 -0.274021
v 0.255657 1.452711 0.255657
v 0.274021 1.433106 0.333895
v -0.255657 1.452711 0.255658
v -0.333895 1.433106 0.274021
v -0.354467 1.410049 -0.354467
v -0.361243 1.383595 -0.440175
v 0.354467 1.410049 -0.354467
v 0.440176 1.383595 -0.361243
v 0.354467 1.410049 0.354467
v 0.361243 1.383595 0.440176
v -0.354467 1.410049 0.354467
v -0.440176 1.383595 0.361243
v -0.449862 1.353807 -0.449862
v -0.444986 1.320759 -0.542216
v 0.449862 1.353807 -0.449863
v 0.542217 1.320759 -0.444986
v 0.449863 1.353807 0.449862
v 0.444986 1.320759 0.542217
v -0.449863 1.353807 0.449863
v -0.542217 1.320759 0.444986
v -0.540926 1.284527 -0.540925
v -0.524444 1.245202 -0.639036
v 0.540926 1.284527 -0.540926
v 0.639036 1.245202 -0.524444
v 0.540926 1.284527 0.540926
v 0.524444 1.245202 0.639036
v -0.540926 1.284527 0.540926
v -0.639037 1.245202 0.524444
v -0.626779 1.202877 -0.626779
v -0.598850 1.157655 -0.729701
v 0.626779 1.202877 -0.626780
v 0.729701 1.157655 -0.598850
v 0.626780 1.202877 0.626779
v 0.598851 1.157655 0.729701
v -0.626780 1.202877 0.626780
v -0.729702 1.157655 0.598851
v -0.706597 1.109643 -0.706597
v -0.667490 1.058958 -0.813338
v 0.706597 1.109643 -0.706597
v 0.813338 1.058958 -0.667490
v 0.706598 1.109643 0.706597
v 0.667490 1.058958 0.813339
v -0.706598 1.109643 0.706598
v -0.813339 1.058958 0.667490
v -0.779610 1.005721 -0.779609
v -0.729701 0.950063 -0.889143
v 0.779609 1.005721 -0.779610
v 0.889143 0.950063 -0.729701
v 0.779610 1.005721 0.779610
v 0.729701 0.950063 0.889143
v -0.779610 1.005721 0.779610
v -0.889144 0.950063 0.729701
v -0.845114 0.892114 -0.845113
v -0.784885 0.832017 -0.956384
v 0.845114 0.892114 -0.845114
v 0.956385 0.832017 -0.784885
v 0.845115 0.892114 0.845114
v 0.784886 0.832018 0.956385
v -0.845115 0.892114 0.845115
v -0.956386 0.832018 0.784886
v -0.902480 0.769916 -0.902479
v -0.832510 0.705960 -1.014416
v 0.902480 0.769916 -0.902480
v 1.014416 0.705960 -0.832510
v 0.902480 0.769916 0.902480
v 0.832510 0.705960 1.014416
v -0.902480 0.769916 0.902481
v -1.014417 0.705960 0.832511
v -0.951154 0.640303 -0.951154
v -0.872118 0.573104 -1.062678
v 0.951154 0.640303 -0.951155
v 1.062678 0.573104 -0.872118
v 0.951155 0.640303 0.951154
v 0.872118 0.573104 1.062678
v -0.951155 0.640303 0.951155
v -1.062679 0.573104 0.872118
v -0.990669 0.504523 -0.990668
v -0.903326 0.434728 -1.100705
v 0.990668 0.504523 -0.990669
v 1.100706 0.434728 -0.903326
v 0.990669 0.504524 0.990668
v 0.903326 0.434728 1.100706
v -0.990669 0.504524 0.990669
v -1.100707 0.434728 0.903326
v -1.020642 0.363885 -1.020641
v -0.925835 0.292165 -1.128132
v 1.020641 0.363885 -1.020642
v 1.128133 0.292166 -0.925836
v 1.020643 0.363885 1.020642
v 0.925836 0.292166 1.128133
v -1.020642 0.363885 1.020643
v -1.128134 0.292166 0.925836
v -1.040786 0.219742 -1.040785
v -0.939428 0.146790 -1.144695
v 1.040786 0.219742 -1.040786
v 1.144696 0.146790 -0.939428
v 1.040787 0.219742 1.040786
v 0.939428 0.146790 1.144696
v -1.040787 0.219742 1.040787
v -1.144696 0.146790 0.939428
v -1.050907 0.073483 -1.050906
v -0.943973 -0.000000 -1.150234
v 1.050906 0.073483 -1.050907
v 1.150234 -0.000000 -0.943974
v 1.050908 0.073484 1.050907
v 0.943974 0.000000 1.150235
v -1.050907 0.073484 1.050908
v -1.150235 0.000000 0.943974
v -1.050907 -0.073484 -1.050906
v -0.939428 -0.146790 -1.144695
v 1.050907 -0.073484 -1.050907
v 1.144696 -0.146790 -0.939428
v 1.050907 -0.073483 1.050907
v 0.939428 -0.146790 1.144696
v -1.050907 -0.073483 1.050907
v -1.144697 -0.146790 0.939428
v -1.040786 -0.219742 -1.040785
v -0.925835 -0.292166 -1.128132
v 1.040786 -0.219742 -1.040787
v 1.128133 -0.292166 -0.925836
v 1.040787 -0.219742 1.040786
v 0.925836 -0.292165 1.128133
v -1.040787 -0.219742 1.040787
v -1.128134 -0.292165 0.925836
v -1.020642 -0.363885 -1.020641
v -0.903326 -0.434728 -1.100705
v 1.020642 -0.363885 -1.020642
v 1.100705 -0.434728 -0.903326
v 1.020642 -0.363885 1.020642
v 0.903326 -0.434728 1.100706
v -1.020642 -0.363885 1.020642
v -1.100707 -0.434728 0.903326
v -0.990669 -0.504524 -0.990668
v -0.872118 -0.573104 -1.062678
v 0.990668 -0.504524 -0.990669
v 1.062678 -0.573104 -0.872118
v 0.990669 -0.504523 0.990668
v 0.872118 -0.573104 1.062678
v -0.990669 -0.504523 0.990669
v -1.062679 -0.573104 0.872118
v -0.951155 -0.640303 -0.951154
v -0.832510 -0.705960 -1.014416
v 0.951154 -0.640303 -0.951154
v 1.014416 -0.705960 -0.832510
v 0.951155 -0.640303 0.951154
v 0.832510 -0.705960 1.014416
v -0.951155 -0.640303 0.951155
v -1.014417 -0.705960 0.832511
v -0.902480 -0.769916 -0.902479
v -0.784885 -0.832018 -0.956384
v 0.902480 -0.769916 -0.902480
v 0.956385 -0.832018 -0.784885
v 0.902480 -0.769916 0.902480
v 0.784886 -0.832017 0.956385
v -0.902480 -0.769916 0.902481
v -0.956386 -0.832017 0.784886
v -0.845114 -0.892114 -0.845113
v -0.729701 -0.950063 -0.889143
v 0.845114 -0.892114 -0.845114
v 0.889143 -0.950063 -0.729701
v 0.845115 -0.892114 0.845114
v 0.729701 -0.950063 0.889143
v -0.845115 -0.892114 0.845115
v -0.889144 -0.950063 0.729701
v -0.779610 -1.005721 -0.779609
v -0.667490 -1.058958 -0.813338
v 0.779609 -1.005721 -0.779610
v 0.813338 -1.058958 -0.667490
v 0.779610 -1.005721 0.779610
v 0.667490 -1.058958 0.813339
v -0.779610 -1.005721 0.779610
v -0.813339 -1.058958 0.667490
v -0.706597 -1.109643 -0.706597
v -0.598850 -1.157655 -0.729701
v 0.706597 -1.109643 -0.706597
v 0.729701 -1.157655 -0.598850
v 0.706598 -1.109643 0.706597
v 0.598851 -1.157655 0.729701
v -0.706598 -1.109643 0.706598
v -0.729702 -1.157655 0.598851
v -0.626779 -1.202877 -0.626779
v -0.524444 -1.245202 -0.639036
v 0.626779 -1.202877 -0.626779
v 0.639036 -1.245202 -0.524443
v 0.626780 -1.202877 0.626780
v 0.524444 -1.245202 0.639036
v -0.626780 -1.202877 0.626780
v -0.639037 -1.245202 0.524444
v -0.540926 -1.284527 -0.540925
v -0.444986 -1.320759 -0.542216
v 0.540926 -1.284527 -0.540926
v 0.542217 -1.320759 -0.444986
v 0.540926 -1.284527 0.540926
v 0.444986 -1.320759 0.542217
v -0.540926 -1.284527 0.540926
v -0.542217 -1.320759 0.444986
v -0.449862 -1.353807 -0.449862
v -0.361243 -1.383595 -0.440175
v 0.449862 -1.353807 -0.449863
v 0.440176 -1.383595 -0.361243
v 0.449863 -1.353807 0.449863
v 0.361243 -1.383595 0.440176
v -0.449863 -1.353807 0.449863
v -0.440176 -1.383595 0.361243
v -0.354467 -1.410049 -0.354466
v -0.274021 -1.433106 -0.333895
v 0.354467 -1.410049 -0.354467
v 0.333895 -1.433106 -0.274021
v 0.354467 -1.410049 0.354467
v 0.274021 -1.433106 0.333896
v -0.354467 -1.410049 0.354467
v -0.333895 -1.433106 0.274021
v -0.255657 -1.452711 -0.255657
v -0.184160 -1.468817 -0.224399
v 0.255657 -1.452711 -0.255657
v 0.224399 -1.468817 -0.184160
v 0.255657 -1.452711 0.255657
v 0.184160 -1.468817 0.224399
v -0.255657 -1.452711 0.255658
v -0.224399 -1.468817 0.184161
v -0.154481 -1.481379 -0.154481
v -0.093208 -1.490351 -0.113573
v 0.154481 -1.481379 -0.154481
v 0.113574 -1.490351 -0.093207
v 0.154481 -1.481379 0.154481
v 0.093208 -1.490351 0.113574
v -0.154481 -1.481379 0.154481
v -0.113574 -1.490351 0.093208
v -0.121375 1.481379 -0.181650
v -0.069259 1.490350 -0.129575
v -0.136844 1.468817 -0.256016
v 0.181650 1.481379 -0.121375
v 0.129575 1.490350 -0.069259
v 0.256016 1.468817 -0.136844
v 0.121375 1.481379 0.181650
v 0.069259 1.490350 0.129575
v 0.136844 1.468817 0.256016
v -0.181650 1.481379 0.121375
v -0.129575 1.490350 0.069259
v -0.256016 1.468817 0.136843
v -0.200869 1.452711 -0.300621
v -0.203616 1.433106 -0.380939
v 0.300621 1.452711 -0.200869
v 0.380939 1.433106 -0.203616
v 0.200869 1.452711 0.300621
v 0.203616 1.433106 0.380939
v -0.300621 1.452711 0.200869
v -0.380939 1.433106 0.203616
v -0.278503 1.410049 -0.416809
v -0.268428 1.383595 -0.502193
v 0.416809 1.410049 -0.278503
v 0.502193 1.383595 -0.268428
v 0.278503 1.410049 0.416809
v 0.268428 1.383595 0.502193
v -0.416809 1.410049 0.278503
v -0.502193 1.383595 0.268428
v -0.353455 1.353807 -0.528982
v -0.330655 1.320759 -0.618610
v 0.528982 1.353807 -0.353455
v 0.618611 1.320759 -0.330655
v 0.353455 1.353807 0.528982
v 0.330655 1.320759 0.618611
v -0.528983 1.353807 0.353455
v -0.618611 1.320759 0.330655
v -0.425003 1.284527 -0.636061
v -0.389697 1.245202 -0.729071
v 0.636061 1.284527 -0.425003
v 0.729071 1.245202 -0.389697
v 0.425003 1.284527 0.636061
v 0.389697 1.245202 0.729071
v -0.636062 1.284527 0.425003
v -0.729072 1.245202 0.389697
v -0.492458 1.202877 -0.737015
v -0.444986 1.157655 -0.832510
v 0.737015 1.202877 -0.492458
v 0.832510 1.157655 -0.444986
v 0.492458 1.202877 0.737015
v 0.444986 1.157655 0.832510
v -0.737015 1.202877 0.492458
v -0.832511 1.157655 0.444986
v -0.555170 1.109643 -0.830870
v -0.495990 1.058958 -0.927931
v 0.830870 1.109643 -0.555170
v 0.927931 1.058958 -0.495990
v 0.555170 1.109643 0.830870
v 0.495990 1.058958 0.927932
v -0.830871 1.109643 0.555170
v -0.927932 1.058958 0.495990
v -0.612536 1.005721 -0.916723
v -0.542217 0.950063 -1.014416
v 0.916724 1.005721 -0.612536
v 1.014416 0.950063 -0.542217
v 0.612536 1.005721 0.916724
v 0.542217 0.950063 1.014416
v -0.916725 1.005721 0.612536
v -1.014417 0.950063 0.542217
v -0.664002 0.892114 -0.993749
v -0.583223 0.832017 -1.091131
v 0.993749 0.892114 -0.664002
v 1.091132 0.832017 -0.583223
v 0.664002 0.892114 0.993749
v 0.583223 0.832018 1.091132
v -0.993750 0.892114 0.664002
v -1.091133 0.832018 0.583222
v -0.709074 0.769916 -1.061203
v -0.618611 0.705960 -1.157339
v 1.061204 0.769916 -0.709074
v 1.157339 0.705960 -0.618611
v 0.709075 0.769916 1.061204
v 0.618611 0.705960 1.157339
v -1.061205 0.769916 0.709075
v -1.157340 0.705960 0.618611
v -0.747318 0.640303 -1.118438
v -0.648042 0.573104 -1.212400
v 1.118439 0.640303 -0.747318
v 1.212400 0.573104 -0.648042
v 0.747318 0.640303 1.118439
v 0.648042 0.573104 1.212401
v -1.118440 0.640303 0.747318
v -1.212402 0.573104 0.648042
v -0.778364 0.504523 -1.164902
v -0.671232 0.434728 -1.255786
v 1.164902 0.504523 -0.778364
v 1.255786 0.434728 -0.671232
v 0.778364 0.504524 1.164903
v 0.671232 0.434728 1.255787
v -1.164904 0.504524 0.778364
v -1.255787 0.434728 0.671232
v -0.801913 0.363885 -1.200147
v -0.687958 0.292165 -1.287077
v 1.200148 0.363885 -0.801914
v 1.287077 0.292166 -0.687958
v 0.801914 0.363885 1.200148
v 0.687958 0.292166 1.287078
v -1.200149 0.363885 0.801914
v -1.287079 0.292166 0.687958
v -0.817740 0.219742 -1.223834
v -0.698058 0.146790 -1.305974
v 1.223834 0.219742 -0.817741
v 1.305974 0.146790 -0.698058
v 0.817741 0.219742 1.223835
v 0.698058 0.146790 1.305975
v -1.223836 0.219742 0.817741
v -1.305975 0.146790 0.698058
v -0.825692 0.073483 -1.235735
v -0.701436 -0.000000 -1.312293
v 1.235735 0.073483 -0.825692
v 1.312293 -0.000000 -0.701436
v 0.825693 0.073484 1.235736
v 0.701436 0.000000 1.312294
v -1.235736 0.073484 0.825693
v -1.312294 0.000000 0.701436
v -0.825692 -0.073484 -1.235735
v -0.698058 -0.146790 -1.305974
v 1.235735 -0.073484 -0.825692
v 1.305974 -0.146790 -0.698058
v 0.825693 -0.073483 1.235736
v 0.698058 -0.146790 1.305975
v -1.235736 -0.073483 0.825693
v -1.305975 -0.146790 0.698058
v -0.817740 -0.219742 -1.223834
v -0.687958 -0.292166 -1.287077
v 1.223835 -0.219742 -0.817741
v 1.287077 -0.292166 -0.687958
v 0.817741 -0.219742 1.223835
v 0.687958 -0.292165 1.287078
v -1.223836 -0.219742 0.817741
v -1.287079 -0.292165 0.687958
v -0.801913 -0.363885 -1.200147
v -0.671232 -0.434728 -1.255786
v 1.200147 -0.363885 -0.801914
v 1.255786 -0.434728 -0.671232
v 0.801914 -0.363885 1.200148
v 0.671232 -0.434728 1.255787
v -1.200149 -0.363885 0.801914
v -1.255787 -0.434728 0.671232
v -0.778364 -0.504524 -1.164902
v -0.648042 -0.573104 -1.212400
v 1.164902 -0.504524 -0.778364
v 1.212400 -0.573104 -0.648042
v 0.778364 -0.504523 1.164903
v 0.648042 -0.573104 1.212401
v -1.164904 -0.504523 0.778364
v -1.212402 -0.573104 0.648042
v -0.747318 -0.640303 -1.118438
v -0.618611 -0.705960 -1.157339
v 1.118439 -0.640303 -0.747318
v 1.157339 -0.705960 -0.618611
v 0.747318 -0.640303 1.118439
v 0.618611 -0.705960 1.157339
v -1.118440 -0.640303 0.747318
v -1.157340 -0.705960 0.618611
v -0.709074 -0.769916 -1.061204
v -0.583223 -0.832018 -1.091131
v 1.061204 -0.769916 -0.709074
v 1.091132 -0.832018 -0.583223
v 0.709075 -0.769916 1.061204
v 0.583223 -0.832017 1.091132
v -1.061205 -0.769916 0.709075
v -1.091133 -0.832017 0.583223
v -0.664002 -0.892114 -0.993749
v -0.542217 -0.950063 -1.014416
v 0.993749 -0.892114 -0.664002
v 1.014416 -0.950063 -0.542217
v 0.664002 -0.892114 0.993749
v 0.542217 -0.950063 1.014416
v -0.993750 -0.892114 0.664002
v -1.014417 -0.950063 0.542217
v -0.612536 -1.005721 -0.916723
v -0.495990 -1.058958 -0.927931
v 0.916724 -1.005721 -0.612535
v 0.927931 -1.058958 -0.495990
v 0.612536 -1.005721 0.916724
v 0.495990 -1.058958 0.927932
v -0.916725 -1.005721 0.612536
v -0.927932 -1.058958 0.495990
v -0.555170 -1.109643 -0.830870
v -0.444986 -1.157655 -0.832509
v 0.830870 -1.109643 -0.555170
v 0.832510 -1.157655 -0.444986
v 0.555170 -1.109643 0.830871
v 0.444986 -1.157655 0.832510
v -0.830871 -1.109643 0.555170
v -0.832511 -1.157655 0.444986
v -0.492458 -1.202877 -0.737014
v -0.389697 -1.245202 -0.729071
v 0.737015 -1.202877 -0.492457
v 0.729071 -1.245202 -0.389697
v 0.492458 -1.202877 0.737015
v 0.389697 -1.245202 0.729071
v -0.737015 -1.202877 0.492458
v -0.729072 -1.245202 0.389697
v -0.425003 -1.284527 -0.636061
v -0.330655 -1.320759 -0.618610
v 0.636061 -1.284527 -0.425003
v 0.618611 -1.320759 -0.330655
v 0.425003 -1.284527 0.636062
v 0.330655 -1.320759 0.618611
v -0.636062 -1.284527 0.425003
v -0.618611 -1.320759 0.330655
v -0.353455 -1.353807 -0.528982
v -0.268428 -1.383595 -0.502192
v 0.528982 -1.353807 -0.353455
v 0.502193 -1.383595 -0.268428
v 0.353455 -1.353807 0.528982
v 0.268428 -1.383595 0.502193
v -0.528983 -1.353807 0.353455
v -0.502193 -1.383595 0.268428
v -0.278503 -1.410049 -0.416809
v -0.203616 -1.433106 -0.380938
v 0.416809 -1.410049 -0.278503
v 0.380939 -1.433106 -0.203616
v 0.278503 -1.410049 0.416809
v 0.203616 -1.433106 0.380939
v -0.416809 -1.410049 0.278503
v -0.380939 -1.433106 0.203616
v -0.200869 -1.452711 -0.300621
v -0.136844 -1.468817 -0.256016
v 0.300621 -1.452711 -0.200869
v 0.256016 -1.468817 -0.136843
v 0.200869 -1.452711 0.300621
v 0.136844 -1.468817 0.256016
v -0.300621 -1.452711 0.200869
v -0.256016 -1.468817 0.136844
v -0.121375 -1.481379 -0.181650
v -0.069259 -1.490351 -0.129575
v 0.181650 -1.481379 -0.121375
v 0.129575 -1.490351 -0.069259
v 0.121375 -1.481379 0.181650
v 0.069259 -1.490351 0.129575
v -0.181650 -1.481379 0.121375
v -0.129575 -1.490351 0.069259
v -0.083605 1.481379 -0.201839
v -0.042650 1.490351 -0.140598
v -0.084268 1.468817 -0.277793
v 0.201839 1.481379 -0.083605
v 0.140597 1.490351 -0.042650
v 0.277793 1.468817 -0.084268
v 0.083605 1.481379 0.201839
v 0.042650 1.490351 0.140597
v 0.084268 1.468817 0.277793
v -0.201839 1.481379 0.083604
v -0.140598 1.490350 0.042649
v -0.277794 1.468817 0.084268
v -0.138361 1.452711 -0.334033
v -0.125386 1.433106 -0.413343
v 0.334033 1.452711 -0.138361
v 0.413343 1.433106 -0.125387
v 0.138361 1.452711 0.334033
v 0.125386 1.433106 0.413342
v -0.334033 1.452711 0.138361
v -0.413343 1.433106 0.125386
v -0.191836 1.410049 -0.463133
v -0.165297 1.383595 -0.544911
v 0.463133 1.410049 -0.191836
v 0.544911 1.383595 -0.165297
v 0.191836 1.410049 0.463133
v 0.165297 1.383595 0.544911
v -0.463133 1.410049 0.191836
v -0.544911 1.383595 0.165297
v -0.243464 1.353807 -0.587773
v -0.203616 1.320759 -0.671232
v 0.587774 1.353807 -0.243464
v 0.671232 1.320759 -0.203617
v 0.243464 1.353807 0.587774
v 0.203616 1.320759 0.671232
v -0.587774 1.353807 0.243464
v -0.671233 1.320759 0.203616
v -0.292747 1.284527 -0.706753
v -0.239974 1.245202 -0.791088
v 0.706753 1.284527 -0.292747
v 0.791088 1.245202 -0.239974
v 0.292747 1.284527 0.706754
v 0.239974 1.245202 0.791088
v -0.706754 1.284527 0.292747
v -0.791089 1.245202 0.239974
v -0.339211 1.202877 -0.818926
v -0.274021 1.157655 -0.903325
v 0.818927 1.202877 -0.339211
v 0.903326 1.157655 -0.274021
v 0.339211 1.202877 0.818927
v 0.274021 1.157655 0.903326
v -0.818927 1.202877 0.339211
v -0.903326 1.157655 0.274021
v -0.382408 1.109643 -0.923213
v -0.305429 1.058958 -1.006864
v 0.923213 1.109643 -0.382408
v 1.006864 1.058958 -0.305429
v 0.382408 1.109643 0.923214
v 0.305429 1.058958 1.006865
v -0.923214 1.109643 0.382408
v -1.006865 1.058958 0.305429
v -0.421922 1.005721 -1.018609
v -0.333896 0.950063 -1.100706
v 1.018609 1.005721 -0.421922
v 1.100706 0.950063 -0.333896
v 0.421922 1.005721 1.018609
v 0.333896 0.950063 1.100706
v -1.018610 1.005721 0.421922
v -1.100707 0.950063 0.333895
v -0.457373 0.892114 -1.104195
v -0.359147 0.832017 -1.183947
v 1.104195 0.892114 -0.457373
v 1.183947 0.832018 -0.359147
v 0.457373 0.892114 1.104195
v 0.359147 0.832018 1.183947
v -1.104196 0.892114 0.457373
v -1.183948 0.832018 0.359147
v -0.488419 0.769916 -1.179146
v -0.380939 0.705960 -1.255786
v 1.179147 0.769916 -0.488419
v 1.255786 0.705960 -0.380939
v 0.488419 0.769916 1.179147
v 0.380939 0.705960 1.255787
v -1.179148 0.769916 0.488419
v -1.255787 0.705960 0.380939
v -0.514761 0.640303 -1.242743
v -0.399063 0.573104 -1.315531
v 1.242743 0.640303 -0.514761
v 1.315531 0.573104 -0.399063
v 0.514761 0.640303 1.242743
v 0.399063 0.573104 1.315532
v -1.242744 0.640303 0.514761
v -1.315532 0.573104 0.399062
v -0.536146 0.504523 -1.294370
v -0.413343 0.434728 -1.362607
v 1.294370 0.504523 -0.536146
v 1.362607 0.434728 -0.413343
v 0.536146 0.504524 1.294371
v 0.413343 0.434728 1.362608
v -1.294371 0.504524 0.536146
v -1.362609 0.434728 0.413343
v -0.552368 0.363885 -1.333532
v -0.423643 0.292165 -1.396561
v 1.333533 0.363885 -0.552368
v 1.396561 0.292166 -0.423643
v 0.552368 0.363885 1.333534
v 0.423642 0.292166 1.396562
v -1.333534 0.363885 0.552368
v -1.396562 0.292166 0.423642
v -0.563270 0.219742 -1.359852
v -0.429862 0.146790 -1.417064
v 1.359852 0.219742 -0.563270
v 1.417064 0.146790 -0.429862
v 0.563270 0.219742 1.359853
v 0.429862 0.146790 1.417065
v -1.359854 0.219742 0.563270
v -1.417066 0.146790 0.429862
v -0.568747 0.073483 -1.373075
v -0.431942 -0.000000 -1.423921
v 1.373076 0.073483 -0.568747
v 1.423921 -0.000000 -0.431942
v 0.568747 0.073484 1.373077
v 0.431942 0.000000 1.423922
v -1.373077 0.073484 0.568747
v -1.423922 0.000000 0.431942
v -0.568747 -0.073484 -1.373075
v -0.429862 -0.146790 -1.417064
v 1.373076 -0.073484 -0.568747
v 1.417064 -0.146790 -0.429862
v 0.568747 -0.073483 1.373077
v 0.429862 -0.146790 1.417065
v -1.373077 -0.073483 0.568747
v -1.417066 -0.146790 0.429862
v -0.563270 -0.219742 -1.359852
v -0.423643 -0.292166 -1.396561
v 1.359852 -0.219742 -0.563270
v 1.396561 -0.292166 -0.423642
v 0.563270 -0.219742 1.359853
v 0.423643 -0.292165 1.396562
v -1.359853 -0.219742 0.563270
v -1.396562 -0.292165 0.423642
v -0.552368 -0.363885 -1.333532
v -0.413343 -0.434728 -1.362607
v 1.333533 -0.363885 -0.552368
v 1.362607 -0.434728 -0.413343
v 0.552368 -0.363885 1.333534
v 0.413343 -0.434728 1.362608
v -1.333534 -0.363885 0.552368
v -1.362608 -0.434728 0.413343
v -0.536146 -0.504524 -1.294370
v -0.399063 -0.573104 -1.315531
v 1.294370 -0.504524 -0.536146
v 1.315531 -0.573104 -0.399062
v 0.536146 -0.504523 1.294371
v 0.399063 -0.573104 1.315532
v -1.294371 -0.504523 0.536146
v -1.315532 -0.573104 0.399062
v -0.514761 -0.640303 -1.242743
v -0.380939 -0.705960 -1.255786
v 1.242743 -0.640303 -0.514761
v 1.255786 -0.705960 -0.380939
v 0.514761 -0.640303 1.242743
v 0.380939 -0.705960 1.255787
v -1.242744 -0.640303 0.514761
v -1.255787 -0.705960 0.380939
v -0.488419 -0.769916 -1.179146
v -0.359147 -0.832018 -1.183946
v 1.179147 -0.769916 -0.488419
v 1.183947 -0.832018 -0.359147
v 0.488419 -0.769916 1.179147
v 0.359147 -0.832017 1.183948
v -1.179148 -0.769916 0.488419
v -1.183948 -0.832018 0.359147
v -0.457373 -0.892114 -1.104194
v -0.333896 -0.950063 -1.100706
v 1.104195 -0.892114 -0.457373
v 1.100706 -0.950063 -0.333896
v 0.457373 -0.892114 1.104195
v 0.333896 -0.950063 1.100706
v -1.104196 -0.892114 0.457373
v -1.100707 -0.950063 0.333896
v -0.421922 -1.005721 -1.018609
v -0.305429 -1.058958 -1.006864
v 1.018609 -1.005721 -0.421922
v 1.006864 -1.058958 -0.305429
v 0.421922 -1.005721 1.018610
v 0.305429 -1.058958 1.006865
v -1.018610 -1.005721 0.421922
v -1.006865 -1.058958 0.305429
v -0.382408 -1.109643 -0.923213
v -0.274021 -1.157655 -0.903325
v 0.923213 -1.109643 -0.382408
v 0.903326 -1.157655 -0.274021
v 0.382408 -1.109643 0.923214
v 0.274021 -1.157655 0.903326
v -0.923214 -1.109643 0.382408
v -0.903327 -1.157655 0.274021
v -0.339211 -1.202877 -0.818926
v -0.239974 -1.245203 -0.791088
v 0.818927 -1.202877 -0.339211
v 0.791088 -1.245202 -0.239974
v 0.339211 -1.202877 0.818927
v 0.239974 -1.245202 0.791089
v -0.818927 -1.202877 0.339211
v -0.791089 -1.245202 0.239974
v -0.292747 -1.284527 -0.706753
v -0.203616 -1.320759 -0.671232
v 0.706753 -1.284527 -0.292747
v 0.671232 -1.320759 -0.203616
v 0.292747 -1.284527 0.706754
v 0.203616 -1.320759 0.671232
v -0.706754 -1.284527 0.292747
v -0.671233 -1.320759 0.203616
v -0.243464 -1.353807 -0.587773
v -0.165297 -1.383595 -0.544911
v 0.587774 -1.353807 -0.243464
v 0.544911 -1.383595 -0.165297
v 0.243464 -1.353807 0.587774
v 0.165297 -1.383595 0.544911
v -0.587774 -1.353807 0.243464
v -0.544911 -1.383595 0.165297
v -0.191836 -1.410049 -0.463133
v -0.125386 -1.433106 -0.413342
v 0.463133 -1.410049 -0.191836
v 0.413343 -1.433106 -0.125386
v 0.191836 -1.410049 0.463133
v 0.125386 -1.433106 0.413343
v -0.463133 -1.410049 0.191836
v -0.413343 -1.433106 0.125387
v -0.138361 -1.452711 -0.334033
v -0.084268 -1.468817 -0.277793
v 0.334033 -1.452711 -0.138361
v 0.277793 -1.468817 -0.084268
v 0.138361 -1.452711 0.334033
v 0.084268 -1.468817 0.277793
v -0.334033 -1.452711 0.138361
v -0.277794 -1.468817 0.084268
v -0.083605 -1.481379 -0.201839
v -0.042650 -1.490351 -0.140597
v 0.201839 -1.481379 -0.083604
v 0.140597 -1.490351 -0.042649
v 0.083605 -1.481379 0.201839
v 0.042650 -1.490351 0.140598
v -0.201839 -1.481379 0.083605
v -0.140598 -1.490351 0.042650
v -0.042621 1.481379 -0.214272
v -0.014401 1.490351 -0.146217
v -0.028454 1.468817 -0.288895
v 0.214271 1.481379 -0.042621
v 0.146217 1.490351 -0.014401
v 0.288895 1.468817 -0.028454
v 0.042621 1.481379 0.214271
v 0.014401 1.490351 0.146216
v 0.028454 1.468817 0.288895
v -0.214272 1.481379 0.042621
v -0.146217 1.490351 0.014401
v -0.288896 1.468817 0.028454
v -0.070536 1.452711 -0.354607
v -0.042338 1.433106 -0.429862
v 0.354607 1.452711 -0.070536
v 0.429862 1.433106 -0.042338
v 0.070536 1.452711 0.354607
v 0.042338 1.433106 0.429862
v -0.354607 1.452711 0.070536
v -0.429862 1.433106 0.042338
v -0.097798 1.410049 -0.491660
v -0.055814 1.383595 -0.566689
v 0.491660 1.410049 -0.097798
v 0.566689 1.383595 -0.055814
v 0.097797 1.410049 0.491660
v 0.055814 1.383595 0.566689
v -0.491660 1.410049 0.097797
v -0.566689 1.383595 0.055814
v -0.124117 1.353807 -0.623977
v -0.068753 1.320759 -0.698058
v 0.623977 1.353807 -0.124117
v 0.698058 1.320759 -0.068753
v 0.124117 1.353807 0.623977
v 0.068753 1.320759 0.698058
v -0.623978 1.353807 0.124117
v -0.698058 1.320759 0.068753
v -0.149242 1.284527 -0.750286
v -0.081030 1.245202 -0.822704
v 0.750285 1.284527 -0.149242
v 0.822704 1.245202 -0.081030
v 0.149241 1.284527 0.750285
v 0.081029 1.245202 0.822704
v -0.750286 1.284527 0.149241
v -0.822705 1.245202 0.081029
v -0.172928 1.202877 -0.869368
v -0.092526 1.157655 -0.939427
v 0.869368 1.202877 -0.172928
v 0.939428 1.157655 -0.092526
v 0.172928 1.202877 0.869368
v 0.092526 1.157655 0.939428
v -0.869369 1.202877 0.172928
v -0.939428 1.157655 0.092526
v -0.194950 1.109643 -0.980078
v -0.103131 1.058958 -1.047104
v 0.980078 1.109643 -0.194950
v 1.047104 1.058958 -0.103131
v 0.194950 1.109643 0.980079
v 0.103131 1.058958 1.047104
v -0.980079 1.109643 0.194950
v -1.047105 1.058958 0.103131
v -0.215094 1.005721 -1.081350
v -0.112744 0.950063 -1.144696
v 1.081350 1.005721 -0.215094
v 1.144696 0.950063 -0.112743
v 0.215094 1.005721 1.081350
v 0.112743 0.950063 1.144696
v -1.081351 1.005721 0.215094
v -1.144697 0.950063 0.112743
v -0.233167 0.892114 -1.172207
v -0.121270 0.832017 -1.231264
v 1.172207 0.892114 -0.233167
v 1.231264 0.832018 -0.121269
v 0.233167 0.892114 1.172207
v 0.121269 0.832018 1.231264
v -1.172208 0.892114 0.233167
v -1.231265 0.832018 0.121269
v -0.248994 0.769916 -1.251775
v -0.128628 0.705960 -1.305974
v 1.251776 0.769916 -0.248994
v 1.305974 0.705960 -0.128628
v 0.248994 0.769916 1.251776
v 0.128628 0.705960 1.305975
v -1.251777 0.769916 0.248994
v -1.305975 0.705960 0.128627
v -0.262423 0.640303 -1.319289
v -0.134747 0.573104 -1.368107
v 1.319289 0.640303 -0.262423
v 1.368107 0.573104 -0.134747
v 0.262423 0.640303 1.319290
v 0.134747 0.573104 1.368108
v -1.319290 0.640303 0.262423
v -1.368108 0.573104 0.134747
v -0.273325 0.504523 -1.374096
v -0.139569 0.434728 -1.417064
v 1.374096 0.504524 -0.273325
v 1.417065 0.434728 -0.139569
v 0.273325 0.504524 1.374097
v 0.139569 0.434728 1.417065
v -1.374098 0.504524 0.273325
v -1.417065 0.434728 0.139569
v -0.281595 0.363885 -1.415671
v -0.143047 0.292165 -1.452375
v 1.415671 0.363885 -0.281595
v 1.452375 0.292166 -0.143047
v 0.281595 0.363885 1.415672
v 0.143047 0.292166 1.452376
v -1.415672 0.363885 0.281595
v -1.452376 0.292166 0.143047
v -0.287153 0.219742 -1.443611
v -0.145147 0.146790 -1.473698
v 1.443612 0.219742 -0.287153
v 1.473698 0.146790 -0.145147
v 0.287153 0.219742 1.443612
v 0.145147 0.146790 1.473699
v -1.443613 0.219742 0.287152
v -1.473699 0.146790 0.145147
v -0.289945 0.073483 -1.457649
v -0.145850 -0.000000 -1.480828
v 1.457650 0.073483 -0.289945
v 1.480829 -0.000000 -0.145849
v 0.289945 0.073484 1.457650
v 0.145849 0.000000 1.480829
v -1.457651 0.073484 0.289945
v -1.480830 0.000000 0.145849
v -0.289945 -0.073484 -1.457649
v -0.145147 -0.146790 -1.473698
v 1.457650 -0.073484 -0.289945
v 1.473698 -0.146790 -0.145147
v 0.289945 -0.073483 1.457650
v 0.145147 -0.146790 1.473699
v -1.457651 -0.073483 0.289945
v -1.473699 -0.146790 0.145147
v -0.287153 -0.219742 -1.443612
v -0.143047 -0.292166 -1.452375
v 1.443612 -0.219742 -0.287153
v 1.452375 -0.292166 -0.143047
v 0.287153 -0.219742 1.443612
v 0.143047 -0.292165 1.452376
v -1.443613 -0.219742 0.287152
v -1.452376 -0.292166 0.143047
v -0.281595 -0.363885 -1.415671
v -0.139569 -0.434728 -1.417064
v 1.415671 -0.363885 -0.281595
v 1.417065 -0.434728 -0.139569
v 0.281595 -0.363885 1.415672
v 0.139569 -0.434728 1.417065
v -1.415672 -0.363885 0.281595
v -1.417066 -0.434728 0.139569
v -0.273325 -0.504524 -1.374096
v -0.134747 -0.573104 -1.368107
v 1.374096 -0.504523 -0.273325
v 1.368107 -0.573104 -0.134747
v 0.273325 -0.504523 1.374097
v 0.134747 -0.573104 1.368108
v -1.374097 -0.504523 0.273325
v -1.368108 -0.573104 0.134747
v -0.262423 -0.640303 -1.319289
v -0.128628 -0.705960 -1.305974
v 1.319289 -0.640303 -0.262423
v 1.305974 -0.705960 -0.128628
v 0.262423 -0.640303 1.319290
v 0.128628 -0.705960 1.305975
v -1.319290 -0.640303 0.262423
v -1.305975 -0.705960 0.128627
v -0.248994 -0.769916 -1.251775
v -0.121270 -0.832018 -1.231263
v 1.251776 -0.769916 -0.248994
v 1.231264 -0.832018 -0.121269
v 0.248994 -0.769916 1.251776
v 0.121269 -0.832017 1.231264
v -1.251777 -0.769916 0.248994
v -1.231265 -0.832018 0.121269
v -0.233167 -0.892114 -1.172207
v -0.112744 -0.950063 -1.144696
v 1.172207 -0.892114 -0.233167
v 1.144696 -0.950063 -0.112743
v 0.233167 -0.892114 1.172207
v 0.112743 -0.950063 1.144696
v -1.172208 -0.892114 0.233167
v -1.144697 -0.950063 0.112743
v -0.215094 -1.005721 -1.081349
v -0.103131 -1.058958 -1.047104
v 1.081349 -1.005721 -0.215094
v 1.047104 -1.058958 -0.103131
v 0.215094 -1.005721 1.081350
v 0.103131 -1.058958 1.047104
v -1.081351 -1.005721 0.215094
v -1.047105 -1.058958 0.103131
v -0.194950 -1.109643 -0.980078
v -0.092526 -1.157655 -0.939427
v 0.980078 -1.109643 -0.194950
v 0.939428 -1.157655 -0.092526
v 0.194950 -1.109643 0.980079
v 0.092526 -1.157655 0.939428
v -0.980079 -1.109643 0.194950
v -0.939428 -1.157655 0.092526
v -0.172928 -1.202877 -0.869368
v -0.081030 -1.245203 -0.822704
v 0.869368 -1.202877 -0.172928
v 0.822704 -1.245202 -0.081029
v 0.172928 -1.202877 0.869368
v 0.081029 -1.245202 0.822705
v -0.869369 -1.202877 0.172928
v -0.822705 -1.245202 0.081030
v -0.149242 -1.284527 -0.750285
v -0.068753 -1.320759 -0.698058
v 0.750285 -1.284527 -0.149241
v 0.698058 -1.320759 -0.068753
v 0.149241 -1.284527 0.750286
v 0.068753 -1.320759 0.698058
v -0.750286 -1.284527 0.149241
v -0.698058 -1.320759 0.068753
v -0.124117 -1.353807 -0.623977
v -0.055814 -1.383595 -0.566689
v 0.623977 -1.353807 -0.124117
v 0.566689 -1.383595 -0.055814
v 0.124117 -1.353807 0.623977
v 0.055814 -1.383595 0.566689
v -0.623978 -1.353807 0.124117
v -0.566689 -1.383595 0.055814
v -0.097797 -1.410049 -0.491659
v -0.042338 -1.433106 -0.429862
v 0.491660 -1.410049 -0.097797
v 0.429862 -1.433106 -0.042338
v 0.097797 -1.410049 0.491660
v 0.042338 -1.433106 0.429862
v -0.491660 -1.410049 0.097798
v -0.429862 -1.433106 0.042338
v -0.070536 -1.452711 -0.354607
v -0.028454 -1.468817 -0.288895
v 0.354607 -1.452711 -0.070536
v 0.288895 -1.468817 -0.028454
v 0.070536 -1.452711 0.354607
v 0.028454 -1.468817 0.288895
v -0.354607 -1.452711 0.070536
v -0.288896 -1.468817 0.028454
v -0.042621 -1.481379 -0.214271
v -0.014401 -1.490351 -0.146216
v 0.214271 -1.481379 -0.042621
v 0.146217 -1.490351 -0.014401
v 0.042621 -1.481379 0.214272
v 0.014401 -1.490351 0.146217
v -0.214272 -1.481379 0.042621
v -0.146217 -1.490351 0.014401
v 0.000000 1.481379 -0.218469
v 0.014401 1.490351 -0.146217
v 0.028454 1.468817 -0.288895
v 0.218469 1.481379 -0.000000
v 0.146217 1.490351 0.014401
v 0.288895 1.468817 0.028453
v 0.000000 1.481379 0.218469
v -0.014401 1.490351 0.146216
v -0.028454 1.468817 0.288895
v -0.218470 1.481379 -0.000000
v 0.000000 1.452711 -0.361554
v 0.042337 1.433106 -0.429862
v 0.361554 1.452711 -0.000000
v 0.429862 1.433106 0.042337
v 0.000000 1.452711 0.361554
v -0.042338 1.433106 0.429862
v -0.361555 1.452711 -0.000000
v 0.000000 1.410049 -0.501292
v 0.055814 1.383595 -0.566689
v 0.501292 1.410049 -0.000000
v 0.566689 1.383595 0.055814
v 0.000000 1.410049 0.501292
v -0.055814 1.383595 0.566689
v -0.501292 1.410049 -0.000000
v 0.000000 1.353807 -0.636202
v 0.068752 1.320759 -0.698058
v 0.636202 1.353807 -0.000000
v 0.698058 1.320759 0.068752
v 0.000000 1.353807 0.636202
v -0.068753 1.320759 0.698058
v -0.636202 1.353807 -0.000000
v 0.000000 1.284527 -0.764984
v 0.081029 1.245202 -0.822704
v 0.764985 1.284527 -0.000000
v 0.822704 1.245202 0.081029
v 0.000000 1.284527 0.764985
v -0.081029 1.245202 0.822705
v -0.764985 1.284527 -0.000000
v 0.000000 1.202877 -0.886400
v 0.092525 1.157655 -0.939428
v 0.886400 1.202877 -0.000000
v 0.939428 1.157655 0.092525
v 0.000000 1.202877 0.886400
v -0.092526 1.157655 0.939428
v -0.886400 1.202877 -0.000000
v 0.000000 1.109643 -0.999279
v 0.103130 1.058958 -1.047104
v 0.999279 1.109643 -0.000000
v 1.047104 1.058958 0.103131
v 0.000000 1.109643 0.999280
v -0.103131 1.058958 1.047104
v -0.999280 1.109643 -0.000000
v -0.000001 1.005721 -1.102535
v 0.112742 0.950063 -1.144696
v 1.102535 1.005721 -0.000000
v 1.144696 0.950063 0.112743
v 0.000000 1.005721 1.102535
v -0.112743 0.950063 1.144696
v -1.102535 1.005721 -0.000000
v -0.000001 0.892114 -1.195172
v 0.121268 0.832017 -1.231264
v 1.195172 0.892114 -0.000000
v 1.231264 0.832018 0.121269
v 0.000000 0.892115 1.195172
v -0.121269 0.832018 1.231264
v -1.195173 0.892114 -0.000000
v -0.000001 0.769916 -1.276299
v 0.128627 0.705960 -1.305974
v 1.276299 0.769916 -0.000000
v 1.305974 0.705960 0.128627
v 0.000000 0.769916 1.276300
v -0.128627 0.705960 1.305975
v -1.276300 0.769916 -0.000000
v -0.000001 0.640303 -1.345135
v 0.134746 0.573104 -1.368107
v 1.345135 0.640303 -0.000000
v 1.368107 0.573104 0.134746
v 0.000000 0.640303 1.345136
v -0.134747 0.573104 1.368108
v -1.345136 0.640303 -0.000000
v -0.000001 0.504523 -1.401016
v 0.139568 0.434728 -1.417064
v 1.401017 0.504524 -0.000000
v 1.417065 0.434728 0.139568
v 0.000000 0.504524 1.401017
v -0.139569 0.434728 1.417065
v -1.401017 0.504524 -0.000000
v -0.000001 0.363885 -1.443405
v 0.143046 0.292165 -1.452375
v 1.443406 0.363885 -0.000000
v 1.452375 0.292166 0.143046
v 0.000000 0.363885 1.443406
v -0.143046 0.292166 1.452376
v -1.443406 0.363885 -0.000000
v -0.000001 0.219742 -1.471894
v 0.145146 0.146790 -1.473698
v 1.471894 0.219742 -0.000000
v 1.473698 0.146790 0.145146
v 0.000000 0.219742 1.471895
v -0.145146 0.146790 1.473699
v -1.471895 0.219742 -0.000000
v -0.000001 0.073483 -1.486207
v 0.145848 -0.000000 -1.480829
v 1.486207 0.073483 -0.000000
v 1.480829 0.000000 0.145849
v 0.000000 0.073484 1.486208
v -0.145849 0.000000 1.480830
v -1.486208 0.073483 -0.000000
v -0.000001 -0.073484 -1.486207
v 0.145146 -0.146790 -1.473698
v 1.486207 -0.073483 0.000000
v 1.473698 -0.146790 0.145146
v 0.000000 -0.073483 1.486208
v -0.145146 -0.146790 1.473699
v -1.486208 -0.073483 0.000000
v -0.000001 -0.219742 -1.471894
v 0.143046 -0.292166 -1.452375
v 1.471894 -0.219742 0.000000
v 1.452375 -0.292166 0.143046
v 0.000000 -0.219742 1.471895
v -0.143046 -0.292165 1.452376
v -1.471895 -0.219742 0.000000
v -0.000001 -0.363885 -1.443406
v 0.139568 -0.434728 -1.417064
v 1.443406 -0.363885 0.000000
v 1.417065 -0.434728 0.139568
v 0.000000 -0.363885 1.443406
v -0.139569 -0.434728 1.417065
v -1.443406 -0.363885 0.000000
v -0.000001 -0.504524 -1.401016
v 0.134746 -0.573104 -1.368107
v 1.401017 -0.504523 0.000000
v 1.368107 -0.573104 0.134747
v 0.000000 -0.504523 1.401017
v -0.134747 -0.573104 1.368108
v -1.401017 -0.504523 0.000000
v -0.000001 -0.640303 -1.345135
v 0.128627 -0.705960 -1.305974
v 1.345135 -0.640303 0.000000
v 1.305974 -0.705960 0.128627
v 0.000000 -0.640303 1.345136
v -0.128627 -0.705960 1.305974
v -1.345136 -0.640303 0.000000
v -0.000001 -0.769916 -1.276299
v 0.121268 -0.832018 -1.231264
v 1.276299 -0.769916 0.000000
v 1.231264 -0.832018 0.121269
v 0.000000 -0.769916 1.276300
v -0.121269 -0.832017 1.231264
v -1.276300 -0.769916 0.000000
v -0.000001 -0.892115 -1.195172
v 0.112742 -0.950063 -1.144696
v 1.195172 -0.892114 0.000000
v 1.144696 -0.950063 0.112743
v 0.000000 -0.892114 1.195173
v -0.112743 -0.950063 1.144697
v -1.195173 -0.892114 0.000000
v -0.000001 -1.005721 -1.102534
v 0.103130 -1.058958 -1.047104
v 1.102535 -1.005721 0.000000
v 1.047104 -1.058958 0.103131
v 0.000000 -1.005721 1.102535
v -0.103131 -1.058958 1.047105
v -1.102535 -1.005721 0.000000
v 0.000000 -1.109643 -0.999279
v 0.092525 -1.157655 -0.939428
v 0.999279 -1.109643 0.000000
v 0.939428 -1.157655 0.092526
v 0.000000 -1.109643 0.999280
v -0.092526 -1.157655 0.939428
v -0.999280 -1.109643 0.000000
v 0.000000 -1.202877 -0.886400
v 0.081029 -1.245203 -0.822704
v 0.886400 -1.202877 0.000000
v 0.822704 -1.245202 0.081029
v 0.000000 -1.202877 0.886401
v -0.081029 -1.245202 0.822705
v -0.886400 -1.202877 0.000000
v 0.000000 -1.284527 -0.764984
v 0.068752 -1.320759 -0.698058
v 0.764985 -1.284527 0.000000
v 0.698058 -1.320759 0.068753
v 0.000000 -1.284527 0.764985
v -0.068753 -1.320759 0.698058
v -0.764985 -1.284527 0.000000
v 0.000000 -1.353807 -0.636201
v 0.055814 -1.383595 -0.566689
v 0.636202 -1.353807 0.000000
v 0.566689 -1.383595 0.055814
v 0.000000 -1.353807 0.636202
v -0.055814 -1.383595 0.566689
v -0.636202 -1.353807 0.000000
v 0.000000 -1.410049 -0.501292
v 0.042337 -1.433106 -0.429862
v 0.501292 -1.410049 0.000000
v 0.429862 -1.433106 0.042338
v 0.000000 -1.410049 0.501292
v -0.042338 -1.433106 0.429862
v -0.501292 -1.410048 0.000000
v 0.000000 -1.452711 -0.361554
v 0.028454 -1.468817 -0.288895
v 0.361554 -1.452711 0.000000
v 0.288895 -1.468817 0.028454
v 0.000000 -1.452711 0.361554
v -0.028454 -1.468817 0.288896
v -0.361555 -1.452711 0.000000
v 0.000000 -1.481379 -0.218469
v 0.014401 -1.490351 -0.146216
v 0.218469 -1.481379 0.000000
v 0.146217 -1.490351 0.014401
v 0.000000 -1.481379 0.218469
v -0.014401 -1.490351 0.146217
v -0.218470 -1.481379 0.000000
v -0.007350 1.499764 -0.001462
v 0.001462 1.499764 -0.007350
v 0.007350 1.499764 0.001462
v -0.001462 1.499764 0.007350
v -0.006923 1.499764 -0.002868
v 0.002868 1.499764 -0.006923
v 0.006923 1.499764 0.002868
v -0.002868 1.499764 0.006923
v -0.006231 1.499764 -0.004163
v 0.004163 1.499764 -0.006231
v 0.006231 1.499764 0.004163
v -0.004163 1.499764 0.006231
v -0.005299 1.499764 -0.005299
v 0.005299 1.499764 -0.005299
v 0.005299 1.499764 0.005299
v -0.005299 1.499764 0.005299
v -0.004163 1.499764 -0.006231
v 0.006231 1.499764 -0.004163
v 0.004163 1.499764 0.006231
v -0.006231 1.499764 0.004163
v -0.002868 1.499764 -0.006923
v 0.006923 1.499764 -0.002868
v 0.002868 1.499764 0.006923
v -0.006923 1.499764 0.002868
v -0.001462 1.499764 -0.007350
v 0.007350 1.499764 -0.001462
v 0.001462 1.499764 0.007350
v -0.007350 1.499764 0.001462
v 0.000000 1.499764 -0.007494
v 0.007494 1.499764 -0.000000
v 0.000000 1.499764 0.007494
v -0.007494 1.499764 -0.000000
v -0.007350 -1.499764 -0.001462
v 0.000000 -1.499999 0.000000
v 0.001462 -1.499764 -0.007350
v 0.007350 -1.499764 0.001462
v -0.001462 -1.499764 0.007350
v -0.006923 -1.499764 -0.002868
v 0.002868 -1.499764 -0.006923
v 0.006923 -1.499764 0.002868
v -0.002868 -1.499764 0.006923
v -0.006231 -1.499764 -0.004163
v 0.004163 -1.499764 -0.006231
v 0.006231 -1.499764 0.004163
v -0.004163 -1.499764 0.006231
v -0.005299 -1.499764 -0.005299
v 0.005299 -1.499764 -0.005299
v 0.005299 -1.499764 0.005299
v -0.005299 -1.499764 0.005299
v -0.004163 -1.499764 -0.006231
v 0.006231 -1.499764 -0.004163
v 0.004163 -1.499764 0.006231
v -0.006231 -1.499764 0.004163
v -0.002868 -1.499764 -0.006923
v 0.006923 -1.499764 -0.002868
v 0.002868 -1.499764 0.006923
v -0.006923 -1.499764 0.002868
v -0.001462 -1.499764 -0.007350
v 0.007350 -1.499764 -0.001462
v 0.001462 -1.499764 0.007350
v -0.007350 -1.499764 0.001462
v 0.000000 -1.499764 -0.007494
v 0.007494 -1.499764 0.000000
v 0.000000 -1.499764 0.007494
v -0.007494 -1.499764 0.000000
v -0.077684 -1.495851 -0.015452
v 0.015452 -1.495851 -0.077684
v 0.077684 -1.495851 0.015452
v -0.015452 -1.495851 0.077685
v -0.073177 -1.495851 -0.030311
v 0.030311 -1.495851 -0.073177
v 0.073177 -1.495851 0.030311
v -0.030311 -1.495851 0.073177
v -0.065857 -1.495851 -0.044004
v 0.044005 -1.495851 -0.065857
v 0.065857 -1.495851 0.044005
v -0.044005 -1.495851 0.065858
v -0.056007 -1.495851 -0.056007
v 0.056007 -1.495851 -0.056007
v 0.056007 -1.495851 0.056007
v -0.056007 -1.495851 0.056007
v -0.044005 -1.495851 -0.065857
v 0.065857 -1.495851 -0.044004
v 0.044005 -1.495851 0.065858
v -0.065857 -1.495851 0.044005
v -0.030311 -1.495851 -0.073177
v 0.073177 -1.495851 -0.030311
v 0.030311 -1.495851 0.073177
v -0.073177 -1.495851 0.030311
v -0.015452 -1.495851 -0.077684
v 0.077684 -1.495851 -0.015452
v 0.015452 -1.495851 0.077685
v -0.077684 -1.495851 0.015452
v 0.000000 -1.495851 -0.079206
v 0.079206 -1.495851 0.000000
v 0.000000 -1.495851 0.079206
v -0.079206 -1.495851 0.000000
v -0.028985 -1.498674 -0.002855
v -0.027871 -1.498674 -0.008454
v -0.025686 -1.498674 -0.013729
v -0.022514 -1.498674 -0.018477
v -0.018477 -1.498674 -0.022514
v -0.013729 -1.498674 -0.025686
v -0.008454 -1.498674 -0.027871
v -0.002855 -1.498674 -0.028985
v 0.002855 -1.498674 -0.028985
v 0.008454 -1.498674 -0.027871
v 0.013729 -1.498674 -0.025686
v 0.018477 -1.498674 -0.022514
v 0.022514 -1.498674 -0.018477
v 0.025686 -1.498674 -0.013729
v 0.027871 -1.498674 -0.008454
v 0.028985 -1.498674 -0.002855
v 0.028985 -1.498674 0.002855
v 0.027871 -1.498674 0.008455
v 0.025686 -1.498674 0.013729
v 0.022514 -1.498674 0.018477
v 0.018477 -1.498674 0.022514
v 0.013729 -1.498674 0.025686
v 0.008454 -1.498674 0.027871
v 0.002855 -1.498674 0.028985
v -0.002855 -1.498674 0.028985
v -0.008454 -1.498674 0.027871
v -0.013729 -1.498674 0.025686
v -0.018477 -1.498674 0.022514
v -0.022514 -1.498674 0.018477
v -0.025686 -1.498674 0.013729
v -0.027871 -1.498674 0.008455
v -0.028985 -1.498674 0.002855
v -0.077684 1.495851 -0.015452
v 0.015452 1.495851 -0.077685
v 0.077684 1.495851 0.015452
v -0.015452 1.495851 0.077684
v -0.073177 1.495851 -0.030311
v 0.030311 1.495851 -0.073177
v 0.073177 1.495851 0.030311
v -0.030311 1.495851 0.073177
v -0.065857 1.495851 -0.044005
v 0.044005 1.495851 -0.065858
v 0.065857 1.495851 0.044004
v -0.044005 1.495851 0.065857
v -0.056007 1.495851 -0.056007
v 0.056007 1.495851 -0.056007
v 0.056007 1.495851 0.056007
v -0.056007 1.495851 0.056007
v -0.044005 1.495851 -0.065858
v 0.065857 1.495851 -0.044005
v 0.044005 1.495851 0.065857
v -0.065857 1.495851 0.044004
v -0.030311 1.495851 -0.073177
v 0.073177 1.495851 -0.030311
v 0.030311 1.495851 0.073177
v -0.073177 1.495851 0.030311
v -0.015452 1.495851 -0.077685
v 0.077684 1.495851 -0.015452
v 0.015452 1.495851 0.077684
v -0.077684 1.495851 0.015452
v 0.000000 1.495851 -0.079206
v 0.079206 1.495851 -0.000000
v 0.000000 1.495851 0.079206
v -0.079206 1.495851 -0.000000
v -0.027871 1.498674 -0.008455
v -0.025686 1.498674 -0.013729
v -0.022514 1.498674 -0.018477
v -0.018477 1.498674 -0.022514
v -0.013729 1.498674 -0.025686
v -0.008454 1.498674 -0.027871
v -0.002855 1.498674 -0.028985
v 0.002855 1.498674 -0.028985
v 0.008454 1.498674 -0.027871
v 0.013729 1.498674 -0.025686
v 0.018477 1.498674 -0.022514
v 0.022514 1.498674 -0.018477
v 0.025686 1.498674 -0.013729
v 0.027871 1.498674 -0.008455
v 0.028985 1.498674 -0.002855
v 0.028985 1.498674 0.002855
v 0.027871 1.498674 0.008454
v 0.025686 1.498674 0.013729
v 0.022514 1.498674 0.018477
v 0.018477 1.498674 0.022514
v 0.013729 1.498674 0.025686
v 0.008454 1.498674 0.027871
v 0.002855 1.498674 0.028985
v -0.002855 1.498674 0.028985
v -0.008454 1.498674 0.027871
v -0.013729 1.498674 0.025686
v -0.018477 1.498674 0.022514
v -0.022514 1.498674 0.018477
v -0.025686 1.498674 0.013729
v -0.027871 1.498674 0.008454
v -0.028985 1.498674 0.002855
v -0.028985 1.498674 -0.002855
v -0.209061 -1.481379 -0.063418
v -0.138595 1.481379 -0.168878
v 0.168878 1.481379 0.138595
v 0.168878 1.481379 -0.138595
v 0.192672 1.481379 -0.102985
v 0.209061 1.481379 -0.063418
v 0.217416 1.481379 -0.021414
v 0.021414 -1.481379 -0.217416
v 0.209061 1.481379 0.063418
v -0.102985 1.481379 0.192672
v -0.209061 1.481379 0.063418
v 0.138595 1.481379 0.168878
v 0.102985 1.481379 0.192672
v 0.063418 1.481379 0.209061
v 0.021414 1.481379 0.217416
v -0.021414 1.481379 -0.217417
v 0.063418 -1.481379 -0.209061
v -0.138595 1.481379 0.168878
v 0.063418 -1.481379 0.209061
v 0.217416 1.481379 0.021413
v -0.192672 1.481379 0.102985
v 0.063418 1.481379 -0.209061
v 0.021414 1.481379 -0.217417
v -0.021414 -1.481379 0.217417
v -0.063418 -1.481379 0.209062
v 0.192672 1.481379 0.102985
v -0.138595 -1.481379 0.168878
v 0.138595 -1.481379 -0.168878
v -0.138595 -1.481379 -0.168878
v -0.209061 -1.481379 0.063418
v -0.102985 -1.481379 -0.192672
v -0.217417 -1.481379 -0.021413
v -0.035438 -1.452711 -0.359812
v -0.170435 -1.452711 0.318861
v 0.229366 -1.452711 -0.279484
v 0.229367 1.452711 0.279484
v 0.318861 1.452711 -0.170435
v 0.104953 1.452711 0.345984
v 0.359812 1.452711 -0.035439
v 0.345985 -1.452711 0.104953
v 0.229366 1.452711 -0.279484
v 0.318861 1.452711 0.170435
v 0.279484 1.452711 0.229366
v -0.229367 1.452711 -0.279484
v -0.318861 1.452711 0.170435
v -0.104953 1.452711 -0.345985
v 0.035438 1.452711 0.359812
v 0.035438 1.452711 -0.359812
v 0.104953 1.452711 -0.345985
v -0.035438 -1.452711 0.359812
v -0.279484 1.452711 -0.229367
v -0.229366 1.452711 0.279484
v -0.104953 1.452711 0.345985
v -0.104953 -1.452711 -0.345984
v -0.359812 -1.452711 0.035439
v 0.102985 -1.481379 -0.192672
v -0.345985 1.452711 0.104953
v -0.345985 -1.452711 -0.104953
v -0.229366 -1.452711 0.279484
v -0.279484 -1.452711 0.229367
v 0.170435 1.452711 0.318861
v -0.104953 -1.452711 0.345985
v -0.229367 -1.452711 -0.279484
v -0.359812 -1.452711 -0.035438
v -0.498876 -1.410049 -0.049135
v 0.236306 1.410048 -0.442098
v -0.387502 -1.410048 -0.318015
v -0.318015 -1.410048 -0.387502
v -0.236307 -1.410048 -0.442098
v 0.498876 1.410048 0.049135
v 0.049135 1.410048 0.498876
v 0.145516 -1.410048 -0.479704
v -0.145517 1.410048 0.479704
v 0.318015 1.410048 -0.387502
v -0.318015 1.410048 0.387502
v -0.387502 1.410048 0.318015
v -0.442098 1.410048 0.236306
v 0.479705 -1.410048 -0.145517
v -0.498876 -1.410048 0.049135
v 0.498876 -1.410048 0.049135
v 0.479705 -1.410048 0.145517
v 0.479705 1.410048 0.145517
v 0.442098 1.410048 -0.236307
v 0.387502 1.410048 -0.318015
v 0.442098 -1.410048 -0.236306
v -0.498876 1.410048 0.049135
v -0.479705 1.410049 -0.145516
v -0.145517 -1.410048 0.479705
v -0.479704 -1.410049 -0.145516
v 0.236307 -1.410048 0.442098
v 0.387502 1.410048 0.318015
v 0.387502 -1.410048 -0.318015
v 0.236307 1.410048 0.442098
v 0.479705 1.410048 -0.145517
v 0.498876 -1.410048 -0.049135
v -0.049135 1.410048 0.498876
v 0.608805 1.353807 -0.184679
v 0.299902 1.353807 -0.561078
v -0.491789 -1.353807 -0.403600
v -0.403600 -1.353807 -0.491788
v -0.608805 1.353807 0.184679
v -0.184679 -1.353807 -0.608804
v -0.062359 -1.353807 -0.633135
v -0.062359 1.353807 -0.633136
v 0.184678 -1.353807 -0.608804
v 0.633136 1.353807 0.062358
v -0.184679 1.353807 -0.608805
v -0.299902 1.353807 0.561078
v 0.561078 -1.353807 -0.299902
v 0.608805 -1.353807 -0.184679
v 0.633136 -1.353807 -0.062359
v 0.633136 -1.353807 0.062359
v 0.608805 -1.353807 0.184679
v 0.561078 -1.353807 0.299902
v -0.633136 -1.353807 0.062359
v 0.491789 1.353807 -0.403601
v 0.299902 -1.353807 0.561078
v 0.184679 -1.353807 0.608805
v -0.062358 1.353807 0.633136
v 0.062358 -1.353807 0.633136
v 0.403600 -1.353807 -0.491789
v -0.299902 -1.353807 0.561078
v -0.491789 1.353807 0.403601
v -0.491789 -1.353807 0.403601
v -0.403601 -1.353807 0.491789
v -0.608805 -1.353807 0.184679
v -0.561078 -1.353807 0.299903
v -0.633136 -1.353807 -0.062358
v -0.074982 -1.284528 -0.761298
v -0.674654 1.284527 0.360610
v -0.591339 -1.284528 -0.485299
v 0.360610 -1.284528 0.674654
v -0.360610 -1.284528 -0.674653
v -0.222063 -1.284528 -0.732041
v 0.074981 -1.284528 -0.761298
v 0.732042 -1.284528 0.222062
v 0.674653 -1.284528 -0.360610
v -0.674653 1.284527 -0.360610
v 0.485299 -1.284528 -0.591339
v 0.591339 -1.284528 -0.485299
v -0.732041 -1.284527 -0.222062
v 0.732041 -1.284528 -0.222063
v 0.761298 -1.284528 -0.074982
v 0.761298 -1.284528 0.074981
v -0.761298 1.284527 0.074981
v -0.591339 -1.284528 0.485299
v 0.591339 -1.284528 0.485299
v 0.485299 -1.284528 0.591339
v -0.403600 1.353807 -0.491788
v 0.222063 -1.284528 0.732042
v 0.074981 -1.284528 0.761298
v 0.360609 -1.284528 -0.674653
v -0.222062 -1.284528 0.732042
v 0.732041 1.284527 -0.222063
v 0.591339 1.284527 0.485299
v -0.485299 -1.284528 0.591339
v -0.674654 -1.284528 0.360610
v -0.732042 -1.284528 0.222063
v -0.761298 -1.284528 0.074981
v 0.761298 1.284527 0.074981
v -0.882129 1.202877 0.086882
v -0.781732 -1.202877 -0.417844
v -0.848229 -1.202877 0.257308
v -0.257307 -1.202877 0.848229
v -0.417845 -1.202877 -0.781731
v -0.848229 1.202877 0.257308
v 0.685194 -1.202877 0.562324
v 0.086882 -1.202877 -0.882128
v -0.685194 1.202877 0.562324
v 0.417844 -1.202877 -0.781732
v 0.562324 -1.202877 -0.685194
v 0.685194 -1.202877 -0.562324
v 0.781732 -1.202877 -0.417845
v 0.848229 -1.202877 -0.257308
v 0.882128 -1.202877 -0.086882
v 0.781732 1.202877 0.417844
v 0.882128 1.202877 -0.086882
v 0.562324 -1.202877 0.685194
v -0.086882 -1.202877 -0.882128
v 0.848229 1.202877 -0.257308
v 0.257307 -1.202877 -0.848229
v 0.222063 1.284527 0.732042
v 0.086882 -1.202877 0.882129
v 0.257308 -1.202877 0.848229
v 0.086882 1.202877 0.882129
v 0.781732 -1.202877 0.417845
v -0.562324 -1.202877 0.685195
v -0.685194 -1.202877 0.562324
v 0.417845 -1.202877 0.781732
v -0.257308 -1.202877 -0.848228
v -0.882129 -1.202877 0.086882
v -0.882128 -1.202877 -0.086882
v -0.772451 -1.109643 0.633934
v -0.881282 -1.109643 -0.471054
v -0.772450 -1.109643 -0.633933
v -0.994464 -1.109643 -0.097946
v -0.471055 -1.109643 -0.881281
v -0.290075 -1.109643 -0.956246
v 0.097946 -1.109643 0.994464
v -0.633934 1.109643 0.772451
v 0.994463 -1.109643 0.097946
v 0.471054 -1.109643 -0.881282
v 0.633933 -1.109643 -0.772450
v 0.772450 -1.109643 -0.633934
v 0.881282 -1.109643 -0.471055
v 0.290074 -1.109643 -0.956247
v 0.994463 -1.109643 -0.097946
v 0.633933 1.109643 -0.772451
v 0.956247 -1.109643 0.290074
v 0.881282 -1.109643 0.471055
v 0.772451 -1.109643 0.633933
v -0.097946 -1.109643 0.994464
v -0.633934 -1.109643 -0.772449
v 0.290075 -1.109643 0.956247
v -0.994464 1.109643 0.097946
v -0.881283 1.109643 0.471055
v -0.290074 -1.109643 0.956247
v 0.290075 1.109643 0.956247
v -0.772451 1.109643 0.633934
v -0.956246 -1.109643 -0.290074
v -0.881283 -1.109643 0.471056
v -0.290075 1.109643 -0.956246
v -0.994464 -1.109643 0.097946
v 0.772450 1.109643 -0.633934
v -1.055055 -1.005721 -0.320047
v 0.972345 -1.005721 -0.519729
v -0.852268 -1.005721 -0.699437
v 0.852268 -1.005721 0.699438
v 1.055056 1.005721 0.320047
v -1.097222 1.005721 -0.108067
v 0.699438 -1.005721 0.852267
v 0.108066 -1.005722 -1.097221
v 0.972345 1.005721 0.519729
v 1.097221 1.005721 0.108067
v 0.852267 -1.005721 -0.699438
v -0.852268 1.005721 0.699438
v -0.699438 -1.005722 -0.852267
v -0.320048 1.005721 -1.055056
v -1.055056 1.005721 0.320048
v 1.097221 -1.005721 0.108067
v 1.055056 -1.005721 0.320048
v -1.055055 1.005721 -0.320047
v -0.471055 -1.109643 0.881283
v -1.097222 1.005721 0.108067
v 0.519729 -1.005721 0.972345
v -0.972346 -1.005721 0.519729
v 0.108067 -1.005721 1.097222
v 0.519729 1.005721 -0.972345
v 1.055056 -1.005721 -0.320048
v -0.972346 1.005721 0.519729
v 0.699437 -1.005722 -0.852268
v -0.852268 1.005721 -0.699437
v -0.519729 -1.005721 0.972346
v -1.055056 -1.005721 0.320048
v -1.097222 -1.005721 0.108067
v -1.097222 -1.005721 -0.108066
v -1.143703 -0.892114 -0.346938
v 1.143704 -0.892114 0.346939
v -0.923877 -0.892114 -0.758205
v 1.189412 0.892114 -0.117147
v -0.563398 -0.892114 -1.054043
v 1.143704 0.892114 -0.346939
v -0.117148 -0.892115 -1.189412
v 0.117146 -0.892115 -1.189412
v 0.117146 0.892114 -1.189412
v -0.923877 0.892114 -0.758205
v 0.758206 -0.892114 -0.923877
v 0.923877 -0.892114 -0.758206
v 1.054044 -0.892114 -0.563398
v -1.189413 0.892114 0.117147
v 1.189412 -0.892114 -0.117147
v 0.923877 0.892114 -0.758206
v 0.346939 -0.892114 -1.143704
v -0.346939 0.892115 1.143704
v 0.923877 -0.892114 0.758206
v 0.758207 -0.892114 0.923877
v 0.563398 -0.892114 1.054044
v -1.143705 -0.892114 0.346939
v 0.117147 -0.892114 1.189413
v -0.563398 -0.892114 1.054045
v -0.346939 -0.892114 1.143705
v 1.054044 -0.892114 0.563398
v -0.758206 -0.892114 0.923878
v -0.923877 -0.892114 0.758207
v -1.054044 -0.892114 0.563398
v -1.143703 0.892114 -0.346938
v -1.189413 -0.892114 0.117147
v -0.117147 -0.892114 1.189413
v 0.601641 -0.769916 -1.125591
v -1.125591 -0.769916 -0.601640
v -0.986589 -0.769916 -0.809671
v -0.809673 -0.769916 -0.986588
v -0.601641 -0.769916 -1.125590
v -0.370489 -0.769916 -1.221337
v -0.125100 -0.769916 -1.270149
v 0.125098 -0.769916 -1.270149
v 1.221338 0.769916 0.370488
v 0.125098 0.769916 -1.270149
v 0.809672 -0.769916 -0.986589
v 0.986589 -0.769916 -0.809673
v 1.125591 -0.769916 -0.601641
v 0.601642 -0.769916 1.125591
v 0.809672 0.769916 -0.986589
v 1.270149 -0.769916 0.125099
v 0.370488 -0.769916 -1.221338
v -0.809673 0.769916 -0.986588
v -0.370489 0.769916 1.221338
v 0.809673 -0.769916 0.986589
v 1.125592 -0.769916 0.601641
v 0.125099 0.769916 1.270149
v 0.125099 -0.769916 1.270149
v 0.370489 -0.769916 1.221338
v -0.370489 -0.769916 1.221338
v -0.601641 -0.769916 1.125592
v -1.221337 -0.769916 -0.370488
v 0.986589 0.769916 0.809672
v -1.125592 -0.769916 0.601642
v -0.601641 0.769916 -1.125591
v -1.270150 -0.769916 0.125099
v -1.270149 -0.769916 -0.125098
v -1.338653 0.640303 0.131846
v 0.853342 -0.640303 1.039799
v 1.338653 0.640303 0.131845
v -0.853342 -0.640303 -1.039799
v 1.186298 -0.640303 -0.634090
v -1.287209 -0.640303 -0.390470
v -0.131847 -0.640303 -1.338653
v -0.131847 0.640303 -1.338652
v 0.390470 -0.640303 -1.287209
v 0.131846 0.640303 1.338653
v 0.853341 -0.640303 -1.039800
v -0.853342 0.640303 -1.039799
v -0.634090 0.640303 -1.186298
v -0.390471 0.640303 -1.287209
v 0.131845 0.640303 -1.338653
v 0.853341 0.640303 -1.039799
v 1.287209 -0.640303 0.390470
v 0.634090 0.640303 1.186299
v 1.039800 -0.640303 0.853341
v 0.986589 0.769916 -0.809673
v 0.634089 -0.640303 -1.186299
v 1.287209 -0.640303 -0.390471
v 0.131846 -0.640303 1.338653
v -0.131846 -0.640303 1.338653
v -1.287210 0.640303 0.390471
v -1.186298 0.640303 -0.634089
v -0.634090 -0.640303 1.186300
v -1.039800 -0.640303 -0.853341
v -1.186299 -0.640303 0.634090
v 1.039800 0.640303 0.853341
v -1.338654 -0.640303 0.131846
v -1.338653 -0.640303 -0.131846
v 0.406692 0.504523 -1.340684
v -1.235581 -0.504524 -0.660431
v -1.082996 -0.504524 -0.888791
v -0.888792 -0.504524 -1.082996
v -0.137323 -0.504523 1.394266
v 0.660433 0.504524 1.235582
v -1.235581 0.504523 -0.660432
v -0.137324 -0.504524 -1.394265
v -1.235583 0.504524 0.660433
v 0.660431 -0.504524 -1.235582
v -1.340685 -0.504523 0.406693
v 1.082996 -0.504524 -0.888792
v 0.660432 0.504523 -1.235582
v -0.406693 0.504523 -1.340684
v 1.394265 -0.504524 -0.137323
v 0.137323 0.504524 1.394266
v 1.340684 -0.504523 0.406692
v 0.406693 -0.504523 1.340685
v 1.082997 -0.504523 0.888792
v -1.082996 0.504523 -0.888792
v 0.660433 -0.504523 1.235582
v -0.888792 0.504523 -1.082996
v 0.137323 -0.504523 1.394266
v 1.340684 0.504524 0.406692
v 1.394265 0.504524 -0.137323
v -0.660432 -0.504523 1.235582
v -0.660433 0.504524 1.235582
v -0.888793 0.504524 1.082997
v -1.235582 -0.504523 0.660433
v -0.406692 -0.504523 1.340685
v -1.394266 -0.504524 0.137323
v -1.394265 -0.504524 -0.137323
v -1.381247 -0.363885 -0.418996
v 1.381248 -0.363885 0.418997
v -0.915684 0.363885 1.115764
v 1.115763 0.363885 -0.915684
v -0.680414 -0.363885 -1.272965
v -0.418997 -0.363885 -1.381247
v -0.141479 -0.363885 -1.436449
v -0.680414 -0.363885 1.272966
v 0.418996 -0.363885 -1.381248
v -1.272966 0.363885 0.680414
v 0.915683 -0.363885 -1.115764
v 1.115763 -0.363885 -0.915684
v 1.436450 -0.363885 -0.141478
v 1.381247 -0.363885 -0.418997
v 0.680414 -0.363885 1.272966
v 1.436450 -0.363885 0.141478
v 1.272966 -0.363885 0.680414
v -1.436450 0.363885 -0.141478
v 1.115764 -0.363885 0.915683
v -1.115764 -0.363885 0.915684
v 0.680413 -0.363885 -1.272965
v 0.418997 -0.363885 1.381248
v 0.141478 -0.363885 1.436450
v 0.141478 0.363885 1.436450
v -1.381249 -0.363885 0.418997
v 0.418996 0.363885 -1.381248
v -0.915684 -0.363885 1.115764
v 0.915684 0.363885 1.115764
v -1.272966 -0.363885 0.680414
v 0.418997 0.363885 1.381248
v -1.436451 -0.363885 0.141478
v -1.436450 -0.363885 -0.141478
v 0.427266 -0.219742 -1.408509
v -0.693843 -0.219742 1.298090
v -1.137785 -0.219742 -0.933755
v 1.137784 0.219742 -0.933756
v -0.693843 -0.219742 -1.298089
v 0.427267 0.219742 1.408509
v -0.144271 -0.219742 -1.464800
v 0.144269 -0.219742 -1.464801
v -1.381247 0.363885 -0.418996
v -1.298090 0.219742 0.693844
v 0.933756 -0.219742 -1.137785
v 1.137784 -0.219742 -0.933756
v 1.298089 -0.219742 -0.693844
v -0.427267 -0.219742 -1.408508
v 1.408509 -0.219742 -0.427267
v 1.464801 -0.219742 0.144270
v 1.408509 -0.219742 0.427266
v 1.298090 -0.219742 0.693843
v 1.137785 -0.219742 0.933756
v 0.933757 -0.219742 1.137785
v 0.693844 -0.219742 1.298090
v -0.144270 -0.219742 1.464801
v -0.427267 -0.219742 1.408509
v 0.144271 0.219742 1.464801
v 0.144269 0.219742 -1.464800
v -1.298089 -0.219742 -0.693842
v -0.933756 -0.219742 1.137786
v 0.933757 0.219742 1.137785
v -1.298090 -0.219742 0.693843
v -1.408510 -0.219742 0.427267
v -1.464801 -0.219742 0.144270
v -1.464801 -0.219742 -0.144270
v 1.422206 0.073484 0.431421
v -1.310713 -0.073483 0.700590
v -1.148849 -0.073484 -0.942835
v -0.942836 -0.073483 1.148850
v 1.310712 0.073483 -0.700590
v 1.422205 -0.073484 -0.431422
v -0.145674 -0.073484 -1.479044
v -1.464801 0.219742 -0.144270
v 0.431421 -0.073484 -1.422205
v 1.310713 0.073484 0.700590
v 0.942835 -0.073484 -1.148849
v 1.148848 -0.073484 -0.942836
v -0.145673 0.073484 1.479045
v -0.431422 0.073483 -1.422205
v 1.479045 -0.073483 0.145673
v 1.479045 -0.073483 -0.145674
v 0.145674 0.073484 1.479045
v 1.310713 -0.073483 0.700590
v -0.431421 -0.073483 1.422206
v 0.942836 -0.073483 1.148849
v -0.700590 0.073483 -1.310712
v 1.422205 0.073483 -0.431422
v 0.145674 -0.073483 1.479045
v -0.145673 -0.073483 1.479045
v 0.145672 -0.073484 -1.479044
v -1.148849 0.073483 -0.942835
v -1.310712 -0.073484 -0.700590
v 0.942835 0.073483 -1.148849
v -0.700590 -0.073483 1.310713
v -1.148850 -0.073483 0.942836
v -1.479046 -0.073483 0.145673
v -1.479045 -0.073483 -0.145673
v 0.431422 -0.073483 1.422206
v -1.310712 0.073483 -0.700590
v -1.479046 0.073483 0.145673
v -0.942836 0.073483 -1.148848
v 1.310712 -0.073484 -0.700590
v -1.422205 0.073483 -0.431420
v -1.479045 0.073483 -0.145673
v 0.145672 0.073483 -1.479044
v -0.942836 -0.073484 -1.148848
v 0.700590 0.073483 -1.310712
v -1.422205 -0.073484 -0.431420
v 1.148849 -0.073483 0.942836
v 0.700590 0.073484 1.310713
v -0.431422 -0.073484 -1.422205
v 1.479045 0.073483 -0.145674
v -0.145674 0.073483 -1.479044
v 1.479045 0.073483 0.145673
v 0.700590 -0.073483 1.310713
v 1.148849 0.073484 0.942836
v 1.148848 0.073483 -0.942836
v -0.700590 -0.073484 -1.310712
v 0.431422 0.073484 1.422206
v 1.422206 -0.073483 0.431421
v 0.431421 0.073483 -1.422205
v -0.431421 0.073484 1.422206
v -0.700591 0.073484 1.310713
v -0.942836 0.073484 1.148850
v -1.148849 0.073484 0.942836
v -1.310713 0.073484 0.700590
v -1.422207 0.073484 0.431422
v 0.942836 0.073484 1.148849
v 0.700590 -0.073484 -1.310712
v -1.408509 0.219742 -0.427266
v -1.298089 0.219742 -0.693842
v -0.144271 0.219742 -1.464800
v -0.933756 0.219742 -1.137784
v -0.693843 0.219742 1.298090
v 0.427267 -0.219742 1.408509
v 1.464801 0.219742 0.144270
v 1.298090 0.219742 0.693843
v 0.427266 0.219742 -1.408509
v 0.693843 0.219742 -1.298089
v -1.137786 0.219742 0.933757
v -0.693843 0.219742 -1.298089
v 0.693843 -0.219742 -1.298089
v 1.408509 0.219742 -0.427267
v 1.464801 0.219742 -0.144271
v 1.464800 -0.219742 -0.144271
v -1.464802 0.219742 0.144270
v -1.137786 -0.219742 0.933757
v -0.933756 -0.219742 -1.137784
v -1.408510 0.219742 0.427267
v 1.298089 0.219742 -0.693844
v -0.427267 0.219742 -1.408508
v -0.144270 0.219742 1.464801
v 0.144271 -0.219742 1.464801
v -0.427266 0.219742 1.408510
v -1.137785 0.219742 -0.933755
v 1.137785 0.219742 0.933756
v 0.933756 0.219742 -1.137785
v -0.933756 0.219742 1.137786
v -1.408509 -0.219742 -0.427266
v 0.693844 0.219742 1.298090
v 1.408509 0.219742 0.427266
v -0.418997 0.363885 -1.381247
v -1.272965 0.363885 -0.680413
v -1.436451 0.363885 0.141478
v -0.915683 0.363885 -1.115763
v -0.141478 -0.363885 1.436450
v -0.418997 -0.363885 1.381248
v -0.680414 0.363885 -1.272965
v 0.141477 0.363885 -1.436450
v 1.381247 0.363885 -0.418997
v 0.680413 0.363885 -1.272965
v 1.115764 0.363885 0.915683
v 0.915683 0.363885 -1.115764
v 1.272965 0.363885 -0.680414
v -1.272965 -0.363885 -0.680413
v 1.436450 0.363885 -0.141478
v 0.141477 -0.363885 -1.436450
v 1.381248 0.363885 0.418997
v 1.272966 0.363885 0.680414
v 1.436450 0.363885 0.141478
v -0.915683 -0.363885 -1.115763
v 0.680414 0.363885 1.272966
v -1.115764 0.363885 0.915684
v -1.115763 -0.363885 -0.915682
v -0.141478 0.363885 1.436450
v -0.418997 0.363885 1.381248
v -0.680414 0.363885 1.272966
v 1.272965 -0.363885 -0.680414
v 0.915684 -0.363885 1.115764
v 1.235581 -0.504524 -0.660433
v -1.381249 0.363885 0.418997
v -1.115763 0.363885 -0.915682
v -0.141479 0.363885 -1.436449
v -1.340684 0.504523 -0.406692
v -1.394265 0.504524 -0.137323
v 1.394265 -0.504524 0.137323
v -1.394266 0.504524 0.137323
v -0.660433 0.504523 -1.235581
v 1.340684 0.504523 -0.406693
v -0.137324 0.504523 -1.394265
v 0.137322 0.504523 -1.394264
v -1.340684 -0.504524 -0.406691
v -0.660433 -0.504524 -1.235581
v 0.888792 0.504523 -1.082997
v 0.888792 -0.504524 -1.082997
v 1.235581 0.504523 -0.660433
v -0.406693 -0.504524 -1.340684
v -1.287210 -0.640303 0.390471
v 1.394265 0.504524 0.137323
v 0.406692 -0.504524 -1.340684
v 1.235582 0.504524 0.660432
v 1.082996 0.504523 -0.888793
v 0.888792 0.504524 1.082996
v 0.888792 -0.504523 1.082996
v 0.406692 0.504524 1.340685
v 0.137322 -0.504524 -1.394265
v -0.137323 0.504524 1.394265
v -0.406692 0.504524 1.340685
v -0.888793 -0.504523 1.082997
v 1.340684 -0.504524 -0.406692
v -1.082997 0.504524 0.888792
v -1.082997 -0.504523 0.888793
v -1.340685 0.504524 0.406692
v 1.082997 0.504524 0.888792
v 1.235582 -0.504523 0.660432
v -1.287209 0.640303 -0.390470
v -0.634090 0.640303 1.186299
v 1.338653 -0.640303 0.131846
v -0.853342 -0.640303 1.039800
v -0.131846 0.640303 1.338653
v 1.287209 0.640303 -0.390471
v 0.131845 -0.640303 -1.338653
v -1.039799 0.640303 -0.853341
v 1.287209 0.640303 0.390470
v 0.634090 -0.640303 1.186299
v -1.039800 -0.640303 0.853342
v 1.039799 0.640303 -0.853342
v -0.634090 -0.640303 -1.186298
v -0.390471 -0.640303 -1.287209
v 1.338652 0.640303 -0.131846
v -1.186299 0.640303 0.634090
v 1.039799 -0.640303 -0.853342
v 1.186299 0.640303 0.634089
v 1.338653 -0.640303 -0.131846
v 1.186298 0.640303 -0.634090
v 0.634089 0.640303 -1.186299
v 0.390471 0.640303 1.287210
v 0.390471 -0.640303 1.287210
v 0.853342 0.640303 1.039799
v -0.390471 0.640303 1.287210
v -1.186299 -0.640303 -0.634089
v -0.853342 0.640303 1.039800
v -1.039800 0.640303 0.853342
v -1.338653 0.640303 -0.131846
v -0.390471 -0.640303 1.287210
v 0.390470 0.640303 -1.287209
v 1.186299 -0.640303 0.634090
v -1.221337 0.769916 -0.370488
v -0.809673 0.769916 0.986590
v -1.270149 0.769916 0.125099
v -0.809673 -0.769916 0.986590
v 1.125591 0.769916 -0.601642
v 1.270149 -0.769916 -0.125099
v -0.370489 0.769916 -1.221337
v -0.125099 -0.769916 1.270149
v 1.221338 -0.769916 0.370488
v 0.601641 0.769916 -1.125592
v 1.270149 0.769916 0.125099
v 0.809673 0.769916 0.986589
v -0.986589 -0.769916 0.809673
v 1.221337 0.769916 -0.370489
v 1.270149 0.769916 -0.125099
v 1.221337 -0.769916 -0.370489
v -1.125592 0.769916 0.601641
v 1.125592 0.769916 0.601641
v -0.986589 0.769916 0.809673
v 0.370488 0.769916 -1.221338
v 0.601642 0.769916 1.125591
v 0.370489 0.769916 1.221338
v -1.221338 -0.769916 0.370489
v -0.125099 0.769916 1.270149
v -0.563398 0.892114 -1.054043
v -1.270149 0.769916 -0.125099
v -1.125591 0.769916 -0.601640
v 0.986589 -0.769916 0.809672
v -0.601641 0.769916 1.125592
v -1.221338 0.769916 0.370489
v -0.125100 0.769916 -1.270148
v -0.986589 0.769916 -0.809672
v 1.189413 -0.892114 0.117147
v -1.054044 0.892114 -0.563397
v 0.563398 0.892115 1.054044
v -0.117148 0.892114 -1.189412
v 1.054044 0.892114 -0.563398
v -0.346939 0.892114 -1.143704
v -0.923877 0.892115 0.758207
v 0.117147 0.892115 1.189412
v 0.346939 0.892114 -1.143704
v 0.563398 0.892114 -1.054044
v 0.563398 -0.892114 -1.054044
v -0.758206 0.892114 -0.923876
v 0.346939 -0.892114 1.143704
v -0.346939 -0.892114 -1.143703
v -0.758206 -0.892114 -0.923876
v 1.189413 0.892114 0.117147
v 1.143704 0.892114 0.346939
v 1.054044 0.892115 0.563398
v -1.054043 -0.892114 -0.563397
v 0.758206 0.892114 -0.923877
v -1.054044 0.892115 0.563398
v 0.346939 0.892115 1.143704
v -1.189412 -0.892114 -0.117146
v -0.117147 0.892115 1.189413
v 0.758207 0.892115 0.923877
v -0.563398 0.892115 1.054044
v 1.143704 -0.892114 -0.346939
v 0.923877 0.892115 0.758206
v -0.758206 0.892115 0.923877
v -1.143705 0.892114 0.346939
v -0.320048 -1.005721 1.055057
v -1.189412 0.892114 -0.117147
v 0.320048 -1.005721 1.055056
v -0.972345 1.005721 -0.519728
v -0.519729 -1.005722 -0.972345
v -0.699438 1.005721 -0.852267
v -0.519729 1.005721 -0.972345
v 1.055055 1.005721 -0.320048
v -0.108067 1.005721 -1.097221
v 0.852268 1.005721 0.699438
v 0.320047 1.005721 -1.055056
v -0.108067 -1.005721 1.097222
v 0.699437 1.005721 -0.852268
v -0.852268 -1.005721 0.699438
v 0.972345 1.005721 -0.519729
v -0.320048 -1.005722 -1.055055
v 1.097221 1.005721 -0.108067
v 0.972345 -1.005721 0.519729
v 0.519729 1.005721 0.972345
v 1.097221 -1.005721 -0.108067
v 0.108066 1.005721 -1.097221
v 0.699438 1.005721 0.852267
v 0.519729 -1.005722 -0.972345
v 0.320048 1.005721 1.055056
v -0.699438 -1.005721 0.852268
v -0.108067 1.005721 1.097222
v -0.320048 1.005721 1.055056
v -0.972345 -1.005721 -0.519728
v -0.699438 1.005721 0.852268
v 0.852267 1.005721 -0.699438
v -0.519729 1.005721 0.972346
v 0.320047 -1.005722 -1.055055
v 0.108067 1.005721 1.097222
v -0.108067 -1.005722 -1.097221
v -0.956247 1.109643 -0.290074
v 0.881282 1.109643 -0.471056
v 0.956247 -1.109643 -0.290075
v -0.471055 1.109643 -0.881281
v -0.633934 1.109643 -0.772450
v -0.772450 1.109643 -0.633933
v -0.097946 1.109643 -0.994463
v 0.994463 1.109643 -0.097946
v 0.290074 1.109643 -0.956247
v -0.881282 1.109643 -0.471054
v 0.772451 1.109643 0.633933
v -0.290074 1.109643 0.956247
v 0.881282 1.109643 0.471055
v 0.956247 1.109643 -0.290075
v 0.097946 1.109643 -0.994463
v 0.994463 1.109643 0.097946
v -0.562324 -1.202877 -0.685193
v 0.097946 -1.109643 -0.994463
v 0.633934 -1.109643 0.772450
v 0.633934 1.109643 0.772450
v 0.471055 1.109643 0.881282
v -0.956247 -1.109643 0.290075
v 0.097946 1.109643 0.994464
v -0.097946 1.109643 0.994464
v 0.956247 1.109643 0.290074
v -0.471055 1.109643 0.881283
v -0.097946 -1.109643 -0.994463
v -0.633934 -1.109643 0.772451
v 0.471054 1.109643 -0.881282
v -0.956247 1.109643 0.290075
v 0.471055 -1.109643 0.881282
v -0.994464 1.109643 -0.097946
v -0.848228 1.202877 -0.257307
v -0.417844 -1.202877 0.781733
v -0.685194 1.202877 -0.562324
v -0.562324 1.202877 -0.685194
v -0.781732 -1.202877 0.417845
v -0.685194 -1.202877 -0.562323
v -0.086882 1.202877 -0.882128
v -0.882128 1.202877 -0.086882
v 0.257307 1.202877 -0.848229
v 0.685194 1.202877 -0.562324
v -0.257308 1.202877 -0.848228
v -0.417845 1.202877 -0.781732
v -0.781732 1.202877 -0.417844
v 0.562324 1.202877 -0.685194
v 0.086882 1.202877 -0.882129
v 0.882128 1.202877 0.086882
v 0.848229 1.202877 0.257307
v 0.882128 -1.202877 0.086882
v 0.417844 1.202877 -0.781732
v 0.562324 1.202877 0.685194
v 0.417845 1.202877 0.781732
v 0.257308 1.202877 0.848229
v 0.685194 1.202877 0.562324
v -0.086882 1.202877 0.882129
v -0.257307 1.202877 0.848229
v -0.417844 1.202877 0.781732
v 0.848229 -1.202877 0.257307
v -0.562324 1.202877 0.685194
v -0.781733 1.202877 0.417845
v -0.086882 -1.202877 0.882129
v 0.781732 1.202877 -0.417845
v -0.848228 -1.202877 -0.257307
v -0.732041 1.284528 -0.222062
v 0.360609 1.284527 -0.674653
v -0.732042 1.284527 0.222062
v -0.485299 1.284527 -0.591338
v 0.222062 -1.284528 -0.732041
v 0.761298 1.284527 -0.074982
v -0.074982 1.284527 -0.761298
v 0.074981 1.284527 -0.761298
v 0.222062 1.284527 -0.732042
v -0.674653 -1.284528 -0.360609
v -0.074981 -1.284528 0.761298
v -0.761298 1.284528 -0.074981
v 0.674653 1.284527 -0.360610
v -0.222063 1.284527 -0.732041
v 0.485299 1.284527 0.591339
v -0.761298 -1.284528 -0.074981
v 0.732042 1.284527 0.222062
v 0.674654 1.284527 0.360610
v -0.222062 1.284527 0.732042
v 0.591339 1.284527 -0.485299
v 0.360610 1.284527 0.674653
v -0.591339 1.284527 -0.485299
v 0.674654 -1.284528 0.360610
v -0.074981 1.284527 0.761298
v -0.485299 -1.284528 -0.591338
v -0.360610 1.284527 0.674654
v -0.485299 1.284527 0.591339
v -0.591339 1.284527 0.485299
v -0.360610 1.284527 -0.674653
v -0.360610 -1.284528 0.674654
v 0.074981 1.284527 0.761298
v 0.485299 1.284527 -0.591339
v -0.608805 1.353807 -0.184678
v 0.299902 -1.353807 -0.561077
v -0.387502 1.410048 -0.318015
v -0.561078 -1.353807 -0.299902
v -0.299902 1.353807 -0.561077
v -0.633136 1.353807 -0.062358
v 0.062358 -1.353807 -0.633135
v -0.299902 -1.353807 -0.561077
v -0.608805 -1.353807 -0.184678
v -0.561078 1.353807 -0.299902
v 0.403600 1.353807 -0.491789
v 0.561078 1.353807 0.299902
v 0.299902 1.353807 0.561077
v 0.608805 1.353807 0.184679
v 0.184678 1.353807 -0.608805
v 0.062358 1.353807 0.633136
v 0.062358 1.353807 -0.633136
v 0.184679 1.353807 0.608805
v 0.491789 1.353807 0.403600
v 0.403601 1.353807 0.491789
v -0.184679 -1.353807 0.608805
v -0.491789 1.353807 -0.403600
v -0.062358 -1.353807 0.633136
v 0.491789 -1.353807 0.403601
v -0.184679 1.353807 0.608805
v 0.491789 -1.353807 -0.403601
v -0.403601 1.353807 0.491789
v 0.561078 1.353807 -0.299903
v -0.561078 1.353807 0.299902
v 0.403601 -1.353807 0.491789
v -0.633136 1.353807 0.062358
v 0.633136 1.353807 -0.062359
v 0.049135 -1.410048 -0.498876
v -0.442098 1.410048 -0.236306
v 0.442098 -1.410048 0.236306
v -0.145517 -1.410048 -0.479704
v -0.318015 1.410048 -0.387502
v -0.145517 1.410048 -0.479704
v 0.049135 -1.410048 0.498876
v 0.049135 1.410048 -0.498876
v -0.318015 -1.410048 0.387502
v -0.442098 -1.410048 -0.236306
v 0.387502 -1.410048 0.318015
v -0.387502 -1.410048 0.318015
v -0.442098 -1.410048 0.236307
v -0.479705 -1.410048 0.145517
v 0.498876 1.410048 -0.049135
v 0.318861 -1.452711 -0.170435
v -0.479705 1.410048 0.145517
v 0.442098 1.410048 0.236306
v 0.318015 1.410048 0.387502
v 0.236306 -1.410048 -0.442098
v -0.236307 -1.410048 0.442098
v 0.145517 1.410048 0.479704
v -0.049135 -1.410048 0.498876
v -0.498876 1.410049 -0.049135
v 0.145517 -1.410048 0.479705
v -0.236307 1.410048 -0.442098
v 0.318015 -1.410048 -0.387502
v 0.318015 -1.410048 0.387502
v -0.236307 1.410048 0.442098
v -0.049135 1.410048 -0.498876
v 0.145516 1.410048 -0.479705
v -0.049135 -1.410048 -0.498876
v -0.345985 1.452711 -0.104953
v -0.318861 1.452711 -0.170434
v 0.279484 -1.452711 0.229367
v 0.279484 -1.452711 -0.229367
v -0.318861 -1.452711 0.170435
v 0.345985 -1.452711 -0.104953
v 0.035438 -1.452711 0.359812
v 0.359812 -1.452711 0.035438
v 0.345985 1.452711 0.104953
v 0.318861 -1.452711 0.170435
v -0.279484 -1.452711 -0.229366
v 0.229367 -1.452711 0.279484
v -0.170435 -1.452711 -0.318861
v 0.104953 -1.452711 0.345985
v -0.035438 1.452711 -0.359812
v 0.359812 1.452711 0.035438
v 0.104953 -1.452711 -0.345984
v 0.170435 1.452711 -0.318861
v -0.279484 1.452711 0.229367
v 0.279484 1.452711 -0.229367
v -0.170435 1.452711 -0.318861
v 0.035438 -1.452711 -0.359812
v 0.359812 -1.452711 -0.035438
v -0.035438 1.452711 0.359812
v -0.345985 -1.452711 0.104954
v -0.170435 1.452711 0.318861
v 0.170435 -1.452711 -0.318861
v -0.359812 1.452711 -0.035438
v 0.170435 -1.452711 0.318861
v 0.345985 1.452711 -0.104954
v -0.359812 1.452711 0.035438
v -0.318861 -1.452711 -0.170434
v -0.217417 -1.481379 0.021414
v -0.192672 1.481379 -0.102985
v 0.168878 -1.481379 0.138595
v 0.168878 -1.481379 -0.138595
v 0.192672 -1.481379 -0.102985
v 0.209061 -1.481379 -0.063418
v 0.217416 -1.481379 -0.021413
v -0.021414 -1.481379 -0.217416
v 0.209061 -1.481379 0.063418
v -0.102985 -1.481379 0.192672
v -0.168878 -1.481379 -0.138595
v 0.138595 -1.481379 0.168878
v 0.102985 -1.481379 0.192672
v -0.063418 1.481379 -0.209061
v 0.217416 -1.481379 0.021414
v 0.021414 -1.481379 0.217417
v 0.102985 1.481379 -0.192672
v 0.138595 1.481379 -0.168878
v -0.192672 -1.481379 -0.102985
v -0.192672 -1.481379 0.102986
v -0.063418 -1.481379 -0.209061
v -0.021414 1.481379 0.217416
v -0.217417 1.481379 -0.021414
v -0.168878 1.481379 -0.138595
v 0.192672 -1.481379 0.102985
v -0.209061 1.481379 -0.063418
v -0.168878 1.481379 0.138595
v -0.102985 1.481379 -0.192672
v -0.063418 1.481379 0.209061
v -0.217417 1.481379 0.021413
v -0.168878 -1.481379 0.138595
v -1.422207 -0.073483 0.431422
v -0.007458 1.499764 -0.000735
v -0.007458 1.499764 0.000734
v -0.007171 1.499764 0.002175
v -0.006609 1.499764 0.003532
v -0.005793 1.499764 0.004754
v -0.004754 1.499764 0.005793
v -0.003532 1.499764 0.006609
v -0.002175 1.499764 0.007171
v -0.000734 1.499764 0.007457
v 0.000734 1.499764 0.007457
v 0.002175 1.499764 0.007171
v 0.003532 1.499764 0.006609
v 0.004754 1.499764 0.005793
v 0.005793 1.499764 0.004754
v 0.006609 1.499764 0.003532
v 0.007171 1.499764 0.002175
v 0.007458 1.499764 0.000734
v 0.007458 1.499764 -0.000735
v 0.007171 1.499764 -0.002175
v 0.006609 1.499764 -0.003533
v 0.005793 1.499764 -0.004754
v 0.004754 1.499764 -0.005793
v 0.003532 1.499764 -0.006609
v 0.002175 1.499764 -0.007171
v 0.000734 1.499764 -0.007458
v -0.000734 1.499764 -0.007458
v -0.002175 1.499764 -0.007171
v -0.003532 1.499764 -0.006609
v -0.004754 1.499764 -0.005793
v -0.005793 1.499764 -0.004754
v -0.006609 1.499764 -0.003533
v -0.007171 1.499764 -0.002175
v -0.007458 -1.499764 0.000735
v -0.007171 -1.499764 0.002175
v -0.006609 -1.499764 0.003533
v -0.005793 -1.499764 0.004754
v -0.004754 -1.499764 0.005793
v -0.003532 -1.499764 0.006609
v -0.002175 -1.499764 0.007171
v -0.000734 -1.499764 0.007458
v 0.000734 -1.499764 0.007458
v 0.002175 -1.499764 0.007171
v 0.003532 -1.499764 0.006609
v 0.004754 -1.499764 0.005793
v 0.005793 -1.499764 0.004754
v 0.006609 -1.499764 0.003533
v 0.007171 -1.499764 0.002175
v 0.007458 -1.499764 0.000735
v 0.007458 -1.499764 -0.000734
v 0.007171 -1.499764 -0.002175
v 0.006609 -1.499764 -0.003532
v 0.005793 -1.499764 -0.004754
v 0.004754 -1.499764 -0.005793
v 0.003532 -1.499764 -0.006609
v 0.002175 -1.499764 -0.007171
v 0.000734 -1.499764 -0.007457
v -0.000734 -1.499764 -0.007457
v -0.002175 -1.499764 -0.007171
v -0.003532 -1.499764 -0.006609
v -0.004754 -1.499764 -0.005793
v -0.005793 -1.499764 -0.004754
v -0.006609 -1.499764 -0.003532
v -0.007171 -1.499764 -0.002175
v -0.007458 -1.499764 -0.000734
v -0.078825 -1.495851 -0.007763
v -0.075795 -1.495851 -0.022992
v -0.069853 -1.495851 -0.037337
v -0.061227 -1.495851 -0.050248
v -0.050248 -1.495851 -0.061227
v -0.037337 -1.495851 -0.069853
v -0.022992 -1.495851 -0.075795
v -0.007763 -1.495851 -0.078825
v 0.007763 -1.495851 -0.078825
v 0.022992 -1.495851 -0.075795
v 0.037337 -1.495851 -0.069853
v 0.050248 -1.495851 -0.061227
v 0.061227 -1.495851 -0.050248
v 0.069853 -1.495851 -0.037337
v 0.075795 -1.495851 -0.022992
v 0.078825 -1.495851 -0.007763
v 0.078825 -1.495851 0.007764
v 0.075795 -1.495851 0.022992
v 0.069853 -1.495851 0.037337
v 0.061227 -1.495851 0.050248
v 0.050248 -1.495851 0.061227
v 0.037337 -1.495851 0.069853
v 0.022992 -1.495851 0.075796
v 0.007763 -1.495851 0.078825
v -0.007763 -1.495851 0.078825
v -0.022992 -1.495851 0.075796
v -0.037337 -1.495851 0.069853
v -0.050248 -1.495851 0.061227
v -0.061227 -1.495851 0.050248
v -0.069853 -1.495851 0.037337
v -0.075795 -1.495851 0.022992
v -0.078825 -1.495851 0.007764
v -0.075795 1.495851 -0.022992
v -0.069853 1.495851 -0.037337
v -0.061227 1.495851 -0.050248
v -0.050248 1.495851 -0.061227
v -0.037337 1.495851 -0.069853
v -0.022992 1.495851 -0.075795
v -0.007763 1.495851 -0.078825
v 0.007763 1.495851 -0.078825
v 0.022992 1.495851 -0.075796
v 0.037337 1.495851 -0.069853
v 0.050248 1.495851 -0.061227
v 0.061227 1.495851 -0.050248
v 0.069853 1.495851 -0.037337
v 0.075795 1.495851 -0.022992
v 0.078825 1.495851 -0.007764
v 0.078825 1.495851 0.007763
v 0.075795 1.495851 0.022992
v 0.069853 1.495851 0.037337
v 0.061227 1.495851 0.050248
v 0.050248 1.495851 0.061227
v 0.037337 1.495851 0.069853
v 0.022992 1.495851 0.075795
v 0.007763 1.495851 0.078825
v -0.007763 1.495851 0.078825
v -0.022992 1.495851 0.075795
v -0.037337 1.495851 0.069853
v -0.050248 1.495851 0.061227
v -0.061227 1.495851 0.050248
v -0.069853 1.495851 0.037337
v -0.075795 1.495851 0.022992
v -0.078825 1.495851 0.007763
v -0.078825 1.495851 -0.007764
vn -0.0991 -0.9949 -0.0197
vn -0.1427 -0.9888 -0.0433
vn -0.0968 -0.9949 -0.0293
vn -0.1822 -0.9804 -0.0755
vn -0.1378 -0.9888 -0.0571
vn -0.1926 -0.9805 -0.0383
vn -0.1887 -0.9804 -0.0572
vn -0.0825 0.9889 -0.1235
vn -0.1251 0.9804 -0.1524
vn -0.0946 0.9888 -0.1153
vn 0.1055 0.9888 0.1055
vn 0.1524 0.9804 0.1251
vn 0.1153 0.9888 0.0946
vn -0.1392 0.9804 -0.1392
vn -0.0562 0.9949 -0.0840
vn -0.0641 0.9949 -0.0781
vn -0.0714 0.9949 -0.0714
vn 0.1237 0.9889 -0.0827
vn 0.1518 0.9805 -0.1246
vn 0.1153 0.9888 -0.0946
vn 0.1639 0.9804 0.1095
vn 0.0714 0.9949 0.0714
vn 0.0782 0.9949 0.0642
vn 0.0841 0.9949 0.0562
vn 0.1378 0.9888 -0.0571
vn 0.1739 0.9804 -0.0929
vn 0.1315 0.9888 -0.0703
vn 0.1390 0.9805 -0.1390
vn 0.0841 0.9949 -0.0563
vn 0.0781 0.9949 -0.0641
vn 0.0714 0.9949 -0.0714
vn 0.1463 0.9888 -0.0291
vn 0.1887 0.9804 -0.0572
vn 0.1427 0.9888 -0.0433
vn 0.1639 0.9804 -0.1095
vn 0.0934 0.9949 -0.0387
vn 0.0891 0.9949 -0.0477
vn 0.1491 0.9888 -0.0000
vn 0.1962 0.9804 -0.0193
vn 0.1476 0.9889 -0.0145
vn 0.1817 0.9805 -0.0753
vn 0.0991 0.9949 -0.0197
vn 0.0967 0.9949 -0.0293
vn 0.0291 -0.9888 -0.1463
vn 0.0099 -0.9949 -0.1006
vn 0.0146 -0.9888 -0.1484
vn 0.1934 0.9804 -0.0385
vn 0.1012 0.9949 -0.0000
vn 0.1006 0.9949 -0.0099
vn 0.1372 0.9889 0.0569
vn 0.1881 0.9805 0.0571
vn 0.1427 0.9888 0.0433
vn -0.0000 -0.9949 -0.1012
vn 0.0384 -0.9805 -0.1929
vn 0.0193 -0.9804 -0.1962
vn -0.0000 -0.9804 -0.1972
vn -0.0829 0.9888 0.1240
vn -0.0929 0.9804 0.1739
vn -0.0703 0.9888 0.1315
vn 0.1928 0.9805 0.0383
vn 0.0933 0.9949 0.0387
vn 0.0968 0.9949 0.0293
vn 0.0990 0.9949 0.0197
vn -0.1463 0.9888 0.0291
vn -0.1887 0.9804 0.0572
vn -0.1422 0.9889 0.0432
vn -0.0755 0.9804 0.1822
vn -0.0562 0.9949 0.0840
vn -0.0476 0.9949 0.0891
vn -0.0387 0.9949 0.0934
vn 0.0829 0.9888 0.1240
vn 0.1246 0.9805 0.1518
vn 0.0946 0.9888 0.1153
vn -0.1816 0.9805 0.0752
vn -0.0991 0.9949 0.0197
vn -0.0968 0.9949 0.0294
vn -0.0935 0.9949 0.0387
vn 0.0571 0.9888 0.1378
vn 0.0929 0.9804 0.1739
vn 0.0703 0.9888 0.1315
vn 0.1390 0.9805 0.1389
vn 0.0562 0.9949 0.0840
vn 0.0641 0.9949 0.0781
vn 0.0290 0.9889 0.1458
vn 0.0572 0.9804 0.1887
vn 0.0432 0.9889 0.1422
vn 0.1095 0.9804 0.1639
vn 0.0387 0.9949 0.0933
vn 0.0477 0.9949 0.0892
vn -0.0000 0.9889 0.1488
vn 0.0193 0.9804 0.1962
vn 0.0146 0.9888 0.1484
vn 0.0753 0.9805 0.1817
vn 0.0197 0.9949 0.0991
vn 0.0293 0.9949 0.0967
vn -0.0000 0.9888 -0.1491
vn -0.0193 0.9804 -0.1962
vn -0.0145 0.9889 -0.1479
vn 0.0385 0.9804 0.1934
vn -0.0000 0.9949 0.1012
vn 0.0099 0.9949 0.1006
vn 0.0571 -0.9888 -0.1378
vn 0.0294 -0.9949 -0.0968
vn 0.0433 -0.9888 -0.1427
vn -0.0384 0.9805 -0.1929
vn -0.0000 0.9949 -0.1011
vn -0.0099 0.9949 -0.1006
vn -0.0197 0.9949 -0.0992
vn -0.1051 0.9889 0.1050
vn -0.1251 0.9804 0.1524
vn -0.0946 0.9888 0.1153
vn 0.0197 -0.9949 -0.0993
vn 0.0755 -0.9804 -0.1822
vn 0.0572 -0.9804 -0.1887
vn 0.0291 -0.9888 0.1463
vn 0.0293 -0.9949 0.0967
vn 0.0433 -0.9888 0.1427
vn -0.1095 0.9804 0.1639
vn -0.0715 0.9949 0.0715
vn -0.0642 0.9949 0.0782
vn 0.1463 0.9888 0.0291
vn 0.1962 0.9804 0.0193
vn 0.1484 0.9888 0.0146
vn 0.0387 -0.9949 0.0934
vn 0.0385 -0.9804 0.1934
vn 0.0572 -0.9804 0.1887
vn 0.0755 -0.9804 0.1822
vn -0.1378 0.9888 0.0571
vn -0.1739 0.9804 0.0929
vn -0.1315 0.9888 0.0703
vn 0.1968 0.9804 -0.0000
vn 0.1006 0.9949 0.0099
vn 0.0569 0.9889 -0.1373
vn 0.0572 0.9804 -0.1887
vn 0.0433 0.9888 -0.1427
vn -0.1639 0.9804 0.1095
vn -0.0891 0.9949 0.0477
vn -0.0840 0.9949 0.0561
vn 0.0291 0.9888 -0.1463
vn 0.0193 0.9804 -0.1962
vn 0.0146 0.9888 -0.1484
vn 0.0384 0.9805 -0.1929
vn 0.0387 0.9949 -0.0933
vn 0.0293 0.9949 -0.0968
vn 0.0197 0.9949 -0.0992
vn -0.0291 -0.9888 0.1463
vn -0.0099 -0.9949 0.1006
vn -0.0146 -0.9888 0.1484
vn -0.0000 0.9804 -0.1972
vn 0.0099 0.9949 -0.1007
vn -0.0569 -0.9889 0.1373
vn -0.0294 -0.9949 0.0968
vn -0.0433 -0.9888 0.1427
vn -0.0000 -0.9949 0.1012
vn -0.0385 -0.9804 0.1934
vn -0.0193 -0.9804 0.1962
vn -0.0000 -0.9805 0.1966
vn 0.1240 0.9888 0.0829
vn 0.1739 0.9804 0.0929
vn 0.1315 0.9888 0.0703
vn -0.0197 -0.9949 0.0991
vn -0.0753 -0.9804 0.1819
vn -0.0572 -0.9804 0.1887
vn -0.1055 -0.9888 0.1055
vn -0.0642 -0.9949 0.0782
vn -0.0946 -0.9888 0.1153
vn 0.1822 0.9804 0.0755
vn 0.0891 0.9949 0.0476
vn 0.1055 -0.9888 -0.1055
vn 0.0641 -0.9949 -0.0781
vn 0.0946 -0.9888 -0.1153
vn -0.0562 -0.9949 0.0842
vn -0.1392 -0.9804 0.1392
vn -0.1251 -0.9804 0.1524
vn -0.1093 -0.9804 0.1637
vn -0.0829 -0.9888 -0.1240
vn -0.0641 -0.9949 -0.0781
vn -0.0946 -0.9888 -0.1153
vn 0.0563 -0.9949 -0.0842
vn 0.1394 -0.9804 -0.1394
vn 0.1251 -0.9804 -0.1524
vn 0.1095 -0.9804 -0.1639
vn -0.1463 -0.9888 0.0291
vn -0.0967 -0.9949 0.0293
vn -0.1427 -0.9888 0.0433
vn -0.0714 -0.9949 -0.0714
vn -0.1094 -0.9804 -0.1637
vn -0.1251 -0.9804 -0.1524
vn -0.1394 -0.9804 -0.1394
vn -0.0571 -0.9888 -0.1378
vn -0.0477 -0.9949 -0.0892
vn -0.0702 -0.9889 -0.1312
vn -0.0934 -0.9949 0.0387
vn -0.1934 -0.9804 0.0385
vn -0.1887 -0.9804 0.0572
vn -0.1822 -0.9804 0.0755
vn -0.1456 -0.9889 -0.0289
vn -0.1007 -0.9949 -0.0099
vn -0.1484 -0.9888 -0.0146
vn -0.0562 -0.9949 -0.0840
vn -0.0753 -0.9804 -0.1819
vn -0.0927 -0.9805 -0.1735
vn -0.0000 -0.9695 -0.2452
vn -0.0193 -0.9804 -0.1962
vn -0.0240 -0.9695 -0.2440
vn -0.1486 -0.9889 -0.0000
vn -0.1959 -0.9804 -0.0193
vn -0.1972 -0.9804 -0.0000
vn -0.1362 -0.9695 0.2039
vn -0.0929 -0.9804 0.1739
vn -0.1156 -0.9695 0.2162
vn -0.0385 -0.9804 -0.1934
vn -0.0000 -0.9562 -0.2927
vn -0.0287 -0.9563 -0.2910
vn -0.0571 -0.9562 -0.2871
vn 0.1730 -0.9696 -0.1730
vn 0.1555 -0.9695 -0.1895
vn -0.1626 -0.9562 0.2434
vn -0.1378 -0.9563 0.2577
vn -0.1118 -0.9564 0.2699
vn 0.1362 0.9695 0.2039
vn 0.1857 0.9562 0.2263
vn 0.1555 0.9695 0.1895
vn 0.2070 -0.9562 -0.2070
vn 0.1853 -0.9564 -0.2258
vn 0.1626 -0.9562 -0.2434
vn 0.2265 0.9695 -0.0938
vn 0.2579 0.9563 -0.1378
vn 0.2162 0.9695 -0.1156
vn 0.2070 0.9562 0.2070
vn 0.0478 0.9695 0.2405
vn 0.0850 0.9562 0.2801
vn 0.0712 0.9695 0.2346
vn 0.2434 0.9562 -0.1626
vn 0.2452 0.9695 -0.0000
vn 0.2913 0.9562 -0.0287
vn 0.2437 0.9696 -0.0240
vn 0.1120 0.9562 0.2704
vn 0.2261 -0.9696 0.0936
vn 0.1887 -0.9804 0.0572
vn 0.2346 -0.9695 0.0712
vn 0.2871 0.9562 -0.0571
vn 0.1731 0.9696 -0.1731
vn 0.1857 0.9562 -0.2263
vn 0.1555 0.9695 -0.1895
vn 0.1929 -0.9805 0.0384
vn 0.2699 -0.9564 0.1118
vn 0.2795 -0.9564 0.0848
vn 0.2871 -0.9562 0.0571
vn 0.2039 0.9695 0.1362
vn 0.2581 0.9562 0.1380
vn 0.2162 0.9695 0.1156
vn 0.1626 0.9562 -0.2434
vn 0.1251 0.9804 -0.1524
vn 0.1094 0.9804 -0.1637
vn 0.1731 0.9696 0.1731
vn 0.2263 0.9562 0.1857
vn 0.1895 0.9695 0.1555
vn 0.2704 0.9562 0.1120
vn -0.1362 0.9695 -0.2039
vn -0.1857 0.9562 -0.2263
vn -0.1555 0.9695 -0.1895
vn 0.2434 0.9562 0.1626
vn -0.2265 0.9695 0.0938
vn -0.2581 0.9562 0.1380
vn -0.2159 0.9696 0.1154
vn -0.2070 0.9562 -0.2070
vn -0.1095 0.9804 -0.1639
vn -0.0478 0.9695 -0.2405
vn -0.0850 0.9562 -0.2801
vn -0.0712 0.9695 -0.2346
vn -0.2434 0.9562 0.1626
vn -0.0000 0.9695 0.2452
vn 0.0286 0.9563 0.2910
vn 0.0240 0.9695 0.2440
vn -0.1118 0.9563 -0.2700
vn -0.0571 0.9804 -0.1884
vn -0.0753 0.9805 -0.1817
vn 0.0478 0.9695 -0.2405
vn 0.0287 0.9562 -0.2913
vn 0.0240 0.9695 -0.2440
vn 0.0571 0.9562 0.2871
vn -0.0000 0.9804 0.1972
vn 0.0938 0.9695 -0.2265
vn 0.0850 0.9562 -0.2801
vn 0.0712 0.9695 -0.2346
vn -0.0000 0.9562 -0.2927
vn -0.0478 -0.9695 0.2405
vn -0.0240 -0.9695 0.2440
vn 0.0571 0.9562 -0.2871
vn 0.0755 0.9804 -0.1822
vn -0.1734 0.9695 -0.1734
vn -0.2263 0.9562 -0.1857
vn -0.1895 0.9695 -0.1555
vn -0.0571 -0.9562 0.2871
vn -0.0286 -0.9563 0.2908
vn -0.0000 -0.9563 0.2924
vn -0.1734 0.9695 0.1734
vn -0.1857 0.9562 0.2263
vn -0.1555 0.9695 0.1895
vn -0.2434 0.9562 -0.1626
vn -0.1520 0.9805 -0.1247
vn -0.1639 0.9804 -0.1095
vn -0.0938 0.9695 0.2265
vn -0.0850 0.9562 0.2801
vn -0.0711 0.9696 0.2343
vn -0.1626 0.9562 0.2434
vn -0.1392 0.9804 0.1392
vn -0.0477 -0.9696 -0.2400
vn -0.0572 -0.9804 -0.1887
vn -0.0710 -0.9696 -0.2341
vn -0.0571 0.9562 0.2871
vn -0.0572 0.9804 0.1887
vn -0.0383 0.9805 0.1926
vn -0.2452 -0.9695 -0.0000
vn -0.1962 -0.9804 0.0193
vn -0.2434 -0.9696 0.0240
vn -0.0847 -0.9564 -0.2795
vn -0.1120 -0.9562 -0.2704
vn 0.0829 -0.9888 -0.1240
vn 0.0477 -0.9949 -0.0892
vn 0.0701 -0.9889 -0.1311
vn -0.2927 -0.9562 -0.0000
vn -0.2908 -0.9563 0.0287
vn -0.2871 -0.9562 0.0571
vn -0.2405 0.9695 0.0478
vn -0.2801 0.9562 0.0850
vn -0.2342 0.9696 0.0710
vn 0.0387 -0.9949 -0.0934
vn 0.0929 -0.9804 -0.1739
vn -0.2265 -0.9695 -0.0938
vn -0.2346 -0.9695 -0.0712
vn -0.2698 0.9564 0.1117
vn -0.1927 0.9805 0.0383
vn -0.1734 -0.9695 0.1734
vn -0.1555 -0.9695 0.1895
vn -0.2704 -0.9562 -0.1120
vn -0.2801 -0.9562 -0.0850
vn -0.2866 -0.9563 -0.0570
vn -0.2039 -0.9695 0.1362
vn -0.1524 -0.9804 0.1251
vn -0.1895 -0.9695 0.1555
vn -0.2067 -0.9563 0.2067
vn -0.1852 -0.9564 0.2257
vn 0.0938 0.9695 0.2265
vn 0.1380 0.9562 0.2581
vn 0.1156 0.9695 0.2162
vn -0.2434 -0.9562 0.1626
vn -0.2263 -0.9562 0.1857
vn -0.0938 -0.9695 0.2265
vn -0.0710 -0.9696 0.2343
vn 0.1626 0.9562 0.2434
vn -0.1362 -0.9695 -0.2039
vn -0.1555 -0.9695 -0.1895
vn -0.0848 -0.9563 0.2797
vn -0.2401 -0.9696 -0.0478
vn -0.2440 -0.9695 -0.0240
vn -0.1623 -0.9564 -0.2428
vn -0.1857 -0.9562 -0.2263
vn -0.2066 -0.9563 -0.2066
vn -0.3327 -0.9407 -0.0661
vn -0.2913 -0.9562 -0.0287
vn -0.3379 -0.9406 -0.0333
vn 0.1884 0.9407 -0.2820
vn 0.1817 0.9227 -0.3399
vn 0.1600 0.9406 -0.2994
vn -0.3395 -0.9406 -0.0000
vn -0.3780 -0.9227 -0.0752
vn -0.3836 -0.9227 -0.0378
vn -0.3854 -0.9227 -0.0000
vn -0.2401 -0.9406 -0.2401
vn -0.2263 -0.9562 -0.1857
vn -0.2624 -0.9406 -0.2154
vn 0.1475 0.9227 -0.3561
vn 0.1380 0.9562 -0.2581
vn 0.1120 0.9562 -0.2704
vn -0.1886 -0.9406 -0.2823
vn -0.2154 -0.9406 -0.2624
vn -0.2434 -0.9562 -0.1626
vn -0.2725 -0.9227 -0.2725
vn -0.2979 -0.9227 -0.2445
vn -0.3205 -0.9227 -0.2141
vn -0.1299 -0.9406 -0.3136
vn -0.1380 -0.9562 -0.2581
vn -0.1600 -0.9406 -0.2994
vn -0.2141 -0.9227 -0.3205
vn -0.2442 -0.9230 -0.2974
vn 0.3330 0.9406 0.0662
vn 0.3827 0.9231 0.0377
vn 0.3379 0.9406 0.0333
vn -0.1474 -0.9229 -0.3558
vn -0.1817 -0.9227 -0.3399
vn -0.0000 0.9408 0.3389
vn 0.0378 0.9227 0.3836
vn 0.0332 0.9408 0.3374
vn 0.3854 0.9227 -0.0000
vn 0.2871 0.9562 0.0571
vn 0.2913 0.9562 0.0287
vn 0.2921 0.9564 -0.0000
vn 0.1299 -0.9406 -0.3136
vn 0.0850 -0.9562 -0.2801
vn 0.0985 -0.9406 -0.3249
vn 0.0751 0.9229 0.3777
vn -0.0000 0.9562 0.2927
vn -0.1297 0.9408 0.3131
vn -0.1119 0.9227 0.3688
vn -0.0985 0.9406 0.3249
vn 0.0571 -0.9562 -0.2871
vn 0.1473 -0.9230 -0.3556
vn 0.1119 -0.9227 -0.3688
vn 0.0751 -0.9229 -0.3777
vn 0.2401 0.9406 -0.2401
vn 0.2445 0.9227 -0.2979
vn 0.2154 0.9406 -0.2624
vn -0.0752 0.9227 0.3780
vn -0.1120 0.9562 0.2704
vn -0.2401 0.9406 0.2401
vn -0.2445 0.9227 0.2979
vn -0.2152 0.9407 0.2622
vn 0.2141 0.9227 -0.3205
vn 0.2070 0.9562 -0.2070
vn -0.2823 0.9406 0.1886
vn -0.2979 0.9227 0.2445
vn -0.2622 0.9407 0.2152
vn -0.2141 0.9227 0.3205
vn -0.2070 0.9562 0.2070
vn -0.3136 0.9406 0.1299
vn -0.3396 0.9229 0.1816
vn -0.2994 0.9406 0.1600
vn -0.2725 0.9227 0.2725
vn -0.2263 0.9562 0.1857
vn 0.3330 -0.9406 -0.0662
vn 0.2801 -0.9562 -0.0850
vn 0.3246 -0.9407 -0.0985
vn -0.3205 0.9227 0.2141
vn -0.3379 -0.9406 0.0333
vn 0.2700 -0.9563 -0.1118
vn 0.3780 -0.9227 -0.0752
vn 0.3684 -0.9229 -0.1118
vn 0.3561 -0.9227 -0.1475
vn 0.3330 -0.9406 0.0662
vn 0.2913 -0.9562 0.0287
vn 0.3379 -0.9406 0.0333
vn -0.3836 -0.9227 0.0378
vn -0.3780 -0.9227 0.0752
vn 0.3136 -0.9406 0.1299
vn 0.3249 -0.9406 0.0985
vn 0.2927 -0.9562 -0.0000
vn 0.3780 -0.9227 0.0752
vn 0.3836 -0.9227 0.0378
vn 0.3854 -0.9227 -0.0000
vn 0.3136 0.9406 0.1299
vn 0.3688 0.9227 0.1119
vn 0.3249 0.9406 0.0985
vn 0.3561 -0.9227 0.1475
vn 0.3684 -0.9229 0.1118
vn 0.3136 0.9406 -0.1299
vn 0.3397 0.9229 -0.1815
vn 0.2994 0.9406 -0.1600
vn 0.3780 0.9227 0.0752
vn 0.2801 0.9562 0.0850
vn 0.2823 0.9406 -0.1886
vn 0.2979 0.9227 -0.2445
vn 0.2624 0.9406 -0.2154
vn 0.3205 0.9227 -0.2141
vn 0.2699 0.9564 -0.1118
vn 0.3132 -0.9408 -0.1297
vn 0.2581 -0.9562 -0.1380
vn 0.2994 -0.9406 -0.1600
vn 0.2725 0.9227 -0.2725
vn 0.2263 0.9562 -0.1857
vn -0.3395 0.9406 -0.0000
vn -0.3836 0.9227 0.0378
vn -0.3379 0.9406 0.0333
vn 0.2427 -0.9564 -0.1622
vn 0.3399 -0.9227 -0.1817
vn 0.3205 -0.9227 -0.2141
vn -0.3136 0.9406 -0.1299
vn -0.3685 0.9229 -0.1118
vn -0.3249 0.9406 -0.0986
vn -0.3780 0.9227 0.0752
vn -0.2921 0.9564 -0.0000
vn -0.2913 0.9562 0.0287
vn -0.2871 0.9562 0.0571
vn -0.1299 -0.9406 0.3136
vn -0.0985 -0.9406 0.3249
vn -0.3780 0.9227 -0.0752
vn -0.2704 0.9562 -0.1120
vn -0.2801 0.9562 -0.0850
vn -0.2871 0.9562 -0.0571
vn -0.3136 -0.9406 -0.1299
vn -0.3244 -0.9408 -0.0984
vn -0.1475 -0.9227 0.3561
vn -0.1119 -0.9227 0.3688
vn -0.0752 -0.9227 0.3780
vn 0.1299 -0.9406 0.3136
vn 0.1378 -0.9563 0.2577
vn 0.1600 -0.9406 0.2994
vn -0.3561 -0.9227 -0.1475
vn -0.3688 -0.9227 -0.1119
vn 0.2398 0.9407 0.2398
vn 0.2979 0.9227 0.2445
vn 0.2620 0.9408 0.2150
vn 0.1623 -0.9564 0.2429
vn 0.1474 -0.9229 0.3557
vn 0.1817 -0.9227 0.3399
vn 0.2139 -0.9229 0.3201
vn 0.2823 -0.9406 -0.1886
vn 0.2263 -0.9562 -0.1857
vn 0.2622 -0.9407 -0.2152
vn 0.3205 0.9227 0.2141
vn 0.1299 0.9406 0.3136
vn 0.1817 0.9227 0.3399
vn 0.1600 0.9406 0.2994
vn 0.2976 -0.9229 -0.2443
vn 0.2725 -0.9227 -0.2725
vn 0.3330 0.9406 -0.0662
vn 0.3688 0.9227 -0.1119
vn 0.3249 0.9406 -0.0986
vn 0.2138 0.9230 0.3200
vn 0.3395 -0.9406 -0.0000
vn 0.2908 -0.9563 -0.0286
vn 0.3379 -0.9406 -0.0333
vn 0.3561 0.9227 -0.1475
vn 0.2797 0.9563 -0.0848
vn -0.0661 0.9409 0.3322
vn -0.0377 0.9231 0.3827
vn -0.0333 0.9406 0.3379
vn 0.2865 -0.9564 -0.0570
vn 0.3830 -0.9230 -0.0377
vn 0.4222 0.9026 -0.0840
vn 0.4539 0.8803 -0.1377
vn 0.4116 0.9028 -0.1249
vn -0.0000 0.9229 0.3851
vn -0.0287 0.9562 0.2913
vn 0.2390 0.9028 -0.3576
vn 0.2236 0.8803 -0.4183
vn 0.2029 0.9026 -0.3796
vn 0.4382 0.8803 -0.1815
vn 0.3780 0.9227 -0.0752
vn -0.3044 -0.9026 -0.3044
vn -0.3327 -0.9026 -0.2731
vn 0.1815 0.8803 -0.4382
vn -0.2391 -0.9026 -0.3579
vn -0.2731 -0.9026 -0.3327
vn -0.3354 -0.8803 -0.3354
vn -0.3667 -0.8803 -0.3009
vn -0.3944 -0.8803 -0.2635
vn -0.4222 0.9026 0.0840
vn -0.4539 0.8803 0.1377
vn -0.4119 0.9026 0.1249
vn -0.2635 -0.8803 -0.3944
vn -0.3005 -0.8807 -0.3662
vn -0.0840 -0.9026 -0.4222
vn -0.1119 -0.9227 -0.3688
vn -0.1247 -0.9030 -0.4112
vn -0.4382 0.8803 0.1815
vn -0.3688 0.9227 0.1119
vn -0.3558 0.9229 0.1474
vn -0.0000 -0.9026 -0.4304
vn -0.0378 -0.9227 -0.3836
vn -0.0421 -0.9029 -0.4278
vn -0.0925 -0.8803 -0.4652
vn -0.1377 -0.8803 -0.4539
vn -0.1815 -0.8803 -0.4382
vn -0.0000 0.9026 -0.4304
vn -0.0465 0.8803 -0.4721
vn -0.0421 0.9028 -0.4279
vn -0.0752 -0.9227 -0.3780
vn -0.0000 -0.8806 -0.4739
vn -0.0465 -0.8803 -0.4721
vn 0.1647 -0.9026 -0.3977
vn 0.1247 -0.9030 -0.4111
vn -0.0925 0.8803 -0.4652
vn -0.0000 0.9227 -0.3854
vn -0.0377 0.9229 -0.3831
vn -0.0752 0.9227 -0.3780
vn 0.4222 0.9026 0.0840
vn 0.4721 0.8803 0.0465
vn 0.4284 0.9026 0.0422
vn 0.1815 -0.8803 -0.4382
vn 0.1376 -0.8805 -0.4536
vn 0.0925 -0.8803 -0.4652
vn -0.0840 0.9026 -0.4222
vn -0.1376 0.8805 -0.4536
vn -0.1249 0.9026 -0.4119
vn 0.4744 0.8803 -0.0000
vn -0.2391 0.9026 0.3579
vn -0.2236 0.8803 0.4183
vn -0.2029 0.9026 0.3796
vn -0.1814 0.8805 -0.4380
vn -0.1118 0.9229 -0.3684
vn -0.1475 0.9227 -0.3561
vn 0.3972 -0.9029 -0.1645
vn 0.3790 -0.9029 -0.2027
vn -0.1814 0.8805 0.4380
vn -0.1817 0.9227 0.3399
vn -0.1475 0.9227 0.3561
vn 0.4222 -0.9026 -0.0840
vn 0.4119 -0.9026 -0.1249
vn 0.4382 -0.8803 -0.1815
vn 0.4183 -0.8803 -0.2236
vn 0.3944 -0.8803 -0.2635
vn 0.4304 -0.9026 -0.0000
vn 0.4284 -0.9026 -0.0422
vn 0.4652 -0.8803 -0.0925
vn 0.4539 -0.8803 -0.1377
vn 0.4222 -0.9026 0.0840
vn 0.4284 -0.9026 0.0422
vn 0.4743 -0.8803 -0.0000
vn 0.4721 -0.8803 -0.0465
vn 0.3977 -0.9026 0.1647
vn 0.4113 -0.9029 0.1247
vn 0.4649 -0.8805 0.0925
vn 0.4721 -0.8803 0.0465
vn 0.3579 -0.9026 0.2391
vn 0.3395 -0.9229 0.1815
vn 0.3796 -0.9026 0.2029
vn 0.4382 -0.8803 0.1815
vn 0.4539 -0.8803 0.1377
vn -0.4304 -0.9026 -0.0000
vn -0.4279 -0.9028 0.0421
vn 0.3944 -0.8803 0.2635
vn 0.4181 -0.8805 0.2235
vn 0.3579 0.9026 -0.2391
vn 0.3667 0.8803 -0.3009
vn 0.3327 0.9026 -0.2731
vn -0.4739 -0.8806 -0.0000
vn -0.4718 -0.8805 0.0465
vn -0.4652 -0.8803 0.0925
vn 0.1647 -0.9026 0.3977
vn 0.2026 -0.9030 0.3790
vn 0.3351 0.8806 -0.3351
vn 0.0840 -0.9026 0.4222
vn 0.1117 -0.9230 0.3682
vn 0.1249 -0.9026 0.4119
vn 0.1815 -0.8803 0.4382
vn 0.2236 -0.8803 0.4183
vn 0.2635 -0.8803 0.3944
vn -0.0840 0.9026 0.4222
vn -0.0465 0.8806 0.4716
vn -0.0422 0.9026 0.4284
vn 0.0925 -0.8803 0.4652
vn 0.1377 -0.8803 0.4539
vn -0.0000 -0.9026 0.4304
vn 0.0378 -0.9227 0.3836
vn 0.0422 -0.9026 0.4284
vn -0.0000 0.8803 0.4744
vn 0.3044 -0.9026 -0.3044
vn 0.2439 -0.9231 -0.2973
vn 0.2731 -0.9026 -0.3327
vn 0.0751 -0.9229 0.3776
vn -0.0000 -0.8803 0.4743
vn 0.0465 -0.8803 0.4721
vn -0.2391 -0.9026 0.3579
vn -0.1815 -0.9229 0.3395
vn -0.2029 -0.9026 0.3796
vn 0.2139 -0.9229 -0.3201
vn 0.3354 -0.8803 -0.3354
vn 0.3006 -0.8806 -0.3664
vn 0.2635 -0.8803 -0.3944
vn -0.3579 0.9026 0.2391
vn -0.3667 0.8803 0.3009
vn -0.3327 0.9026 0.2731
vn -0.2635 -0.8803 0.3944
vn -0.2236 -0.8803 0.4183
vn -0.1815 -0.8803 0.4382
vn -0.3575 -0.9028 0.2389
vn -0.2979 -0.9227 0.2445
vn -0.3324 -0.9028 0.2728
vn -0.3354 0.8803 0.3354
vn -0.3039 -0.9029 0.3039
vn -0.2445 -0.9227 0.2979
vn -0.2727 -0.9029 0.3322
vn -0.2725 -0.9227 0.2725
vn -0.3944 -0.8803 0.2635
vn -0.3662 -0.8807 0.3005
vn -0.3354 -0.8803 0.3354
vn -0.4222 -0.9026 0.0840
vn -0.3685 -0.9229 0.1118
vn -0.4119 -0.9026 0.1249
vn -0.2141 -0.9227 0.3205
vn -0.3009 -0.8803 0.3667
vn -0.3977 -0.9026 0.1647
vn -0.3399 -0.9227 0.1817
vn -0.3796 -0.9026 0.2029
vn -0.3561 -0.9227 0.1475
vn -0.4539 -0.8803 0.1377
vn -0.4382 -0.8803 0.1815
vn -0.4222 -0.9026 -0.0840
vn -0.4284 -0.9026 -0.0422
vn -0.3205 -0.9227 0.2141
vn -0.4183 -0.8803 0.2236
vn -0.0000 -0.8559 -0.5171
vn -0.0506 -0.8564 -0.5139
vn -0.4652 -0.8803 -0.0925
vn -0.4721 -0.8803 -0.0465
vn -0.4777 0.8559 0.1979
vn -0.4926 0.8295 0.2633
vn -0.4558 0.8561 0.2436
vn -0.0000 -0.8295 -0.5586
vn -0.0548 -0.8295 -0.5559
vn -0.1090 -0.8295 -0.5478
vn -0.3656 -0.8559 -0.3656
vn -0.3997 -0.8559 -0.3280
vn -0.4640 0.8298 0.3101
vn -0.4183 0.8803 0.2236
vn -0.3944 0.8803 0.2635
vn 0.1979 -0.8559 0.4777
vn 0.2438 -0.8559 0.4560
vn -0.3950 -0.8295 -0.3950
vn -0.4312 -0.8299 -0.3539
vn -0.4644 -0.8295 -0.3103
vn -0.1979 -0.8559 -0.4777
vn -0.2236 -0.8803 -0.4183
vn -0.2438 -0.8559 -0.4560
vn 0.2138 -0.8295 0.5160
vn 0.2633 -0.8295 0.4926
vn 0.3101 -0.8297 0.4641
vn -0.1009 -0.8559 -0.5072
vn -0.1499 -0.8562 -0.4944
vn -0.2138 -0.8295 -0.5160
vn -0.2633 -0.8295 -0.4926
vn -0.3103 -0.8295 -0.4644
vn 0.1009 -0.8559 -0.5072
vn 0.0465 -0.8803 -0.4721
vn 0.0507 -0.8559 -0.5146
vn -0.1621 -0.8295 -0.5345
vn 0.4773 -0.8562 0.1977
vn 0.4948 -0.8559 0.1501
vn 0.1090 -0.8295 -0.5478
vn 0.0547 -0.8295 -0.5559
vn 0.4772 -0.8563 -0.1976
vn 0.4560 -0.8559 -0.2438
vn 0.5160 -0.8295 0.2138
vn 0.5345 -0.8295 0.1621
vn 0.5478 -0.8295 0.1090
vn -0.4300 0.8559 -0.2873
vn -0.4926 0.8295 -0.2633
vn -0.4560 0.8559 -0.2438
vn 0.5160 -0.8295 -0.2138
vn 0.4926 -0.8295 -0.2633
vn 0.4644 -0.8295 -0.3103
vn 0.3653 -0.8562 -0.3653
vn 0.3280 -0.8559 -0.3997
vn -0.5160 0.8295 -0.2138
vn -0.3944 0.8803 -0.2635
vn -0.4183 0.8803 -0.2236
vn -0.4382 0.8803 -0.1815
vn 0.4300 -0.8559 -0.2873
vn 0.3667 -0.8803 -0.3009
vn 0.3997 -0.8559 -0.3280
vn 0.3950 -0.8295 -0.3950
vn 0.3544 -0.8295 -0.4318
vn 0.3103 -0.8295 -0.4644
vn -0.4777 -0.8559 -0.1979
vn -0.4539 -0.8803 -0.1377
vn -0.4948 -0.8559 -0.1501
vn 0.4318 -0.8295 -0.3543
vn 0.5072 -0.8559 -0.1009
vn 0.4948 -0.8559 -0.1501
vn -0.5160 -0.8295 -0.2138
vn -0.5345 -0.8295 -0.1621
vn -0.5478 -0.8295 -0.1090
vn 0.5167 -0.8562 -0.0000
vn 0.5146 -0.8559 -0.0507
vn 0.5478 -0.8295 -0.1090
vn 0.5345 -0.8295 -0.1621
vn 0.5068 -0.8562 0.1008
vn 0.5140 -0.8563 0.0506
vn 0.5586 -0.8295 -0.0000
vn 0.5559 -0.8295 -0.0547
vn -0.5164 0.8563 -0.0000
vn -0.5559 0.8295 0.0547
vn -0.5143 0.8561 0.0506
vn 0.5559 -0.8295 0.0547
vn -0.4299 -0.8559 0.2873
vn -0.3993 -0.8563 0.3277
vn -0.5478 0.8295 0.1090
vn -0.4744 0.8803 -0.0000
vn -0.4721 0.8803 0.0465
vn -0.4652 0.8803 0.0925
vn 0.3656 -0.8559 0.3656
vn 0.3667 -0.8803 0.3009
vn 0.3997 -0.8559 0.3280
vn -0.4644 -0.8295 0.3103
vn -0.4318 -0.8295 0.3544
vn -0.3950 -0.8295 0.3950
vn 0.2873 -0.8559 0.4300
vn 0.3009 -0.8803 0.3667
vn 0.3280 -0.8559 0.3997
vn 0.3950 -0.8295 0.3950
vn 0.4318 -0.8295 0.3544
vn 0.4644 -0.8295 0.3103
vn -0.2391 0.9026 -0.3579
vn -0.3009 0.8803 -0.3667
vn -0.2731 0.9026 -0.3327
vn 0.3354 -0.8803 0.3354
vn 0.3544 -0.8295 0.4318
vn 0.1009 -0.8559 0.5072
vn 0.1501 -0.8559 0.4948
vn -0.3354 0.8803 -0.3354
vn -0.2141 0.9227 -0.3205
vn -0.2445 0.9227 -0.2979
vn -0.2725 0.9227 -0.2726
vn -0.0000 -0.8559 0.5171
vn 0.0507 -0.8559 0.5146
vn 0.1090 -0.8295 0.5478
vn 0.1621 -0.8295 0.5345
vn 0.2873 -0.8559 -0.4300
vn 0.2236 -0.8803 -0.4183
vn 0.2438 -0.8559 -0.4560
vn -0.0000 -0.8295 0.5586
vn 0.0547 -0.8295 0.5559
vn -0.1979 -0.8559 0.4777
vn -0.1377 -0.8803 0.4539
vn -0.1501 -0.8559 0.4948
vn 0.2633 -0.8295 -0.4926
vn 0.2138 -0.8295 -0.5160
vn 0.5064 0.8564 -0.1007
vn 0.5345 0.8295 -0.1621
vn 0.4948 0.8559 -0.1501
vn -0.0925 -0.8803 0.4652
vn -0.2138 -0.8295 0.5160
vn -0.1621 -0.8295 0.5345
vn -0.1090 -0.8295 0.5478
vn 0.3656 0.8559 0.3656
vn 0.4318 0.8295 0.3543
vn 0.3994 0.8562 0.3278
vn 0.5160 0.8295 -0.2138
vn 0.4652 0.8803 -0.0925
vn -0.3656 -0.8559 0.3656
vn -0.3280 -0.8559 0.3997
vn 0.4644 0.8295 0.3103
vn 0.3354 0.8803 0.3354
vn 0.3665 0.8805 0.3007
vn 0.3944 0.8803 0.2635
vn -0.4771 -0.8563 0.1976
vn -0.4560 -0.8559 0.2438
vn -0.3544 -0.8295 0.4318
vn -0.3103 -0.8295 0.4644
vn -0.5068 -0.8562 0.1008
vn -0.4946 -0.8561 0.1500
vn -0.5160 -0.8295 0.2138
vn -0.4926 -0.8295 0.2633
vn -0.5167 -0.8562 -0.0000
vn -0.5146 -0.8559 0.0507
vn -0.5478 -0.8295 0.1090
vn -0.5345 -0.8295 0.1621
vn 0.5072 0.8559 0.1009
vn 0.5559 0.8295 0.0547
vn 0.5146 0.8559 0.0507
vn -0.5586 -0.8295 -0.0000
vn -0.5559 -0.8295 0.0547
vn -0.5983 0.8013 -0.0000
vn -0.6342 0.7706 0.0625
vn -0.5958 0.8010 0.0587
vn 0.5586 0.8295 -0.0000
vn 0.4649 0.8805 0.0925
vn -0.4978 -0.8010 -0.3326
vn -0.4926 -0.8295 -0.2633
vn -0.5280 -0.8010 -0.2822
vn -0.6250 0.7706 0.1243
vn -0.5586 0.8295 -0.0000
vn -0.5868 -0.8013 0.1167
vn -0.5729 -0.8010 0.1738
vn -0.5299 -0.7706 -0.3541
vn -0.5620 -0.7706 -0.3004
vn -0.5888 -0.7706 -0.2439
vn -0.2289 -0.8013 0.5527
vn -0.1738 -0.8010 0.5729
vn -0.6250 -0.7706 0.1243
vn -0.6098 -0.7706 0.1850
vn -0.5888 -0.7706 0.2439
vn -0.2289 -0.8013 -0.5527
vn -0.2822 -0.8010 -0.5280
vn -0.2439 -0.7706 0.5888
vn -0.1850 -0.7706 0.6098
vn -0.1243 -0.7706 0.6250
vn -0.5868 0.8013 0.1167
vn -0.6098 0.7706 0.1850
vn -0.5729 0.8010 0.1738
vn -0.2439 -0.7706 -0.5888
vn -0.3004 -0.7706 -0.5620
vn -0.3541 -0.7706 -0.5299
vn 0.4233 -0.8010 0.4233
vn 0.4628 -0.8010 0.3798
vn -0.5888 0.7706 0.2439
vn -0.5345 0.8295 0.1621
vn -0.5160 0.8295 0.2138
vn 0.1168 -0.8010 -0.5872
vn 0.0587 -0.8010 -0.5958
vn 0.4506 -0.7706 0.4506
vn 0.4926 -0.7706 0.4043
vn 0.5299 -0.7706 0.3541
vn -0.4978 0.8010 0.3326
vn -0.4926 0.7706 0.4043
vn -0.4628 0.8010 0.3798
vn 0.1243 -0.7709 -0.6248
vn 0.0625 -0.7706 -0.6342
vn -0.0000 -0.7706 -0.6373
vn 0.3326 -0.8010 -0.4978
vn 0.2822 -0.8010 -0.5280
vn -0.4506 0.7706 0.4506
vn -0.4318 0.8295 0.3544
vn -0.3950 0.8295 0.3950
vn 0.4230 -0.8013 -0.4230
vn 0.3795 -0.8013 -0.4625
vn 0.3541 -0.7706 -0.5299
vn 0.3004 -0.7706 -0.5620
vn 0.2439 -0.7706 -0.5888
vn 0.4978 -0.8010 -0.3326
vn 0.4628 -0.8010 -0.3798
vn 0.4506 -0.7706 -0.4506
vn 0.4039 -0.7711 -0.4922
vn 0.5531 -0.8010 -0.2291
vn 0.5280 -0.8010 -0.2822
vn 0.5299 -0.7706 -0.3541
vn 0.4923 -0.7709 -0.4040
vn 0.5868 -0.8013 -0.1167
vn 0.5729 -0.8010 -0.1738
vn 0.5888 -0.7706 -0.2439
vn 0.5620 -0.7706 -0.3004
vn 0.5987 -0.8010 -0.0000
vn 0.5958 -0.8010 -0.0587
vn 0.6250 -0.7706 -0.1243
vn 0.6098 -0.7706 -0.1850
vn 0.4978 0.8010 0.3326
vn 0.5620 0.7706 0.3004
vn 0.5280 0.8010 0.2822
vn 0.6373 -0.7706 -0.0000
vn 0.6342 -0.7706 -0.0625
vn 0.5987 0.8010 -0.0000
vn 0.6342 0.7706 -0.0625
vn 0.5958 0.8010 -0.0587
vn 0.5888 0.7706 0.2439
vn 0.4926 0.8295 0.2633
vn 0.5160 0.8295 0.2138
vn 0.3326 -0.8010 0.4978
vn 0.3798 -0.8010 0.4628
vn 0.6250 0.7706 -0.1243
vn 0.5559 0.8295 -0.0547
vn 0.5478 0.8295 -0.1090
vn -0.0000 -0.8015 -0.5980
vn -0.0587 -0.8010 -0.5958
vn 0.3541 -0.7706 0.5299
vn 0.4043 -0.7706 0.4926
vn 0.5872 0.8010 -0.1168
vn 0.6098 0.7706 -0.1850
vn 0.5729 0.8010 -0.1738
vn -0.0625 -0.7706 -0.6342
vn -0.1243 -0.7709 -0.6247
vn 0.2290 -0.8012 -0.5528
vn 0.1620 -0.8298 -0.5341
vn 0.1738 -0.8010 -0.5729
vn 0.5888 0.7706 -0.2439
vn 0.1009 0.8559 0.5072
vn 0.1620 0.8298 0.5340
vn 0.1501 0.8559 0.4948
vn 0.1850 -0.7706 -0.6098
vn -0.0000 -0.8010 0.5987
vn 0.0587 -0.8010 0.5958
vn 0.2138 0.8295 0.5160
vn 0.0925 0.8803 0.4652
vn 0.1377 0.8803 0.4539
vn 0.1815 0.8803 0.4382
vn 0.1168 -0.8010 0.5872
vn 0.1738 -0.8010 0.5729
vn -0.0000 -0.7706 0.6373
vn 0.0625 -0.7706 0.6342
vn 0.1243 -0.7706 0.6250
vn -0.0000 0.8010 0.5987
vn 0.0624 0.7709 0.6340
vn 0.0586 0.8014 0.5952
vn 0.1850 -0.7706 0.6098
vn 0.2439 -0.7706 0.5888
vn 0.4978 -0.8010 0.3326
vn 0.4926 -0.8295 0.2633
vn 0.5280 -0.8010 0.2822
vn 0.1243 0.7706 0.6250
vn -0.0000 0.8295 0.5586
vn 0.0547 0.8295 0.5559
vn 0.1088 0.8298 0.5473
vn -0.4233 -0.8010 0.4233
vn -0.3798 -0.8010 0.4628
vn 0.5618 -0.7708 0.3003
vn 0.5888 -0.7706 0.2439
vn -0.4975 -0.8012 0.3325
vn -0.4628 -0.8010 0.3798
vn -0.4506 -0.7706 0.4506
vn -0.4043 -0.7706 0.4926
vn -0.3541 -0.7706 0.5299
vn 0.2291 -0.8010 0.5531
vn 0.2822 -0.8010 0.5280
vn -0.5299 -0.7706 0.3541
vn -0.4926 -0.7706 0.4043
vn -0.1168 -0.8010 -0.5872
vn -0.1738 -0.8010 -0.5729
vn 0.3002 -0.7709 0.5617
vn -0.5983 -0.8013 -0.0000
vn -0.5958 -0.8010 0.0587
vn -0.1850 -0.7706 -0.6098
vn -0.5872 -0.8010 -0.1168
vn -0.5559 -0.8295 -0.0548
vn -0.5952 -0.8014 -0.0586
vn -0.6369 -0.7709 -0.0000
vn -0.6342 -0.7706 0.0625
vn -0.5603 -0.7388 0.3744
vn -0.5213 -0.7384 0.4278
vn -0.6250 -0.7706 -0.1243
vn -0.6342 -0.7706 -0.0625
vn -0.5607 -0.7384 -0.3746
vn -0.5947 -0.7384 -0.3179
vn -0.5901 -0.7044 0.3943
vn -0.5486 -0.7044 0.4503
vn -0.5019 -0.7044 0.5019
vn -0.4768 -0.7384 -0.4768
vn -0.4926 -0.7706 -0.4043
vn -0.5213 -0.7384 -0.4278
vn -0.5901 -0.7044 -0.3943
vn -0.6259 -0.7044 -0.3346
vn -0.6557 -0.7044 -0.2716
vn -0.6614 -0.7384 -0.1316
vn -0.6711 -0.7384 -0.0661
vn -0.5019 -0.7044 -0.5019
vn -0.5485 -0.7047 -0.4501
vn -0.2581 -0.7384 -0.6230
vn -0.3178 -0.7387 -0.5945
vn -0.6743 -0.7384 -0.0000
vn -0.6961 -0.7044 -0.1385
vn -0.7063 -0.7044 -0.0696
vn -0.7098 -0.7044 -0.0000
vn -0.1316 -0.7384 -0.6614
vn -0.1958 -0.7384 -0.6453
vn -0.2716 -0.7045 -0.6557
vn -0.3346 -0.7045 -0.6259
vn -0.3943 -0.7044 -0.5901
vn -0.0000 -0.7384 0.6743
vn 0.0661 -0.7384 0.6711
vn -0.1385 -0.7044 -0.6961
vn -0.2060 -0.7044 -0.6792
vn -0.4767 0.7386 0.4767
vn -0.4501 0.7047 0.5485
vn -0.4278 0.7384 0.5213
vn -0.0000 -0.7044 0.7098
vn 0.0696 -0.7044 0.7063
vn 0.1385 -0.7044 0.6961
vn 0.6614 -0.7384 0.1316
vn 0.6342 -0.7706 0.0625
vn 0.6707 -0.7388 0.0660
vn -0.3943 0.7044 0.5901
vn -0.4043 0.7706 0.4926
vn -0.3541 0.7706 0.5299
vn 0.3746 -0.7384 -0.5607
vn 0.3179 -0.7384 -0.5947
vn 0.6961 -0.7045 0.1385
vn 0.7063 -0.7044 0.0696
vn 0.7094 -0.7048 -0.0000
vn 0.4768 -0.7384 -0.4768
vn 0.4278 -0.7384 -0.5213
vn 0.3943 -0.7045 -0.5901
vn 0.3346 -0.7045 -0.6259
vn 0.2716 -0.7044 -0.6557
vn 0.5607 -0.7384 -0.3746
vn 0.5213 -0.7384 -0.4278
vn 0.5019 -0.7044 -0.5019
vn 0.4503 -0.7045 -0.5486
vn 0.6230 -0.7384 -0.2581
vn 0.5947 -0.7384 -0.3179
vn 0.5901 -0.7044 -0.3943
vn 0.5487 -0.7044 -0.4503
vn 0.2581 -0.7384 -0.6230
vn 0.1958 -0.7384 -0.6453
vn 0.6557 -0.7044 -0.2716
vn 0.6259 -0.7044 -0.3346
vn 0.6743 -0.7384 -0.0000
vn 0.6711 -0.7384 -0.0661
vn 0.2060 -0.7044 -0.6792
vn 0.1385 -0.7045 -0.6961
vn 0.4768 0.7384 -0.4768
vn 0.4503 0.7044 -0.5487
vn 0.4278 0.7384 -0.5213
vn 0.7063 -0.7044 -0.0696
vn 0.6961 -0.7044 -0.1385
vn 0.6230 -0.7384 0.2581
vn 0.6098 -0.7706 0.1850
vn 0.6453 -0.7384 0.1957
vn 0.3943 0.7044 -0.5901
vn 0.4506 0.7706 -0.4506
vn 0.4043 0.7706 -0.4926
vn 0.3541 0.7706 -0.5299
vn 0.5607 -0.7384 0.3746
vn 0.5947 -0.7384 0.3179
vn 0.6250 -0.7706 0.1243
vn 0.6557 -0.7044 0.2716
vn 0.6792 -0.7044 0.2060
vn 0.4768 -0.7384 0.4768
vn 0.5213 -0.7384 0.4278
vn 0.5901 -0.7044 0.3943
vn 0.6259 -0.7044 0.3346
vn -0.1316 -0.7384 0.6614
vn -0.0625 -0.7706 0.6342
vn -0.0661 -0.7384 0.6711
vn 0.5017 -0.7047 0.5017
vn 0.5486 -0.7044 0.4503
vn -0.3746 -0.7384 -0.5607
vn -0.4043 -0.7706 -0.4926
vn -0.4278 -0.7384 -0.5213
vn -0.1385 -0.7045 0.6961
vn -0.0696 -0.7044 0.7063
vn 0.1315 -0.7388 0.6610
vn 0.1958 -0.7384 0.6453
vn -0.4504 -0.7709 -0.4504
vn -0.4503 -0.7045 -0.5486
vn -0.6743 0.7384 -0.0000
vn -0.7063 0.7044 0.0696
vn -0.6711 0.7384 0.0661
vn 0.2060 -0.7044 0.6792
vn 0.2716 -0.7044 0.6557
vn -0.6230 0.7384 0.2581
vn -0.6259 0.7044 0.3346
vn -0.5947 0.7384 0.3179
vn -0.6961 0.7044 0.1385
vn -0.6373 0.7706 -0.0000
vn -0.2579 -0.7388 0.6227
vn -0.1958 -0.7384 0.6453
vn -0.5901 0.7044 0.3943
vn -0.5620 0.7706 0.3004
vn -0.5299 0.7706 0.3541
vn 0.1316 0.7384 0.6614
vn 0.2060 0.7044 0.6792
vn 0.1958 0.7384 0.6453
vn -0.2716 -0.7044 0.6557
vn -0.2060 -0.7045 0.6792
vn -0.5607 0.7384 0.3746
vn -0.5486 0.7044 0.4503
vn -0.5213 0.7384 0.4278
vn 0.2716 0.7044 0.6557
vn 0.1850 0.7706 0.6098
vn 0.2439 0.7706 0.5888
vn -0.6230 -0.7384 -0.2581
vn -0.6098 -0.7706 -0.1850
vn -0.6453 -0.7384 -0.1958
vn -0.5019 0.7044 0.5019
vn -0.6230 -0.7384 0.2581
vn -0.5615 -0.7711 0.3001
vn -0.5947 -0.7384 0.3179
vn -0.6792 -0.7044 -0.2060
vn -0.1316 0.7384 -0.6614
vn -0.2060 0.7045 -0.6792
vn -0.1958 0.7384 -0.6453
vn -0.6555 -0.7047 0.2715
vn -0.6260 -0.7044 0.3346
vn -0.6711 -0.7384 0.0661
vn -0.2715 0.7049 -0.6553
vn -0.1243 0.7706 -0.6250
vn -0.1850 0.7706 -0.6098
vn -0.2439 0.7706 -0.5888
vn 0.5607 0.7384 -0.3746
vn 0.5484 0.7048 -0.4500
vn 0.5213 0.7384 -0.4278
vn -0.7061 -0.7047 0.0695
vn -0.6961 -0.7044 0.1385
vn -0.6868 -0.6688 -0.2845
vn -0.7114 -0.6688 -0.2158
vn 0.5019 0.7044 -0.5019
vn 0.5299 0.7706 -0.3541
vn 0.4926 0.7706 -0.4043
vn 0.6868 -0.6688 -0.2845
vn 0.6557 -0.6688 -0.3505
vn -0.7163 -0.6316 -0.2967
vn -0.7417 -0.6318 -0.2250
vn -0.7604 -0.6316 -0.1513
vn -0.5257 -0.6688 -0.5257
vn -0.5747 -0.6688 -0.4716
vn 0.7163 -0.6316 -0.2967
vn 0.6838 -0.6316 -0.3655
vn 0.6446 -0.6316 -0.4307
vn 0.5255 -0.6692 0.5255
vn 0.5747 -0.6688 0.4716
vn -0.5482 -0.6316 -0.5482
vn -0.5993 -0.6316 -0.4919
vn -0.6446 -0.6316 -0.4307
vn 0.6868 0.6688 0.2845
vn 0.7417 0.6318 0.2250
vn 0.7114 0.6688 0.2158
vn 0.5482 -0.6316 0.5482
vn 0.5993 -0.6316 0.4919
vn 0.6446 -0.6316 0.4307
vn -0.7291 0.6688 -0.1450
vn -0.7713 0.6320 -0.0760
vn -0.7399 0.6688 -0.0729
vn 0.7604 0.6316 0.1513
vn 0.6557 0.7044 0.2716
vn 0.6792 0.7044 0.2060
vn 0.6961 0.7044 0.1385
vn 0.4130 -0.6688 0.6181
vn 0.4503 -0.7044 0.5487
vn 0.4716 -0.6688 0.5747
vn -0.7434 0.6688 -0.0000
vn -0.6961 0.7044 -0.1385
vn -0.7063 0.7044 -0.0696
vn -0.7098 0.7044 -0.0000
vn 0.1450 -0.6688 -0.7292
vn 0.0696 -0.7045 -0.7063
vn 0.0729 -0.6688 -0.7399
vn 0.4307 -0.6316 0.6446
vn 0.4918 -0.6316 0.5993
vn 0.6181 0.6688 0.4130
vn 0.6838 0.6316 0.3655
vn 0.6557 0.6688 0.3505
vn -0.0000 -0.7044 -0.7098
vn 0.1513 -0.6316 -0.7604
vn 0.0760 -0.6316 -0.7716
vn -0.0000 -0.6316 -0.7753
vn 0.7291 0.6688 0.1450
vn 0.7716 0.6316 0.0760
vn 0.7399 0.6688 0.0729
vn 0.7163 0.6316 0.2967
vn 0.5901 0.7044 0.3943
vn 0.6260 0.7044 0.3346
vn 0.6181 -0.6688 -0.4130
vn 0.5747 -0.6688 -0.4716
vn 0.7753 0.6316 -0.0000
vn 0.7060 0.7048 0.0695
vn 0.7098 0.7044 -0.0000
vn -0.6181 0.6688 0.4130
vn -0.5993 0.6316 0.4919
vn -0.5747 0.6688 0.4716
vn 0.5993 -0.6316 -0.4919
vn 0.5482 -0.6316 -0.5482
vn -0.4129 -0.6691 -0.6180
vn -0.4716 -0.6688 -0.5747
vn -0.5481 0.6319 0.5481
vn -0.1450 0.6688 -0.7292
vn -0.2250 0.6318 -0.7417
vn -0.2158 0.6688 -0.7114
vn -0.4307 -0.6316 -0.6446
vn -0.4919 -0.6316 -0.5993
vn -0.7291 0.6688 0.1450
vn -0.7419 0.6316 0.2251
vn -0.7114 0.6688 0.2158
vn -0.2967 0.6316 -0.7163
vn -0.1385 0.7044 -0.6961
vn 0.7291 -0.6688 0.1450
vn 0.7399 -0.6688 0.0729
vn -0.7163 0.6316 0.2967
vn -0.6792 0.7044 0.2060
vn -0.6554 0.7048 0.2715
vn 0.6868 -0.6688 0.2845
vn 0.7114 -0.6688 0.2158
vn 0.7604 -0.6316 0.1513
vn 0.7716 -0.6316 0.0760
vn 0.7753 -0.6316 -0.0000
vn -0.6868 0.6688 -0.2845
vn -0.7419 0.6316 -0.2251
vn -0.7114 0.6688 -0.2158
vn 0.7163 -0.6316 0.2967
vn 0.7419 -0.6316 0.2251
vn -0.3746 -0.7384 0.5607
vn -0.3004 -0.7706 0.5620
vn -0.3179 -0.7384 0.5947
vn -0.7604 0.6316 -0.1513
vn -0.6557 0.7044 -0.2716
vn -0.6792 0.7044 -0.2060
vn -0.7716 0.6316 0.0760
vn -0.7399 0.6688 0.0729
vn -0.3943 -0.7044 0.5901
vn -0.3346 -0.7044 0.6259
vn 0.2845 -0.6688 0.6868
vn 0.3346 -0.7044 0.6259
vn 0.3505 -0.6688 0.6557
vn -0.7604 0.6316 0.1513
vn -0.6868 -0.6688 0.2845
vn -0.6557 -0.6688 0.3505
vn 0.3940 -0.7049 0.5898
vn 0.2967 -0.6316 0.7163
vn 0.3655 -0.6316 0.6838
vn -0.0000 -0.6688 0.7434
vn 0.0729 -0.6688 0.7399
vn -0.7163 -0.6316 0.2967
vn -0.6838 -0.6316 0.3655
vn -0.6446 -0.6316 0.4307
vn 0.4130 0.6688 -0.6181
vn 0.3655 0.6316 -0.6838
vn 0.3505 0.6688 -0.6557
vn -0.0000 -0.6316 0.7753
vn 0.0760 -0.6316 0.7716
vn 0.1513 -0.6316 0.7604
vn 0.7291 -0.6688 -0.1450
vn 0.6792 -0.7044 -0.2060
vn 0.7114 -0.6688 -0.2158
vn 0.2967 0.6316 -0.7163
vn 0.3346 0.7044 -0.6259
vn 0.2715 0.7048 -0.6554
vn -0.6868 0.6688 0.2845
vn -0.6836 0.6318 0.3654
vn -0.6557 0.6688 0.3505
vn 0.7604 -0.6316 -0.1513
vn 0.7419 -0.6316 -0.2251
vn 0.5257 -0.6688 -0.5257
vn 0.4716 -0.6688 -0.5747
vn -0.6446 0.6316 0.4307
vn -0.5257 0.6688 -0.5257
vn -0.5993 0.6316 -0.4919
vn -0.5747 0.6688 -0.4716
vn 0.4919 -0.6316 -0.5993
vn 0.4307 -0.6316 -0.6446
vn -0.4130 -0.6688 0.6181
vn -0.3505 -0.6688 0.6557
vn -0.6446 0.6316 -0.4307
vn -0.5019 0.7044 -0.5019
vn -0.5486 0.7044 -0.4503
vn -0.5901 0.7044 -0.3943
vn -0.7289 -0.6691 0.1450
vn -0.6790 -0.7047 0.2060
vn -0.7114 -0.6688 0.2158
vn -0.4307 -0.6316 0.6446
vn -0.3655 -0.6316 0.6838
vn -0.2967 -0.6316 0.7163
vn -0.7434 -0.6688 -0.0000
vn -0.7399 -0.6688 0.0729
vn -0.7604 -0.6316 0.1513
vn -0.7419 -0.6316 0.2251
vn -0.7291 -0.6688 -0.1450
vn -0.7399 -0.6688 -0.0729
vn -0.7753 -0.6316 -0.0000
vn -0.7716 -0.6316 0.0760
vn -0.7440 -0.5929 -0.3082
vn -0.7706 -0.5929 -0.2338
vn -0.7716 -0.6316 -0.0760
vn 0.7440 -0.5929 0.3082
vn 0.7706 -0.5929 0.2338
vn -0.7697 -0.5532 -0.3188
vn -0.7973 -0.5530 -0.2419
vn -0.8173 -0.5528 -0.1626
vn -0.5694 -0.5929 -0.5694
vn -0.6225 -0.5929 -0.5109
vn 0.7696 -0.5532 0.3188
vn 0.7973 -0.5530 0.2419
vn 0.8173 -0.5528 0.1626
vn 0.8053 0.5929 -0.0000
vn 0.8293 0.5528 -0.0817
vn 0.8014 0.5929 -0.0789
vn -0.5893 -0.5528 -0.5893
vn -0.6442 -0.5528 -0.5287
vn -0.6927 -0.5530 -0.4629
vn -0.3082 -0.5929 -0.7440
vn -0.3653 -0.6320 -0.6835
vn -0.3796 -0.5929 -0.7102
vn 0.8173 0.5528 -0.1626
vn 0.7716 0.6316 -0.0760
vn 0.7604 0.6316 -0.1513
vn 0.7898 0.5929 -0.1571
vn 0.7975 0.5528 -0.2419
vn 0.7706 0.5929 -0.2338
vn -0.3189 -0.5528 -0.7699
vn -0.3928 -0.5528 -0.7349
vn -0.4630 -0.5528 -0.6929
vn -0.0000 -0.5929 -0.8053
vn -0.0760 -0.6316 -0.7716
vn -0.0789 -0.5929 -0.8014
vn 0.7699 0.5528 -0.3189
vn 0.7419 0.6316 -0.2251
vn 0.7163 0.6316 -0.2967
vn 0.1570 -0.5931 -0.7896
vn 0.0789 -0.5929 -0.8014
vn -0.1513 -0.6316 -0.7604
vn -0.0000 -0.5528 -0.8333
vn -0.0817 -0.5528 -0.8293
vn -0.1626 -0.5528 -0.8173
vn 0.1571 0.5929 -0.7898
vn 0.0817 0.5528 -0.8293
vn 0.0789 0.5929 -0.8014
vn 0.1626 -0.5528 -0.8173
vn 0.0817 -0.5528 -0.8293
vn -0.5694 0.5929 -0.5694
vn -0.6442 0.5528 -0.5287
vn -0.6225 0.5929 -0.5109
vn -0.0000 0.5528 -0.8333
vn 0.1513 0.6316 -0.7604
vn 0.0760 0.6316 -0.7716
vn -0.0000 0.6316 -0.7753
vn 0.5694 -0.5929 -0.5694
vn 0.5109 -0.5929 -0.6225
vn -0.6927 0.5530 -0.4629
vn -0.5482 0.6316 -0.5482
vn 0.6696 -0.5929 -0.4474
vn 0.6225 -0.5929 -0.5109
vn 0.5893 -0.5528 -0.5893
vn 0.5287 -0.5528 -0.6442
vn 0.4630 -0.5528 -0.6929
vn 0.7440 -0.5929 -0.3082
vn 0.7102 -0.5929 -0.3796
vn 0.6929 -0.5528 -0.4630
vn 0.6442 -0.5528 -0.5287
vn -0.8053 0.5929 -0.0000
vn -0.8291 0.5530 0.0817
vn -0.8014 0.5929 0.0789
vn 0.7699 -0.5528 -0.3189
vn 0.7349 -0.5528 -0.3928
vn 0.8053 -0.5929 -0.0000
vn 0.7716 -0.6316 -0.0760
vn 0.8014 -0.5929 -0.0789
vn -0.8173 0.5528 0.1626
vn -0.7753 0.6316 -0.0000
vn 0.6696 0.5929 -0.4474
vn 0.6442 0.5528 -0.5287
vn 0.6225 0.5929 -0.5109
vn 0.8333 -0.5528 -0.0000
vn 0.8293 -0.5528 -0.0817
vn 0.8173 -0.5528 -0.1626
vn 0.3082 -0.5929 -0.7440
vn 0.2251 -0.6316 -0.7419
vn 0.2338 -0.5929 -0.7706
vn 0.5891 0.5532 -0.5891
vn 0.6446 0.6316 -0.4307
vn 0.5993 0.6316 -0.4919
vn 0.5482 0.6316 -0.5482
vn -0.3082 0.5929 0.7440
vn -0.2419 0.5528 0.7975
vn -0.2338 0.5929 0.7706
vn 0.3189 -0.5528 -0.7699
vn 0.2419 -0.5532 -0.7972
vn 0.5694 -0.5929 0.5694
vn 0.6225 -0.5929 0.5109
vn -0.1626 0.5528 0.8173
vn -0.2967 0.6316 0.7163
vn -0.2251 0.6316 0.7419
vn -0.1513 0.6316 0.7604
vn 0.4474 -0.5929 0.6696
vn 0.5109 -0.5929 0.6225
vn 0.5893 -0.5528 0.5893
vn 0.6442 -0.5528 0.5287
vn 0.6929 -0.5528 0.4630
vn 0.3081 -0.5933 0.7437
vn 0.3796 -0.5929 0.7102
vn 0.4630 -0.5528 0.6929
vn 0.5287 -0.5528 0.6442
vn -0.7898 -0.5929 0.1571
vn -0.7706 -0.5929 0.2338
vn 0.3189 -0.5528 0.7699
vn 0.3928 -0.5528 0.7349
vn -0.0000 -0.5929 0.8053
vn 0.0789 -0.5929 0.8014
vn -0.8173 -0.5528 0.1626
vn -0.7975 -0.5528 0.2419
vn -0.7699 -0.5528 0.3189
vn -0.4474 -0.5929 0.6696
vn -0.3796 -0.5929 0.7102
vn -0.0000 -0.5528 0.8333
vn 0.0817 -0.5528 0.8293
vn 0.1626 -0.5528 0.8173
vn -0.3082 -0.5929 0.7440
vn -0.2250 -0.6320 0.7416
vn -0.2338 -0.5929 0.7706
vn -0.4630 -0.5528 0.6929
vn -0.3928 -0.5528 0.7349
vn -0.3189 -0.5528 0.7699
vn 0.6696 -0.5929 0.4474
vn 0.6838 -0.6316 0.3655
vn 0.7102 -0.5929 0.3796
vn -0.1513 -0.6316 0.7604
vn -0.2419 -0.5528 0.7975
vn -0.1626 -0.5528 0.8173
vn -0.5694 -0.5929 0.5694
vn -0.4919 -0.6316 0.5993
vn -0.5109 -0.5929 0.6225
vn 0.7349 -0.5528 0.3928
vn -0.6696 -0.5929 0.4474
vn -0.5993 -0.6316 0.4919
vn -0.6225 -0.5929 0.5109
vn -0.5893 -0.5528 0.5893
vn -0.5287 -0.5528 0.6442
vn -0.7440 -0.5929 0.3082
vn -0.7102 -0.5929 0.3796
vn -0.5482 -0.6316 0.5482
vn -0.6929 -0.5528 0.4630
vn -0.6442 -0.5528 0.5287
vn -0.7440 0.5929 -0.3082
vn -0.7975 0.5528 -0.2419
vn -0.7706 0.5929 -0.2338
vn -0.7349 -0.5528 0.3928
vn -0.8053 -0.5929 -0.0000
vn -0.8014 -0.5929 0.0789
vn -0.8173 0.5528 -0.1626
vn -0.7163 0.6316 -0.2967
vn -0.1571 -0.5929 0.7898
vn -0.0760 -0.6320 0.7713
vn -0.0789 -0.5929 0.8014
vn -0.8333 -0.5528 -0.0000
vn -0.8293 -0.5528 0.0817
vn 0.4774 -0.5113 -0.7145
vn 0.3928 -0.5528 -0.7349
vn 0.4050 -0.5116 -0.7578
vn -0.0817 -0.5528 0.8293
vn -0.7145 -0.5113 -0.4774
vn -0.7349 -0.5528 -0.3928
vn -0.7579 -0.5113 -0.4051
vn 0.4908 -0.4687 -0.7345
vn 0.4164 -0.4687 -0.7790
vn 0.3380 -0.4687 -0.8161
vn -0.6075 -0.5118 -0.6075
vn -0.6643 -0.5113 -0.5452
vn -0.7345 -0.4687 -0.4908
vn -0.7790 -0.4687 -0.4164
vn -0.8161 -0.4687 -0.3380
vn -0.4774 -0.5113 -0.7145
vn -0.5285 -0.5532 -0.6440
vn -0.5452 -0.5113 -0.6643
vn -0.6246 -0.4687 -0.6246
vn -0.6828 -0.4687 -0.5604
vn -0.3289 -0.5113 -0.7940
vn -0.4051 -0.5113 -0.7579
vn -0.4908 -0.4687 -0.7345
vn -0.5604 -0.4687 -0.6828
vn -0.1677 -0.5113 -0.8429
vn -0.2419 -0.5530 -0.7973
vn -0.2495 -0.5113 -0.8224
vn -0.3380 -0.4687 -0.8161
vn -0.4164 -0.4687 -0.7790
vn -0.0000 -0.5113 -0.8594
vn -0.0842 -0.5113 -0.8552
vn -0.1723 -0.4687 -0.8664
vn -0.2564 -0.4687 -0.8453
vn 0.1677 -0.5113 -0.8429
vn 0.0842 -0.5113 -0.8552
vn -0.0000 -0.4687 -0.8833
vn -0.0866 -0.4687 -0.8791
vn 0.7940 0.5113 0.3289
vn 0.8453 0.4687 0.2564
vn 0.8224 0.5113 0.2495
vn 0.1723 -0.4687 -0.8664
vn 0.0866 -0.4687 -0.8791
vn 0.1677 0.5113 -0.8429
vn 0.0866 0.4687 -0.8791
vn 0.0842 0.5113 -0.8552
vn 0.8664 0.4687 0.1723
vn 0.7699 0.5528 0.3189
vn 0.7975 0.5528 0.2419
vn 0.8173 0.5528 0.1626
vn 0.6077 -0.5113 -0.6077
vn 0.5452 -0.5113 -0.6643
vn -0.0000 0.4687 -0.8833
vn 0.1626 0.5528 -0.8173
vn 0.7143 -0.5118 -0.4773
vn 0.6643 -0.5113 -0.5452
vn 0.6246 -0.4687 -0.6246
vn 0.5601 -0.4693 -0.6826
vn 0.7940 -0.5113 -0.3289
vn 0.7579 -0.5113 -0.4051
vn 0.7345 -0.4687 -0.4908
vn 0.6826 -0.4692 -0.5603
vn 0.3289 -0.5113 0.7940
vn 0.4051 -0.5113 0.7579
vn 0.8161 -0.4687 -0.3380
vn 0.7790 -0.4687 -0.4164
vn 0.6077 0.5113 -0.6077
vn 0.5604 0.4687 -0.6828
vn 0.5452 0.5113 -0.6643
vn 0.3380 -0.4687 0.8161
vn 0.4164 -0.4687 0.7790
vn 0.4908 -0.4687 0.7345
vn 0.8429 -0.5113 0.1677
vn 0.8293 -0.5528 0.0817
vn 0.8552 -0.5113 0.0842
vn 0.4908 0.4687 -0.7345
vn 0.5287 0.5528 -0.6442
vn 0.4629 0.5532 -0.6926
vn 0.3289 -0.5113 -0.7940
vn 0.2495 -0.5113 -0.8224
vn 0.8664 -0.4687 0.1723
vn 0.8791 -0.4687 0.0866
vn 0.8833 -0.4687 -0.0000
vn -0.4774 0.5113 -0.7145
vn -0.5604 0.4687 -0.6828
vn -0.5450 0.5118 -0.6641
vn 0.2564 -0.4687 -0.8453
vn -0.3289 0.5113 0.7940
vn -0.2564 0.4692 0.8451
vn -0.2495 0.5113 0.8224
vn -0.6246 0.4687 -0.6246
vn -0.4630 0.5528 -0.6929
vn -0.5287 0.5528 -0.6442
vn -0.5893 0.5528 -0.5893
vn 0.4774 -0.5113 0.7145
vn 0.5452 -0.5113 0.6643
vn -0.1723 0.4687 0.8664
vn -0.3189 0.5528 0.7699
vn 0.7145 -0.5113 0.4774
vn 0.7579 -0.5113 0.4051
vn 0.5604 -0.4687 0.6828
vn 0.6246 -0.4687 0.6246
vn -0.0000 0.5113 0.8594
vn 0.0866 0.4687 0.8791
vn 0.0842 0.5113 0.8552
vn 0.7345 -0.4687 0.4908
vn 0.7790 -0.4687 0.4164
vn 0.8161 -0.4687 0.3380
vn -0.0000 -0.5113 0.8594
vn 0.0842 -0.5113 0.8552
vn 0.1723 0.4687 0.8664
vn -0.0000 0.5528 0.8333
vn 0.0817 0.5528 0.8293
vn 0.1626 0.5528 0.8173
vn 0.1677 -0.5113 0.8429
vn 0.2419 -0.5528 0.7975
vn 0.2495 -0.5113 0.8224
vn -0.0000 -0.4687 0.8833
vn 0.0866 -0.4687 0.8791
vn 0.1723 -0.4687 0.8664
vn -0.3289 -0.5113 0.7940
vn -0.2495 -0.5113 0.8224
vn 0.2564 -0.4687 0.8453
vn -0.4774 -0.5113 0.7145
vn -0.4051 -0.5113 0.7579
vn -0.3380 -0.4687 0.8161
vn -0.2564 -0.4687 0.8453
vn -0.1723 -0.4687 0.8664
vn -0.7940 -0.5113 -0.3289
vn -0.8224 -0.5113 -0.2495
vn -0.4908 -0.4687 0.7345
vn -0.4164 -0.4687 0.7790
vn 0.6077 0.5113 0.6077
vn 0.6828 0.4687 0.5604
vn 0.6643 0.5113 0.5452
vn -0.8453 -0.4687 -0.2564
vn -0.8664 -0.4687 -0.1723
vn -0.7940 -0.5113 0.3289
vn -0.7579 -0.5113 0.4051
vn 0.7345 0.4687 0.4908
vn 0.5893 0.5528 0.5893
vn 0.6442 0.5527 0.5287
vn 0.6929 0.5528 0.4630
vn -0.3289 0.5113 -0.7940
vn -0.4164 0.4687 -0.7790
vn -0.4051 0.5113 -0.7579
vn -0.8161 -0.4687 0.3380
vn -0.7788 -0.4692 0.4163
vn -0.7345 -0.4687 0.4908
vn -0.8594 -0.5113 -0.0000
vn -0.8552 -0.5113 0.0842
vn -0.4908 0.4687 -0.7345
vn -0.3189 0.5528 -0.7699
vn -0.3927 0.5532 -0.7347
vn -0.8429 -0.5113 -0.1677
vn -0.8293 -0.5528 -0.0817
vn -0.8552 -0.5113 -0.0842
vn -0.8833 -0.4687 -0.0000
vn -0.8791 -0.4687 0.0866
vn -0.8664 -0.4687 0.1723
vn -0.9052 0.4250 -0.0000
vn -0.9204 0.3803 0.0907
vn -0.9008 0.4250 0.0887
vn -0.8791 -0.4687 -0.0866
vn 0.5029 -0.4250 0.7526
vn 0.5741 -0.4255 0.6996
vn -0.9071 0.3803 0.1804
vn -0.8833 0.4687 -0.0000
vn -0.8791 0.4687 0.0866
vn -0.8664 0.4687 0.1723
vn 0.8878 0.4250 0.1766
vn 0.9204 0.3803 0.0907
vn 0.9008 0.4250 0.0887
vn 0.5138 -0.3803 0.7690
vn 0.5867 -0.3803 0.7149
vn 0.6540 -0.3803 0.6540
vn -0.5029 -0.4250 -0.7526
vn -0.5742 -0.4250 -0.6997
vn 0.9249 0.3803 -0.0000
vn 0.8791 0.4687 0.0866
vn 0.8833 0.4687 -0.0000
vn 0.8363 -0.4250 -0.3464
vn 0.7983 -0.4250 -0.4267
vn -0.5138 -0.3803 -0.7690
vn -0.5867 -0.3803 -0.7149
vn -0.6540 -0.3803 -0.6540
vn -0.8363 -0.4250 -0.3464
vn -0.8662 -0.4250 -0.2628
vn 0.8545 -0.3803 -0.3539
vn 0.8156 -0.3803 -0.4360
vn 0.7690 -0.3803 -0.5138
vn -0.0000 -0.4250 -0.9052
vn -0.0887 -0.4250 -0.9008
vn -0.8545 -0.3803 -0.3539
vn -0.8850 -0.3803 -0.2685
vn -0.9071 -0.3803 -0.1804
vn -0.0000 0.4250 -0.9052
vn -0.0907 0.3803 -0.9204
vn -0.0887 0.4250 -0.9008
vn -0.0000 -0.3803 -0.9249
vn -0.0907 -0.3803 -0.9204
vn -0.1804 -0.3803 -0.9071
vn 0.3464 -0.4250 -0.8363
vn 0.2628 -0.4250 -0.8662
vn -0.1804 0.3803 -0.9071
vn -0.0866 0.4687 -0.8791
vn -0.1723 0.4687 -0.8664
vn -0.0000 0.4250 0.9052
vn 0.0907 0.3803 0.9204
vn 0.0887 0.4250 0.9008
vn 0.3539 -0.3803 -0.8545
vn 0.2685 -0.3803 -0.8850
vn 0.1804 -0.3803 -0.9071
vn 0.6401 -0.4250 -0.6401
vn 0.5742 -0.4250 -0.6997
vn 0.1804 0.3803 0.9071
vn -0.0000 0.4687 0.8833
vn -0.5029 0.4250 -0.7526
vn -0.5867 0.3803 -0.7149
vn -0.5742 0.4250 -0.6997
vn 0.6540 -0.3803 -0.6540
vn 0.5867 -0.3803 -0.7149
vn 0.5138 -0.3803 -0.7690
vn -0.3464 0.4250 -0.8363
vn -0.4360 0.3803 -0.8156
vn -0.4267 0.4250 -0.7983
vn -0.6540 0.3803 -0.6540
vn -0.1766 0.4250 -0.8878
vn -0.2685 0.3803 -0.8850
vn -0.2628 0.4250 -0.8662
vn -0.5138 0.3803 -0.7690
vn -0.3380 0.4687 -0.8161
vn 0.1766 0.4250 -0.8878
vn 0.0907 0.3803 -0.9204
vn 0.0887 0.4250 -0.9008
vn -0.3539 0.3803 -0.8545
vn -0.2564 0.4687 -0.8453
vn 0.6401 0.4250 -0.6401
vn 0.5867 0.3803 -0.7149
vn 0.5742 0.4250 -0.6997
vn -0.0000 0.3803 -0.9249
vn 0.1723 0.4687 -0.8664
vn 0.8363 -0.4250 0.3464
vn 0.8453 -0.4687 0.2564
vn 0.8662 -0.4250 0.2628
vn 0.5138 0.3803 -0.7690
vn 0.6246 0.4687 -0.6246
vn 0.3464 0.4250 0.8363
vn 0.4360 0.3803 0.8156
vn 0.4267 0.4250 0.7983
vn 0.8542 -0.3809 0.3539
vn 0.8850 -0.3803 0.2685
vn 0.9071 -0.3803 0.1804
vn 0.6401 -0.4250 0.6401
vn 0.6828 -0.4687 0.5604
vn 0.6997 -0.4250 0.5742
vn 0.5138 0.3803 0.7690
vn 0.3380 0.4687 0.8161
vn 0.4164 0.4687 0.7790
vn 0.4908 0.4687 0.7345
vn 0.7145 0.5113 -0.4774
vn 0.6828 0.4687 -0.5604
vn 0.6643 0.5113 -0.5452
vn 0.7149 -0.3803 0.5867
vn 0.7690 -0.3803 0.5138
vn 0.5029 -0.4250 -0.7526
vn 0.4267 -0.4250 -0.7983
vn 0.6929 0.5528 -0.4630
vn 0.8878 -0.4250 -0.1766
vn 0.8453 -0.4687 -0.2564
vn 0.8662 -0.4250 -0.2628
vn 0.4360 -0.3803 -0.8156
vn -0.0000 -0.4250 0.9052
vn 0.0887 -0.4250 0.9008
vn 0.9071 -0.3803 -0.1804
vn 0.8850 -0.3803 -0.2685
vn -0.1766 -0.4250 0.8878
vn -0.0866 -0.4687 0.8791
vn -0.0887 -0.4250 0.9008
vn -0.0000 -0.3803 0.9249
vn 0.0907 -0.3803 0.9204
vn 0.1804 -0.3803 0.9071
vn -0.8878 0.4250 0.1766
vn -0.8850 0.3803 0.2685
vn -0.8662 0.4250 0.2628
vn -0.1804 -0.3803 0.9071
vn -0.0907 -0.3803 0.9204
vn -0.7526 0.4250 -0.5029
vn -0.8156 0.3803 -0.4360
vn -0.7983 0.4250 -0.4267
vn -0.8545 0.3803 0.3539
vn -0.8453 0.4687 0.2564
vn -0.8161 0.4687 0.3380
vn -0.5029 -0.4250 0.7526
vn -0.4267 -0.4250 0.7983
vn -0.8545 0.3803 -0.3539
vn -0.7345 0.4687 -0.4908
vn -0.7790 0.4687 -0.4164
vn -0.8161 0.4687 -0.3380
vn -0.6401 -0.4250 -0.6401
vn -0.6997 -0.4250 -0.5742
vn -0.5138 -0.3803 0.7690
vn -0.4360 -0.3803 0.8157
vn -0.3539 -0.3803 0.8545
vn -0.8363 -0.4250 0.3464
vn -0.7983 -0.4250 0.4267
vn -0.7149 -0.3803 -0.5867
vn -0.7690 -0.3803 -0.5138
vn 0.6401 0.4250 0.6401
vn 0.7149 0.3803 0.5867
vn 0.6997 0.4250 0.5742
vn -0.8545 -0.3803 0.3539
vn -0.8156 -0.3803 0.4360
vn -0.7690 -0.3803 0.5138
vn -0.9052 -0.4250 -0.0000
vn -0.9008 -0.4250 0.0887
vn 0.7690 0.3803 0.5138
vn 0.6246 0.4687 0.6246
vn -0.8878 -0.4250 -0.1766
vn -0.9008 -0.4250 -0.0887
vn -0.9249 -0.3803 -0.0000
vn -0.9204 -0.3803 0.0907
vn -0.9071 -0.3803 0.1804
vn 0.3606 0.3347 -0.8706
vn 0.2780 0.2884 -0.9163
vn 0.2735 0.3347 -0.9017
vn -0.9204 -0.3803 -0.0907
vn -0.7835 -0.3347 -0.5235
vn -0.8157 -0.3803 -0.4360
vn -0.8310 -0.3347 -0.4442
vn 0.1868 0.2884 -0.9391
vn 0.3539 0.3803 -0.8545
vn 0.2685 0.3803 -0.8850
vn 0.1804 0.3803 -0.9071
vn -0.6662 -0.3352 -0.6662
vn -0.7284 -0.3347 -0.5978
vn -0.7961 -0.2884 -0.5320
vn -0.8445 -0.2884 -0.4514
vn -0.8846 -0.2884 -0.3664
vn -0.5235 -0.3347 -0.7835
vn -0.5978 -0.3347 -0.7284
vn -0.6771 -0.2884 -0.6771
vn -0.7402 -0.2884 -0.6074
vn -0.1838 -0.3347 0.9242
vn -0.0924 -0.3347 0.9378
vn -0.5320 -0.2884 -0.7961
vn -0.6074 -0.2884 -0.7402
vn 0.3606 0.3347 0.8706
vn 0.4514 0.2884 0.8445
vn 0.4442 0.3347 0.8310
vn -0.1868 -0.2884 0.9391
vn -0.0939 -0.2884 0.9529
vn -0.0000 -0.2884 0.9575
vn -0.7835 0.3347 -0.5235
vn -0.8445 0.2884 -0.4514
vn -0.8310 0.3347 -0.4442
vn 0.5320 0.2884 0.7961
vn 0.3539 0.3803 0.8545
vn -0.0000 -0.3347 -0.9423
vn -0.0924 -0.3347 -0.9378
vn -0.8846 0.2884 -0.3664
vn -0.7690 0.3803 -0.5138
vn -0.8706 0.3347 0.3606
vn -0.8445 0.2884 0.4514
vn -0.8310 0.3347 0.4442
vn -0.0000 -0.2884 -0.9575
vn -0.0938 -0.2888 -0.9528
vn -0.1868 -0.2884 -0.9391
vn 0.5235 -0.3347 -0.7835
vn 0.4442 -0.3347 -0.8310
vn -0.7961 0.2884 0.5320
vn -0.8156 0.3803 0.4360
vn -0.7690 0.3803 0.5138
vn -0.9242 -0.3347 0.1838
vn -0.8850 -0.3803 0.2685
vn -0.9017 -0.3347 0.2735
vn 0.5320 -0.2884 -0.7961
vn 0.4514 -0.2884 -0.8445
vn 0.3664 -0.2884 -0.8846
vn 0.7835 -0.3347 -0.5235
vn 0.7148 -0.3808 -0.5866
vn 0.7284 -0.3347 -0.5978
vn -0.9391 -0.2884 0.1868
vn -0.9163 -0.2884 0.2780
vn -0.8845 -0.2887 0.3664
vn 0.5235 0.3347 -0.7835
vn 0.4514 0.2884 -0.8445
vn 0.4442 0.3347 -0.8310
vn 0.7961 -0.2884 -0.5320
vn 0.7402 -0.2884 -0.6074
vn 0.6771 -0.2884 -0.6771
vn -0.1838 0.3347 -0.9242
vn -0.2780 0.2884 -0.9163
vn -0.2735 0.3347 -0.9017
vn 0.3664 0.2884 -0.8846
vn 0.4360 0.3803 -0.8156
vn 0.9423 -0.3347 -0.0000
vn 0.9204 -0.3803 -0.0907
vn 0.9378 -0.3347 -0.0924
vn -0.3664 0.2884 -0.8846
vn -0.0000 0.3347 0.9423
vn 0.0939 0.2884 0.9529
vn 0.0924 0.3347 0.9378
vn 0.9575 -0.2884 -0.0000
vn 0.9529 -0.2884 -0.0939
vn 0.9391 -0.2884 -0.1868
vn 0.8706 -0.3347 0.3606
vn 0.9017 -0.3347 0.2735
vn 0.1868 0.2884 0.9391
vn -0.0000 0.3803 0.9249
vn 0.1838 -0.3347 0.9242
vn 0.2685 -0.3803 0.8850
vn 0.2735 -0.3347 0.9017
vn 0.8846 -0.2884 0.3664
vn 0.9162 -0.2887 0.2779
vn 0.9391 -0.2884 0.1868
vn 0.6662 -0.3354 0.6662
vn 0.7284 -0.3347 0.5978
vn 0.3539 -0.3803 0.8545
vn 0.1868 -0.2884 0.9391
vn 0.2780 -0.2884 0.9163
vn 0.3664 -0.2884 0.8846
vn -0.6662 0.3352 -0.6662
vn -0.7402 0.2884 -0.6074
vn -0.7284 0.3347 -0.5978
vn 0.6771 -0.2884 0.6771
vn 0.7402 -0.2884 0.6074
vn 0.7961 -0.2884 0.5320
vn 0.3606 -0.3347 0.8706
vn 0.4360 -0.3803 0.8156
vn 0.4442 -0.3347 0.8310
vn -0.7961 0.2884 -0.5320
vn -0.7149 0.3803 -0.5867
vn -0.5235 0.3347 -0.7835
vn -0.6074 0.2884 -0.7402
vn -0.5978 0.3347 -0.7284
vn 0.4514 -0.2884 0.8445
vn 0.5320 -0.2884 0.7961
vn -0.0000 -0.3347 0.9423
vn 0.0924 -0.3347 0.9378
vn -0.6771 0.2884 -0.6771
vn 0.8705 0.3351 0.3606
vn 0.9163 0.2884 0.2780
vn 0.9017 0.3347 0.2735
vn 0.0939 -0.2884 0.9529
vn 0.9423 0.3347 -0.0000
vn 0.9529 0.2884 -0.0939
vn 0.9378 0.3347 -0.0924
vn 0.9391 0.2884 0.1868
vn 0.8545 0.3803 0.3539
vn 0.8850 0.3803 0.2685
vn 0.9071 0.3803 0.1804
vn -0.5235 -0.3347 0.7835
vn -0.4442 -0.3347 0.8310
vn 0.9391 0.2884 -0.1868
vn 0.9204 0.3803 -0.0907
vn 0.9071 0.3803 -0.1804
vn -0.5235 0.3347 0.7835
vn -0.4514 0.2884 0.8445
vn -0.4442 0.3347 0.8310
vn -0.5320 -0.2884 0.7961
vn -0.4514 -0.2884 0.8445
vn -0.3664 -0.2884 0.8846
vn -0.6663 0.3347 0.6663
vn -0.6074 0.2884 0.7402
vn -0.5978 0.3347 0.7284
vn -0.3664 0.2884 0.8846
vn -0.5138 0.3803 0.7690
vn -0.4360 0.3803 0.8156
vn -0.3539 0.3803 0.8545
vn -0.8706 -0.3347 0.3606
vn -0.8310 -0.3351 0.4441
vn -0.5320 0.2884 0.7961
vn -0.6540 0.3803 0.6540
vn -0.5867 0.3803 0.7149
vn -0.3606 -0.3347 0.8706
vn -0.2685 -0.3803 0.8850
vn -0.2735 -0.3347 0.9017
vn -0.8445 -0.2884 0.4514
vn -0.7961 -0.2884 0.5320
vn -0.9423 -0.3347 -0.0000
vn -0.9378 -0.3347 0.0924
vn -0.2780 -0.2884 0.9163
vn -0.9242 -0.3347 -0.1838
vn -0.9378 -0.3347 -0.0924
vn -0.9575 -0.2884 -0.0000
vn -0.9529 -0.2884 0.0939
vn -0.8966 -0.2413 -0.3714
vn -0.9163 -0.2884 -0.2780
vn -0.9287 -0.2413 -0.2817
vn -0.9391 -0.2884 -0.1868
vn -0.9529 -0.2884 -0.0939
vn 0.8966 -0.2413 0.3714
vn 0.9287 -0.2413 0.2817
vn -0.9064 -0.1937 -0.3754
vn -0.9388 -0.1937 -0.2848
vn -0.9622 -0.1937 -0.1914
vn -0.6862 0.2413 0.6862
vn -0.6224 0.1937 0.7584
vn -0.6156 0.2413 0.7502
vn 0.9064 -0.1937 0.3754
vn 0.9388 -0.1937 0.2848
vn 0.9622 -0.1937 0.1914
vn 0.8069 0.2413 -0.5391
vn 0.7584 0.1937 -0.6224
vn 0.7502 0.2413 -0.6156
vn -0.5450 0.1937 0.8157
vn -0.6771 0.2884 0.6771
vn -0.3714 -0.2413 -0.8966
vn -0.4514 -0.2884 -0.8445
vn -0.4575 -0.2413 -0.8559
vn 0.6937 0.1937 -0.6937
vn 0.7961 0.2884 -0.5320
vn 0.7401 0.2888 -0.6074
vn 0.6771 0.2884 -0.6771
vn -0.1893 -0.2413 -0.9518
vn -0.2780 -0.2884 -0.9163
vn -0.2817 -0.2413 -0.9287
vn -0.3754 -0.1937 -0.9064
vn -0.4625 -0.1937 -0.8652
vn -0.5450 -0.1937 -0.8157
vn -0.0000 -0.2413 -0.9704
vn -0.0951 -0.2413 -0.9658
vn -0.3664 -0.2884 -0.8846
vn -0.1914 -0.1937 -0.9622
vn -0.2848 -0.1937 -0.9388
vn -0.5391 -0.2413 0.8069
vn -0.4575 -0.2413 0.8559
vn -0.0000 -0.1937 -0.9811
vn -0.0962 -0.1937 -0.9763
vn 0.3714 -0.2413 -0.8966
vn 0.2780 -0.2884 -0.9163
vn 0.2817 -0.2413 -0.9287
vn -0.5450 -0.1937 0.8157
vn -0.4625 -0.1937 0.8652
vn -0.3754 -0.1937 0.9064
vn -0.8966 0.2413 0.3714
vn -0.8652 0.1937 0.4625
vn -0.8559 0.2413 0.4575
vn 0.1868 -0.2884 -0.9391
vn 0.3754 -0.1937 -0.9064
vn 0.2848 -0.1937 -0.9388
vn 0.1914 -0.1937 -0.9622
vn 0.6862 -0.2413 -0.6862
vn 0.6074 -0.2884 -0.7402
vn 0.6156 -0.2413 -0.7502
vn -0.8157 0.1937 0.5450
vn -0.8845 0.2888 0.3664
vn 0.8069 -0.2413 -0.5391
vn 0.7502 -0.2413 -0.6156
vn 0.6937 -0.1937 -0.6937
vn 0.6224 -0.1937 -0.7584
vn 0.5450 -0.1937 -0.8157
vn 0.9704 -0.2413 -0.0000
vn 0.9658 -0.2413 -0.0951
vn 0.8157 -0.1937 -0.5450
vn 0.7584 -0.1937 -0.6224
vn 0.9518 -0.2413 -0.1893
vn 0.9163 -0.2884 -0.2780
vn 0.9287 -0.2413 -0.2817
vn 0.9811 -0.1937 -0.0000
vn 0.9763 -0.1937 -0.0962
vn 0.9622 -0.1937 -0.1914
vn 0.3714 -0.2413 0.8966
vn 0.4575 -0.2413 0.8559
vn 0.8846 -0.2884 -0.3664
vn 0.9388 -0.1937 -0.2848
vn 0.9064 -0.1937 -0.3754
vn 0.9518 -0.2413 0.1893
vn 0.9529 -0.2884 0.0939
vn 0.9658 -0.2413 0.0951
vn 0.3754 -0.1937 0.9064
vn 0.4625 -0.1937 0.8652
vn 0.5450 -0.1937 0.8157
vn 0.8069 -0.2413 0.5391
vn 0.8445 -0.2884 0.4514
vn 0.8559 -0.2413 0.4575
vn 0.9763 -0.1937 0.0962
vn -0.9518 0.2413 -0.1893
vn -0.9763 0.1937 -0.0962
vn -0.9658 0.2413 -0.0951
vn 0.8157 -0.1937 0.5450
vn 0.8652 -0.1937 0.4625
vn 0.6862 -0.2413 0.6862
vn 0.7502 -0.2413 0.6156
vn -0.9704 0.2413 -0.0000
vn -0.9391 0.2884 -0.1868
vn -0.9529 0.2884 -0.0939
vn -0.9575 0.2884 -0.0000
vn -0.8069 -0.2413 0.5391
vn -0.7402 -0.2884 0.6074
vn -0.7502 -0.2413 0.6156
vn 0.6937 -0.1937 0.6937
vn 0.7584 -0.1937 0.6224
vn 0.5391 -0.2413 -0.8069
vn 0.4575 -0.2413 -0.8559
vn -0.6771 -0.2884 0.6771
vn -0.8157 -0.1937 0.5450
vn -0.7584 -0.1937 0.6224
vn -0.6937 -0.1937 0.6937
vn 0.1893 -0.2413 0.9518
vn 0.2817 -0.2413 0.9287
vn 0.4625 -0.1937 -0.8652
vn -0.0000 -0.2413 0.9704
vn 0.0951 -0.2413 0.9658
vn 0.1914 -0.1937 0.9622
vn 0.2848 -0.1937 0.9388
vn -0.0000 0.2413 0.9704
vn 0.0962 0.1937 0.9763
vn 0.0951 0.2413 0.9658
vn -0.0000 -0.1937 0.9811
vn 0.0962 -0.1937 0.9763
vn -0.9518 -0.2413 0.1893
vn -0.9287 -0.2413 0.2817
vn 0.1914 0.1937 0.9622
vn -0.0000 0.2884 0.9575
vn 0.3714 0.2413 -0.8966
vn 0.2848 0.1937 -0.9388
vn 0.2817 0.2413 -0.9287
vn -0.9622 -0.1937 0.1914
vn -0.9388 -0.1937 0.2848
vn -0.9064 -0.1937 0.3754
vn -0.6862 -0.2413 0.6862
vn -0.6074 -0.2884 0.7402
vn -0.6156 -0.2413 0.7502
vn 0.1914 0.1937 -0.9622
vn 0.5391 0.2413 0.8069
vn 0.6224 0.1937 0.7584
vn 0.6156 0.2413 0.7502
vn -0.6224 -0.1937 0.7584
vn -0.8966 -0.2413 0.3714
vn -0.8559 -0.2413 0.4575
vn 0.6937 0.1937 0.6937
vn 0.6074 0.2884 0.7402
vn 0.6771 0.2884 0.6771
vn 0.1893 0.2413 0.9518
vn 0.2848 0.1937 0.9388
vn 0.2817 0.2413 0.9287
vn -0.8652 -0.1937 0.4625
vn -0.9704 -0.2413 -0.0000
vn -0.9658 -0.2413 0.0951
vn 0.3754 0.1937 0.9064
vn 0.2780 0.2884 0.9163
vn 0.3664 0.2884 0.8846
vn -0.9518 -0.2413 -0.1893
vn -0.9658 -0.2413 -0.0951
vn -0.9811 -0.1937 -0.0000
vn -0.9763 -0.1937 0.0962
vn 0.3786 -0.1457 -0.9140
vn 0.2872 -0.1457 -0.9467
vn -0.9763 -0.1937 -0.0962
vn -0.5496 -0.1457 0.8226
vn -0.4664 -0.1457 0.8725
vn 0.3809 -0.0973 -0.9195
vn 0.2889 -0.0973 -0.9524
vn 0.1942 -0.0973 -0.9761
vn -0.6996 -0.1457 -0.6996
vn -0.7584 -0.1937 -0.6224
vn -0.7648 -0.1457 -0.6276
vn -0.5529 -0.0973 0.8275
vn -0.4692 -0.0973 0.8777
vn -0.3809 -0.0973 0.9195
vn 0.8226 0.1457 -0.5496
vn 0.7693 0.0973 -0.6314
vn 0.7648 0.1457 -0.6276
vn -0.8157 -0.1937 -0.5450
vn -0.7038 -0.0973 -0.7037
vn -0.7693 -0.0973 -0.6314
vn -0.8275 -0.0973 -0.5529
vn -0.3786 -0.1457 -0.9140
vn -0.4664 -0.1457 -0.8725
vn 0.7037 0.0973 -0.7038
vn 0.8157 0.1937 -0.5450
vn 0.1930 0.1457 0.9703
vn 0.2889 0.0973 0.9524
vn 0.2872 0.1457 0.9467
vn -0.3809 -0.0973 -0.9195
vn -0.4692 -0.0973 -0.8777
vn -0.5529 -0.0973 -0.8275
vn -0.0000 -0.1457 -0.9893
vn -0.0970 -0.1457 -0.9846
vn 0.3809 0.0973 0.9195
vn 0.1930 -0.1457 -0.9703
vn 0.0962 -0.1937 -0.9763
vn 0.0970 -0.1457 -0.9846
vn -0.0000 -0.0973 -0.9953
vn -0.0976 -0.0973 -0.9905
vn -0.1942 -0.0973 -0.9761
vn -0.8966 0.2413 -0.3714
vn -0.9388 0.1937 -0.2848
vn -0.9287 0.2413 -0.2817
vn 0.0976 -0.0973 -0.9905
vn -0.9140 0.1457 0.3786
vn -0.8777 0.0973 0.4692
vn -0.8725 0.1457 0.4664
vn -0.9622 0.1937 -0.1914
vn -0.9163 0.2884 -0.2780
vn 0.6996 -0.1457 -0.6996
vn 0.6276 -0.1457 -0.7648
vn -0.8275 0.0973 0.5529
vn -0.9064 0.1937 0.3754
vn 0.8226 -0.1457 -0.5496
vn 0.7648 -0.1457 -0.6276
vn 0.7038 -0.0973 -0.7038
vn 0.6314 -0.0973 -0.7693
vn 0.5529 -0.0973 -0.8275
vn 0.9140 -0.1457 -0.3786
vn 0.8652 -0.1937 -0.4625
vn 0.8725 -0.1457 -0.4664
vn 0.8275 -0.0973 -0.5529
vn 0.7693 -0.0973 -0.6314
vn -0.1930 -0.1457 -0.9703
vn -0.2872 -0.1457 -0.9467
vn 0.9195 -0.0973 -0.3809
vn 0.8777 -0.0973 -0.4692
vn 0.9703 -0.1457 -0.1930
vn 0.9467 -0.1457 -0.2872
vn -0.2889 -0.0973 -0.9524
vn 0.9703 -0.1457 0.1930
vn 0.9846 -0.1457 0.0970
vn 0.9761 -0.0973 -0.1942
vn 0.9524 -0.0973 -0.2889
vn 0.9140 -0.1457 0.3786
vn 0.9467 -0.1457 0.2872
vn 0.9761 -0.0973 0.1942
vn 0.9905 -0.0973 0.0975
vn 0.9953 -0.0973 -0.0000
vn 0.8226 -0.1457 0.5496
vn 0.8725 -0.1457 0.4664
vn 0.9195 -0.0973 0.3809
vn 0.9524 -0.0973 0.2889
vn 0.6996 -0.1457 0.6996
vn 0.7648 -0.1457 0.6276
vn 0.8275 -0.0973 0.5529
vn 0.8777 -0.0973 0.4692
vn 0.5496 -0.1457 0.8226
vn 0.6224 -0.1937 0.7584
vn 0.6276 -0.1457 0.7648
vn 0.7038 -0.0973 0.7037
vn 0.7693 -0.0973 0.6314
vn 0.3786 -0.1457 0.9140
vn 0.4664 -0.1457 0.8725
vn 0.5529 -0.0973 0.8275
vn 0.6314 -0.0973 0.7693
vn -0.1930 -0.1457 0.9703
vn -0.0962 -0.1937 0.9763
vn -0.0970 -0.1457 0.9846
vn 0.3809 -0.0973 0.9195
vn 0.4692 -0.0973 0.8777
vn -0.3786 -0.1457 0.9140
vn -0.2848 -0.1937 0.9388
vn -0.2872 -0.1457 0.9467
vn -0.1942 -0.0973 0.9761
vn -0.0976 -0.0973 0.9905
vn -0.0000 -0.0973 0.9953
vn -0.0000 0.1457 0.9893
vn 0.0976 0.0973 0.9905
vn 0.0970 0.1457 0.9846
vn -0.1914 -0.1937 0.9622
vn -0.2889 -0.0973 0.9524
vn 0.1930 0.1457 -0.9703
vn 0.0976 0.0973 -0.9905
vn 0.0970 0.1457 -0.9846
vn 0.1942 0.0973 0.9761
vn -0.0000 0.1937 0.9811
vn -0.8226 -0.1457 -0.5496
vn -0.8652 -0.1937 -0.4625
vn -0.8725 -0.1457 -0.4664
vn -0.0000 0.0973 -0.9953
vn 0.0962 0.1937 -0.9763
vn -0.0000 0.1937 -0.9811
vn -0.6996 -0.1457 0.6996
vn -0.6276 -0.1457 0.7648
vn -0.8777 -0.0973 -0.4692
vn -0.9195 -0.0973 -0.3809
vn 0.5496 0.1457 0.8226
vn 0.6314 0.0973 0.7693
vn 0.6276 0.1457 0.7648
vn -0.7037 -0.0973 0.7038
vn -0.6314 -0.0973 0.7693
vn -0.9140 -0.1457 0.3786
vn -0.8725 -0.1457 0.4664
vn 0.7038 0.0973 0.7037
vn 0.5450 0.1937 0.8157
vn -0.9703 -0.1457 0.1930
vn -0.9467 -0.1457 0.2872
vn -0.9195 -0.0973 0.3809
vn -0.8777 -0.0973 0.4692
vn -0.8275 -0.0973 0.5529
vn -0.9893 -0.1457 -0.0000
vn -0.9846 -0.1457 0.0970
vn -0.9761 -0.0973 0.1942
vn -0.9524 -0.0973 0.2889
vn -0.9703 -0.1457 -0.1930
vn -0.9846 -0.1457 -0.0970
vn -0.9953 -0.0973 -0.0000
vn -0.9905 -0.0973 0.0975
vn 0.9228 0.0487 0.3822
vn 0.9569 -0.0000 0.2903
vn 0.9558 0.0487 0.2899
vn -0.9761 -0.0973 -0.1942
vn -0.9905 -0.0973 -0.0976
vn -0.9228 -0.0487 0.3822
vn -0.8809 -0.0487 0.4708
vn 0.9808 -0.0000 0.1951
vn 0.9195 0.0973 0.3809
vn 0.9524 0.0973 0.2889
vn 0.9761 0.0973 0.1942
vn -0.7063 -0.0487 -0.7063
vn -0.7721 -0.0487 -0.6336
vn -0.9239 -0.0000 0.3827
vn -0.8819 -0.0000 0.4714
vn -0.8315 -0.0000 0.5556
vn -0.7063 -0.0487 0.7063
vn -0.6336 -0.0487 0.7721
vn -0.7071 -0.0000 -0.7071
vn -0.7730 -0.0000 -0.6344
vn -0.8315 -0.0000 -0.5556
vn 0.9228 0.0487 -0.3822
vn 0.8819 -0.0000 -0.4714
vn 0.8809 0.0487 -0.4708
vn -0.7071 -0.0000 0.7071
vn -0.6344 -0.0000 0.7730
vn -0.5556 -0.0000 0.8315
vn 0.9796 -0.0487 -0.1949
vn 0.9558 -0.0487 -0.2899
vn 0.8315 -0.0000 -0.5556
vn 0.9195 0.0973 -0.3809
vn 0.8777 0.0973 -0.4692
vn 0.8275 0.0973 -0.5529
vn -0.0000 -0.0487 -0.9988
vn -0.0979 -0.0487 -0.9940
vn 0.9808 -0.0000 -0.1951
vn 0.9569 -0.0000 -0.2903
vn 0.9239 -0.0000 -0.3827
vn -0.9703 0.1457 -0.1930
vn -0.9905 0.0973 -0.0976
vn -0.9846 0.1457 -0.0970
vn -0.0000 -0.0000 -1.0000
vn -0.0980 -0.0000 -0.9952
vn -0.1951 -0.0000 -0.9808
vn 0.3822 -0.0487 -0.9228
vn 0.2899 -0.0487 -0.9558
vn -0.9893 0.1457 -0.0000
vn -0.9811 0.1938 -0.0000
vn 0.8305 0.0487 0.5549
vn 0.8819 -0.0000 0.4714
vn 0.8809 0.0487 0.4708
vn 0.3827 -0.0000 -0.9239
vn 0.2903 -0.0000 -0.9569
vn 0.1951 -0.0000 -0.9808
vn 0.7063 -0.0487 -0.7063
vn 0.6336 -0.0487 -0.7721
vn 0.9239 -0.0000 0.3827
vn 0.8275 0.0973 0.5529
vn 0.8777 0.0973 0.4692
vn 0.8305 -0.0487 -0.5549
vn 0.7721 -0.0487 -0.6336
vn 0.7071 -0.0000 -0.7071
vn 0.6344 -0.0000 -0.7730
vn 0.5556 -0.0000 -0.8315
vn -0.1949 0.0487 0.9796
vn -0.0980 -0.0000 0.9952
vn -0.0979 0.0487 0.9940
vn 0.7730 -0.0000 -0.6344
vn -0.1949 0.0487 -0.9796
vn -0.2903 -0.0000 -0.9569
vn -0.2899 0.0487 -0.9558
vn -0.0000 -0.0000 1.0000
vn -0.1942 0.0973 0.9761
vn -0.0976 0.0973 0.9905
vn -0.0000 0.0973 0.9953
vn 0.9796 -0.0487 0.1949
vn 0.9940 -0.0487 0.0979
vn -0.3827 -0.0000 -0.9239
vn -0.1942 0.0973 -0.9761
vn -0.2889 0.0973 -0.9524
vn -0.3809 0.0973 -0.9195
vn 0.9988 -0.0487 -0.0000
vn 0.9905 -0.0973 -0.0975
vn 0.9940 -0.0487 -0.0979
vn 0.9952 -0.0000 0.0980
vn 1.0000 -0.0000 -0.0000
vn -0.0000 0.0487 0.9988
vn 0.0980 -0.0000 0.9952
vn 0.0979 0.0487 0.9940
vn 0.9952 -0.0000 -0.0980
vn 0.8305 -0.0487 0.5549
vn 0.8809 -0.0487 0.4708
vn 0.1951 -0.0000 0.9808
vn -0.3822 -0.0487 0.9228
vn -0.2899 -0.0487 0.9558
vn 0.8315 -0.0000 0.5556
vn 0.5549 -0.0487 0.8305
vn 0.6336 -0.0487 0.7721
vn -0.3827 -0.0000 0.9239
vn -0.2903 -0.0000 0.9569
vn -0.1951 -0.0000 0.9808
vn -0.3822 0.0487 -0.9228
vn -0.4714 -0.0000 -0.8819
vn -0.4708 0.0487 -0.8809
vn 0.5556 -0.0000 0.8315
vn 0.6344 -0.0000 0.7730
vn 0.7071 -0.0000 0.7071
vn 0.9796 0.0487 -0.1949
vn 0.9558 0.0487 -0.2899
vn -0.5556 -0.0000 -0.8315
vn -0.4692 0.0973 -0.8777
vn -0.5529 0.0973 -0.8275
vn -0.0000 -0.0487 0.9988
vn 0.0976 -0.0973 0.9905
vn 0.0979 -0.0487 0.9940
vn 0.9761 0.0973 -0.1942
vn 0.9524 0.0973 -0.2889
vn -0.1949 -0.0487 0.9796
vn -0.0979 -0.0487 0.9940
vn 0.1942 -0.0973 0.9761
vn 0.1949 -0.0487 -0.9796
vn 0.0979 -0.0487 -0.9940
vn -0.7063 0.0487 -0.7063
vn -0.7721 0.0487 -0.6336
vn 0.0980 -0.0000 -0.9952
vn -0.8305 -0.0487 -0.5549
vn -0.8809 -0.0487 -0.4708
vn -0.7038 0.0973 -0.7037
vn -0.7693 0.0973 -0.6314
vn -0.8275 0.0973 -0.5529
vn 0.7063 0.0487 -0.7063
vn 0.6336 0.0487 -0.7721
vn -0.8819 -0.0000 -0.4714
vn -0.9239 -0.0000 -0.3827
vn -0.5549 -0.0487 0.8305
vn -0.4708 -0.0487 0.8809
vn 0.6314 0.0973 -0.7693
vn 0.5529 0.0973 -0.8275
vn -0.8305 -0.0487 0.5549
vn -0.7693 -0.0973 0.6314
vn -0.7721 -0.0487 0.6336
vn -0.4714 -0.0000 0.8819
vn -0.9988 -0.0487 -0.0000
vn -0.9940 -0.0487 0.0979
vn -0.7730 -0.0000 0.6344
vn -0.9796 -0.0487 -0.1949
vn -0.9940 -0.0487 -0.0979
vn -1.0000 -0.0000 -0.0000
vn -0.9952 -0.0000 0.0980
vn -0.9808 -0.0000 0.1951
vn 0.1949 -0.0487 0.9796
vn 0.2889 -0.0973 0.9524
vn 0.2899 -0.0487 0.9558
vn -0.9808 -0.0000 -0.1951
vn -0.9952 -0.0000 -0.0980
vn -0.8305 0.0487 -0.5549
vn -0.8809 0.0487 -0.4708
vn 0.2903 -0.0000 0.9569
vn 0.3827 -0.0000 0.9239
vn -0.9988 0.0487 -0.0000
vn -0.9940 0.0487 0.0979
vn -0.8777 0.0973 -0.4692
vn -0.9195 0.0973 -0.3809
vn -0.5549 0.0487 -0.8305
vn -0.6344 -0.0000 -0.7730
vn -0.6336 0.0487 -0.7721
vn -0.9953 0.0973 -0.0000
vn -0.9905 0.0973 0.0976
vn -0.9761 0.0973 0.1942
vn 0.9228 -0.0487 -0.3822
vn 0.8809 -0.0487 -0.4708
vn -0.6314 0.0973 -0.7693
vn -0.9228 0.0487 -0.3822
vn -0.9569 -0.0000 -0.2903
vn -0.9558 0.0487 -0.2899
vn -0.9796 0.0487 -0.1949
vn -0.9940 0.0487 -0.0979
vn -0.9524 0.0973 -0.2889
vn -0.9761 0.0973 -0.1942
vn 0.1949 0.0487 -0.9796
vn 0.0979 0.0487 -0.9940
vn -0.5549 -0.0487 -0.8305
vn -0.6314 -0.0973 -0.7693
vn -0.6336 -0.0487 -0.7721
vn 0.1942 0.0973 -0.9761
vn 0.5549 0.0487 -0.8305
vn 0.4714 -0.0000 -0.8819
vn 0.4708 0.0487 -0.8809
vn -0.9228 -0.0487 -0.3822
vn -0.9524 -0.0973 -0.2889
vn -0.9558 -0.0487 -0.2899
vn 0.4692 0.0973 -0.8777
vn 0.3809 0.0973 -0.9195
vn 0.7063 -0.0487 0.7063
vn 0.7721 -0.0487 0.6336
vn 0.3822 0.0487 0.9228
vn 0.4714 -0.0000 0.8819
vn 0.4708 0.0487 0.8809
vn 0.7730 -0.0000 0.6344
vn -0.1949 -0.0487 -0.9796
vn -0.2899 -0.0487 -0.9558
vn 0.4692 0.0973 0.8777
vn 0.5529 0.0973 0.8275
vn 0.9988 0.0487 -0.0000
vn 0.9940 0.0487 -0.0979
vn -0.0000 0.0487 -0.9988
vn -0.0979 0.0487 -0.9940
vn 0.9953 0.0973 -0.0000
vn 0.9905 0.0973 -0.0975
vn 0.9796 0.0487 0.1949
vn 0.9940 0.0487 0.0979
vn -0.0976 0.0973 -0.9905
vn 0.3822 -0.0487 0.9228
vn 0.4708 -0.0487 0.8809
vn 0.9905 0.0973 0.0975
vn 0.7063 0.0487 0.7063
vn 0.7721 0.0487 0.6336
vn 0.8305 0.0487 -0.5549
vn 0.7721 0.0487 -0.6336
vn 0.7693 0.0973 0.6314
vn -0.3822 -0.0487 -0.9228
vn -0.4708 -0.0487 -0.8809
vn 0.1949 0.0487 0.9796
vn 0.2899 0.0487 0.9558
vn 0.9228 -0.0487 0.3822
vn 0.9558 -0.0487 0.2899
vn 0.3822 0.0487 -0.9228
vn 0.2899 0.0487 -0.9558
vn -0.3822 0.0487 0.9228
vn -0.2899 0.0487 0.9558
vn 0.2889 0.0973 -0.9524
vn -0.5549 0.0487 0.8305
vn -0.4708 0.0487 0.8809
vn -0.3809 0.0973 0.9195
vn -0.2889 0.0973 0.9524
vn -0.7063 0.0487 0.7063
vn -0.6336 0.0487 0.7721
vn -0.5529 0.0973 0.8275
vn -0.4692 0.0973 0.8777
vn -0.8305 0.0487 0.5549
vn -0.7721 0.0487 0.6336
vn -0.7038 0.0973 0.7037
vn -0.6314 0.0973 0.7693
vn -0.9228 0.0487 0.3822
vn -0.8809 0.0487 0.4708
vn -0.7693 0.0973 0.6314
vn -0.9796 0.0487 0.1949
vn -0.9569 -0.0000 0.2903
vn -0.9558 0.0487 0.2899
vn -0.9195 0.0973 0.3809
vn 0.5549 0.0487 0.8305
vn 0.6336 0.0487 0.7721
vn -0.9524 0.0973 0.2889
vn 0.5549 -0.0487 -0.8305
vn 0.4692 -0.0973 -0.8777
vn 0.4708 -0.0487 -0.8809
vn -0.9140 0.1457 -0.3786
vn -0.9467 0.1457 -0.2872
vn -0.8226 0.1457 -0.5496
vn -0.8725 0.1457 -0.4664
vn -0.9064 0.1937 -0.3754
vn -0.0000 0.1457 -0.9893
vn -0.0970 0.1457 -0.9846
vn -0.8157 0.1937 -0.5450
vn -0.8652 0.1937 -0.4625
vn -0.5496 0.1457 -0.8226
vn -0.6276 0.1457 -0.7648
vn -0.0962 0.1937 -0.9763
vn -0.1914 0.1937 -0.9622
vn -0.5496 0.1457 0.8226
vn -0.4664 0.1457 0.8725
vn -0.5450 0.1937 -0.8157
vn -0.6224 0.1937 -0.7584
vn -0.6937 0.1937 -0.6937
vn 0.1930 -0.1457 0.9703
vn 0.2872 -0.1457 0.9467
vn -0.4625 0.1937 0.8652
vn -0.3754 0.1937 0.9064
vn 0.9703 0.1457 0.1930
vn 0.9846 0.1457 0.0970
vn 0.8226 0.1457 0.5496
vn 0.8725 0.1457 0.4664
vn 0.9622 0.1937 0.1914
vn 0.9763 0.1937 0.0962
vn 0.9811 0.1937 -0.0000
vn 0.3786 0.1457 -0.9140
vn 0.2872 0.1457 -0.9467
vn 0.8157 0.1937 0.5450
vn 0.8652 0.1937 0.4625
vn 0.9064 0.1937 0.3754
vn 0.5496 0.1457 -0.8226
vn 0.4664 0.1457 -0.8725
vn 0.3754 0.1937 -0.9064
vn -0.8226 0.1457 0.5496
vn -0.7648 0.1457 0.6276
vn 0.5450 0.1937 -0.8157
vn 0.4625 0.1937 -0.8652
vn -0.3786 0.1457 -0.9140
vn -0.4664 0.1457 -0.8725
vn -0.7584 0.1937 0.6224
vn -0.6937 0.1937 0.6937
vn 0.5496 -0.1457 -0.8226
vn 0.4664 -0.1457 -0.8725
vn -0.3754 0.1937 -0.9064
vn -0.4625 0.1937 -0.8652
vn 0.9703 0.1457 -0.1930
vn 0.9467 0.1457 -0.2872
vn 0.9893 0.1457 -0.0000
vn 0.9846 0.1457 -0.0970
vn 0.9622 0.1937 -0.1914
vn 0.9388 0.1937 -0.2848
vn 0.9064 0.1937 -0.3754
vn 0.9893 -0.1457 -0.0000
vn 0.9846 -0.1457 -0.0970
vn 0.9763 0.1937 -0.0962
vn -0.9846 0.1457 0.0970
vn -0.8226 -0.1457 0.5496
vn -0.7648 -0.1457 0.6276
vn -0.9763 0.1937 0.0962
vn -0.9622 0.1937 0.1914
vn -0.5496 -0.1457 -0.8226
vn -0.6224 -0.1937 -0.7584
vn -0.6276 -0.1457 -0.7648
vn -0.9703 0.1457 0.1930
vn -0.9467 0.1457 0.2872
vn -0.6937 -0.1937 -0.6937
vn 0.9140 0.1457 -0.3786
vn 0.8725 0.1457 -0.4664
vn -0.9388 0.1937 0.2848
vn -0.1930 0.1457 -0.9703
vn -0.2872 0.1457 -0.9467
vn 0.8652 0.1937 -0.4625
vn -0.1930 0.1457 0.9703
vn -0.0970 0.1457 0.9846
vn -0.2848 0.1937 -0.9388
vn -0.0000 -0.1457 0.9893
vn 0.0970 -0.1457 0.9846
vn -0.1914 0.1937 0.9622
vn -0.0962 0.1937 0.9763
vn -0.3786 0.1457 0.9140
vn -0.2872 0.1457 0.9467
vn -0.6996 0.1457 -0.6996
vn -0.7648 0.1457 -0.6276
vn -0.2848 0.1937 0.9388
vn 0.6996 0.1457 0.6996
vn 0.7648 0.1457 0.6276
vn -0.7584 0.1937 -0.6224
vn 0.6996 0.1457 -0.6996
vn 0.6276 0.1457 -0.7648
vn 0.7584 0.1937 0.6224
vn -0.6996 0.1457 0.6996
vn -0.6276 0.1457 0.7648
vn 0.6224 0.1937 -0.7584
vn -0.9140 -0.1457 -0.3786
vn -0.9467 -0.1457 -0.2872
vn 0.3786 0.1457 0.9140
vn 0.4664 0.1457 0.8725
vn 0.9140 0.1457 0.3786
vn 0.9467 0.1457 0.2872
vn 0.4625 0.1937 0.8652
vn -0.1893 0.2413 -0.9518
vn -0.2817 0.2413 -0.9287
vn 0.9388 0.1937 0.2848
vn -0.8069 0.2413 -0.5392
vn -0.8559 0.2413 -0.4575
vn -0.1868 0.2884 -0.9391
vn -0.9658 0.2413 0.0951
vn -0.5391 0.2413 -0.8069
vn -0.6156 0.2413 -0.7502
vn -0.9529 0.2884 0.0938
vn -0.9391 0.2884 0.1868
vn -0.1893 -0.2413 0.9518
vn -0.0951 -0.2413 0.9658
vn -0.5320 0.2884 -0.7961
vn -0.3714 -0.2413 0.8966
vn -0.2817 -0.2413 0.9287
vn -0.3714 0.2413 -0.8966
vn -0.4575 0.2413 -0.8559
vn 0.1893 0.2413 -0.9518
vn 0.0951 0.2413 -0.9658
vn -0.4514 0.2884 -0.8445
vn 0.9518 0.2413 -0.1893
vn 0.9287 0.2413 -0.2817
vn 0.0939 0.2884 -0.9529
vn -0.0000 0.2884 -0.9575
vn 0.5391 0.2413 -0.8069
vn 0.4575 0.2413 -0.8559
vn 0.9163 0.2884 -0.2780
vn 0.8846 0.2884 -0.3664
vn 0.6862 0.2413 0.6862
vn 0.7502 0.2413 0.6156
vn 0.5320 0.2884 -0.7961
vn 0.6862 0.2413 -0.6862
vn 0.6156 0.2413 -0.7502
vn 0.7402 0.2884 0.6074
vn 0.7961 0.2884 0.5320
vn 0.8966 0.2413 -0.3714
vn 0.8559 0.2413 -0.4575
vn 0.6074 0.2884 -0.7402
vn -0.8069 -0.2413 -0.5391
vn -0.8559 -0.2413 -0.4575
vn 0.8445 0.2884 -0.4514
vn 0.9704 0.2413 -0.0000
vn 0.9658 0.2413 -0.0951
vn 0.1893 -0.2413 -0.9518
vn 0.0939 -0.2884 -0.9529
vn 0.0951 -0.2413 -0.9658
vn 0.9575 0.2884 -0.0000
vn 0.8966 0.2413 0.3714
vn 0.9287 0.2413 0.2817
vn 0.8069 0.2413 0.5391
vn 0.8559 0.2413 0.4575
vn 0.8845 0.2887 0.3664
vn 0.9518 0.2413 0.1893
vn 0.9658 0.2413 0.0951
vn 0.8445 0.2884 0.4514
vn -0.5391 -0.2413 -0.8069
vn -0.6156 -0.2413 -0.7502
vn 0.9529 0.2884 0.0939
vn 0.3714 0.2413 0.8966
vn 0.4575 0.2413 0.8559
vn -0.8069 0.2413 0.5391
vn -0.7502 0.2413 0.6156
vn -0.6862 -0.2413 -0.6862
vn -0.7502 -0.2413 -0.6156
vn -0.7401 0.2887 0.6074
vn -0.1893 0.2413 0.9518
vn -0.0951 0.2413 0.9658
vn -0.3714 0.2413 0.8966
vn -0.2817 0.2413 0.9287
vn -0.1868 0.2884 0.9391
vn -0.0939 0.2884 0.9529
vn -0.5391 0.2413 0.8069
vn -0.4575 0.2413 0.8559
vn -0.2780 0.2884 0.9163
vn 0.8966 -0.2413 -0.3714
vn 0.8445 -0.2884 -0.4514
vn 0.8559 -0.2413 -0.4575
vn 0.5391 -0.2413 0.8069
vn 0.6074 -0.2884 0.7402
vn 0.6156 -0.2413 0.7502
vn 0.8706 -0.3347 -0.3606
vn 0.8310 -0.3347 -0.4442
vn -0.9518 0.2413 0.1893
vn -0.9287 0.2413 0.2817
vn -0.6862 0.2413 -0.6862
vn -0.7502 0.2413 -0.6156
vn -0.9163 0.2884 0.2780
vn -0.0000 0.2413 -0.9704
vn -0.0951 0.2413 -0.9658
vn -0.8706 0.3347 -0.3606
vn -0.9017 0.3347 -0.2735
vn -0.0939 0.2884 -0.9529
vn -0.9242 0.3347 -0.1838
vn -0.9378 0.3347 -0.0924
vn -0.8850 0.3803 -0.2685
vn -0.9071 0.3803 -0.1804
vn 0.9242 -0.3347 0.1838
vn 0.9204 -0.3803 0.0907
vn 0.9378 -0.3347 0.0924
vn -0.9423 0.3347 -0.0000
vn -0.9204 0.3803 -0.0907
vn -0.9249 0.3803 -0.0000
vn -0.9378 0.3347 0.0924
vn 0.9249 -0.3803 -0.0000
vn -0.3606 0.3347 -0.8706
vn -0.4442 0.3347 -0.8310
vn 0.9242 0.3347 -0.1838
vn 0.9017 0.3347 -0.2735
vn -0.0000 0.3347 -0.9423
vn -0.0924 0.3347 -0.9378
vn 0.8850 0.3803 -0.2685
vn 0.8545 0.3803 -0.3539
vn 0.1838 0.3347 -0.9242
vn 0.0924 0.3347 -0.9378
vn -0.8706 -0.3347 -0.3606
vn -0.9017 -0.3347 -0.2735
vn -0.3606 -0.3347 -0.8706
vn -0.4360 -0.3803 -0.8156
vn -0.4442 -0.3347 -0.8310
vn 0.6662 0.3352 -0.6662
vn 0.5978 0.3347 -0.7284
vn 0.6663 -0.3347 -0.6663
vn 0.5978 -0.3347 -0.7284
vn 0.6540 0.3803 -0.6540
vn 0.8706 0.3347 -0.3606
vn 0.8309 0.3354 -0.4441
vn -0.1838 -0.3347 -0.9242
vn -0.2685 -0.3803 -0.8850
vn -0.2735 -0.3347 -0.9017
vn 0.8156 0.3803 -0.4360
vn 0.7690 0.3803 -0.5138
vn -0.8878 -0.4250 0.1766
vn -0.8453 -0.4687 0.2564
vn -0.8662 -0.4250 0.2628
vn -0.3539 -0.3803 -0.8545
vn 0.9242 0.3347 0.1838
vn 0.9378 0.3347 0.0924
vn 0.3606 -0.3347 -0.8706
vn 0.2735 -0.3347 -0.9017
vn 0.7835 0.3347 0.5235
vn 0.8310 0.3347 0.4442
vn 0.7835 0.3347 -0.5235
vn 0.7284 0.3347 -0.5978
vn 0.8156 0.3803 0.4360
vn 0.5235 0.3347 0.7835
vn 0.5978 0.3347 0.7284
vn 0.7149 0.3803 -0.5867
vn 0.5235 -0.3347 0.7835
vn 0.5978 -0.3347 0.7284
vn 0.5867 0.3803 0.7149
vn 0.6540 0.3803 0.6540
vn 0.1838 0.3347 0.9242
vn 0.2735 0.3347 0.9017
vn 0.1838 -0.3347 -0.9242
vn 0.0907 -0.3803 -0.9204
vn 0.0924 -0.3347 -0.9378
vn 0.2685 0.3803 0.8850
vn -0.1838 0.3347 0.9242
vn -0.0924 0.3347 0.9378
vn -0.3606 0.3347 0.8706
vn -0.2735 0.3347 0.9017
vn -0.1804 0.3803 0.9071
vn -0.0907 0.3803 0.9204
vn -0.6662 -0.3354 0.6662
vn -0.5867 -0.3803 0.7149
vn -0.5978 -0.3347 0.7284
vn -0.2685 0.3803 0.8850
vn 0.9242 -0.3347 -0.1838
vn 0.9017 -0.3347 -0.2735
vn -0.7835 0.3347 0.5235
vn -0.7284 0.3347 0.5978
vn -0.7835 -0.3347 0.5235
vn -0.7149 -0.3803 0.5867
vn -0.7284 -0.3347 0.5978
vn -0.7149 0.3803 0.5867
vn -0.9242 0.3347 0.1838
vn -0.9017 0.3347 0.2735
vn -0.6540 -0.3803 0.6540
vn 0.6663 0.3347 0.6663
vn 0.7284 0.3347 0.5978
vn 0.7835 -0.3347 0.5235
vn 0.8156 -0.3803 0.4360
vn 0.8310 -0.3347 0.4442
vn -0.8363 0.4250 -0.3464
vn -0.8662 0.4250 -0.2628
vn -0.5029 0.4250 0.7526
vn -0.4267 0.4250 0.7983
vn -0.8453 0.4687 -0.2564
vn -0.8664 0.4687 -0.1723
vn 0.8878 -0.4250 0.1766
vn 0.9008 -0.4250 0.0887
vn -0.4908 0.4687 0.7345
vn -0.4164 0.4687 0.7790
vn -0.3380 0.4687 0.8161
vn -0.6401 -0.4250 0.6401
vn -0.5604 -0.4687 0.6828
vn -0.5742 -0.4250 0.6997
vn -0.1766 0.4250 0.8878
vn -0.0887 0.4250 0.9008
vn 0.8878 0.4250 -0.1766
vn 0.8662 0.4250 -0.2628
vn -0.0866 0.4687 0.8791
vn 0.1766 -0.4250 -0.8878
vn 0.0887 -0.4250 -0.9008
vn 0.8664 0.4687 -0.1723
vn 0.8453 0.4687 -0.2564
vn 0.8161 0.4687 -0.3380
vn -0.6401 0.4250 -0.6401
vn -0.6997 0.4250 -0.5742
vn 0.8363 0.4250 0.3464
vn 0.8662 0.4250 0.2628
vn -0.6828 0.4687 -0.5604
vn 0.3464 -0.4250 0.8363
vn 0.4267 -0.4250 0.7983
vn 0.8161 0.4687 0.3380
vn -0.7526 -0.4250 0.5029
vn -0.6828 -0.4687 0.5604
vn -0.6997 -0.4250 0.5742
vn 0.7526 0.4250 -0.5029
vn 0.6997 0.4250 -0.5742
vn -0.6246 -0.4687 0.6246
vn -0.3464 -0.4250 -0.8363
vn -0.4267 -0.4250 -0.7983
vn 0.7345 0.4687 -0.4908
vn -0.1766 -0.4250 -0.8878
vn -0.2628 -0.4250 -0.8662
vn 0.9052 0.4250 -0.0000
vn 0.9006 0.4255 -0.0887
vn -0.8363 0.4250 0.3464
vn -0.7983 0.4250 0.4267
vn 0.8791 0.4687 -0.0866
vn 0.7526 -0.4250 -0.5029
vn 0.6997 -0.4250 -0.5742
vn -0.7790 0.4687 0.4164
vn -0.7345 0.4687 0.4908
vn 0.7526 0.4250 0.5029
vn 0.7983 0.4250 0.4267
vn 0.9052 -0.4250 -0.0000
vn 0.8791 -0.4687 -0.0866
vn 0.9008 -0.4250 -0.0887
vn 0.7788 0.4692 0.4163
vn 0.8361 0.4255 -0.3463
vn 0.7983 0.4250 -0.4267
vn 0.8664 -0.4687 -0.1723
vn 0.5029 0.4250 -0.7526
vn 0.4267 0.4250 -0.7983
vn 0.7790 0.4687 -0.4164
vn 0.1766 0.4250 0.8878
vn 0.2628 0.4250 0.8662
vn 0.4164 0.4687 -0.7790
vn 0.3380 0.4687 -0.8161
vn 0.1766 -0.4250 0.8878
vn 0.2628 -0.4250 0.8662
vn 0.2564 0.4687 0.8453
vn 0.5029 0.4250 0.7526
vn 0.5742 0.4250 0.6997
vn -0.3464 0.4250 0.8363
vn -0.2628 0.4250 0.8662
vn 0.5604 0.4687 0.6828
vn -0.7526 -0.4250 -0.5029
vn -0.7983 -0.4250 -0.4267
vn -0.6401 0.4250 0.6401
vn -0.5742 0.4250 0.6997
vn -0.7526 0.4250 0.5029
vn -0.6997 0.4250 0.5742
vn -0.6246 0.4687 0.6246
vn -0.5604 0.4687 0.6828
vn -0.8878 0.4250 -0.1766
vn -0.9008 0.4250 -0.0887
vn -0.6828 0.4687 0.5604
vn -0.3464 -0.4250 0.8363
vn -0.2628 -0.4250 0.8662
vn -0.8791 0.4687 -0.0866
vn 0.3464 0.4250 -0.8363
vn 0.2628 0.4250 -0.8662
vn 0.7526 -0.4250 0.5029
vn 0.7980 -0.4256 0.4266
vn 0.2564 0.4687 -0.8453
vn -0.7940 0.5113 -0.3289
vn -0.8224 0.5113 -0.2495
vn -0.6077 0.5113 0.6077
vn -0.5452 0.5113 0.6643
vn -0.7699 0.5528 -0.3189
vn -0.8594 0.5113 -0.0000
vn -0.8552 0.5113 0.0842
vn -0.5893 0.5528 0.5893
vn -0.5287 0.5528 0.6442
vn -0.4630 0.5528 0.6929
vn -0.6077 -0.5113 0.6077
vn -0.5452 -0.5113 0.6643
vn -0.8331 0.5532 -0.0000
vn 0.7940 0.5113 -0.3289
vn 0.7579 0.5113 -0.4051
vn 0.8594 -0.5113 -0.0000
vn 0.8552 -0.5113 -0.0842
vn 0.7349 0.5528 -0.3928
vn -0.1677 0.5113 -0.8429
vn -0.2495 0.5113 -0.8224
vn -0.1677 -0.5113 0.8429
vn -0.0842 -0.5113 0.8552
vn -0.1626 0.5528 -0.8173
vn -0.2419 0.5532 -0.7972
vn 0.7940 -0.5113 0.3289
vn 0.8224 -0.5113 0.2495
vn 0.4774 0.5113 -0.7145
vn 0.4050 0.5116 -0.7577
vn 0.8429 0.5113 0.1677
vn 0.8552 0.5113 0.0842
vn 0.3928 0.5528 -0.7349
vn 0.3189 0.5528 -0.7699
vn 0.4774 0.5113 0.7145
vn 0.5452 0.5113 0.6643
vn 0.8293 0.5528 0.0817
vn 0.8333 0.5528 -0.0000
vn -0.7145 -0.5113 0.4774
vn -0.6643 -0.5113 0.5452
vn 0.4630 0.5528 0.6929
vn 0.5287 0.5527 0.6442
vn 0.8429 0.5113 -0.1677
vn 0.8224 0.5113 -0.2495
vn 0.8594 0.5113 -0.0000
vn 0.8552 0.5113 -0.0842
vn 0.8429 -0.5113 -0.1677
vn 0.7975 -0.5528 -0.2419
vn 0.8224 -0.5113 -0.2495
vn -0.7938 0.5116 0.3288
vn -0.7579 0.5113 0.4051
vn 0.7145 0.5113 0.4774
vn 0.7579 0.5113 0.4051
vn -0.7699 0.5528 0.3189
vn -0.7346 0.5533 0.3927
vn -0.6929 0.5528 0.4630
vn -0.7145 0.5113 0.4774
vn -0.6643 0.5113 0.5452
vn 0.7349 0.5528 0.3928
vn 0.3289 0.5113 -0.7940
vn 0.2495 0.5113 -0.8224
vn -0.6442 0.5527 0.5287
vn 0.3289 0.5113 0.7940
vn 0.4051 0.5113 0.7579
vn 0.2419 0.5528 -0.7975
vn 0.1677 0.5113 0.8429
vn 0.2495 0.5113 0.8224
vn 0.3189 0.5528 0.7699
vn 0.3928 0.5528 0.7349
vn -0.8429 -0.5113 0.1677
vn -0.8224 -0.5113 0.2495
vn 0.2419 0.5528 0.7975
vn -0.1677 0.5113 0.8429
vn -0.0842 0.5113 0.8552
vn -0.3082 0.5929 -0.7440
vn -0.3796 0.5929 -0.7102
vn -0.0817 0.5528 0.8293
vn -0.8429 0.5113 -0.1677
vn -0.8552 0.5113 -0.0842
vn -0.3655 0.6316 -0.6838
vn -0.4307 0.6316 -0.6446
vn -0.7145 0.5113 -0.4774
vn -0.7579 0.5113 -0.4051
vn -0.8293 0.5528 -0.0817
vn 0.6077 -0.5113 0.6077
vn 0.6643 -0.5113 0.5452
vn -0.7349 0.5528 -0.3928
vn -0.4774 0.5113 0.7145
vn -0.4051 0.5113 0.7579
vn -0.8429 0.5113 0.1677
vn -0.8224 0.5113 0.2495
vn -0.3928 0.5528 0.7349
vn -0.0000 0.5113 -0.8594
vn -0.0842 0.5113 -0.8552
vn -0.7975 0.5528 0.2419
vn -0.6077 0.5113 -0.6077
vn -0.6643 0.5113 -0.5452
vn -0.0817 0.5528 -0.8293
vn 0.7898 -0.5929 0.1571
vn 0.8014 -0.5929 0.0789
vn -0.6696 0.5929 -0.4474
vn -0.7102 0.5929 -0.3796
vn 0.3082 0.5929 0.7440
vn 0.3796 0.5929 0.7102
vn -0.6838 0.6316 -0.3655
vn -0.0000 0.5929 -0.8053
vn -0.0789 0.5929 -0.8014
vn 0.2967 0.6316 0.7163
vn 0.3655 0.6316 0.6838
vn 0.4307 0.6316 0.6446
vn 0.7440 0.5929 -0.3082
vn 0.7102 0.5929 -0.3796
vn -0.0760 0.6316 -0.7716
vn -0.1513 0.6316 -0.7604
vn -0.1571 0.5929 -0.7898
vn -0.2338 0.5929 -0.7706
vn 0.6838 0.6316 -0.3655
vn -0.6696 0.5929 0.4474
vn -0.6225 0.5929 0.5109
vn -0.0000 0.5929 0.8053
vn 0.0789 0.5929 0.8014
vn 0.3082 0.5929 -0.7440
vn 0.2338 0.5929 -0.7706
vn -0.0000 0.6316 0.7753
vn 0.0760 0.6316 0.7716
vn 0.1513 0.6316 0.7604
vn 0.4474 0.5929 -0.6696
vn 0.3796 0.5929 -0.7102
vn 0.2251 0.6316 -0.7419
vn 0.4474 -0.5929 -0.6696
vn 0.3655 -0.6316 -0.6838
vn 0.3796 -0.5929 -0.7102
vn 0.4307 0.6316 -0.6446
vn -0.4472 0.5933 -0.6694
vn -0.5109 0.5929 -0.6225
vn 0.2967 -0.6316 -0.7163
vn 0.1571 -0.5929 0.7898
vn 0.2251 -0.6316 0.7419
vn 0.2338 -0.5929 0.7706
vn -0.4919 0.6316 -0.5993
vn -0.1571 -0.5929 -0.7898
vn -0.2251 -0.6316 -0.7419
vn -0.2338 -0.5929 -0.7706
vn -0.4474 -0.5929 -0.6696
vn -0.5109 -0.5929 -0.6225
vn -0.2967 -0.6316 -0.7163
vn 0.7898 0.5929 0.1571
vn 0.8014 0.5929 0.0789
vn 0.7440 0.5929 0.3082
vn 0.7706 0.5929 0.2338
vn 0.6696 0.5929 0.4474
vn 0.7102 0.5929 0.3796
vn -0.6696 -0.5929 -0.4474
vn -0.6838 -0.6316 -0.3655
vn -0.7102 -0.5929 -0.3796
vn 0.6446 0.6316 0.4307
vn 0.5694 0.5929 -0.5694
vn 0.5109 0.5929 -0.6225
vn -0.7440 0.5929 0.3082
vn -0.7102 0.5929 0.3796
vn 0.4919 0.6316 -0.5993
vn 0.1570 0.5933 0.7896
vn 0.2338 0.5929 0.7706
vn -0.7898 -0.5929 -0.1571
vn -0.8014 -0.5929 -0.0789
vn 0.2251 0.6316 0.7419
vn -0.1571 0.5929 0.7898
vn -0.0789 0.5929 0.8014
vn 0.4474 0.5929 0.6696
vn 0.5107 0.5933 0.6223
vn -0.0760 0.6316 0.7716
vn -0.4474 0.5929 0.6696
vn -0.3796 0.5929 0.7102
vn 0.4918 0.6316 0.5993
vn 0.5482 0.6316 0.5482
vn 0.7898 -0.5929 -0.1571
vn 0.7706 -0.5929 -0.2338
vn -0.4307 0.6316 0.6446
vn -0.3655 0.6316 0.6838
vn 0.5694 0.5929 0.5694
vn 0.6225 0.5929 0.5109
vn -0.5694 0.5929 0.5694
vn -0.5109 0.5929 0.6225
vn 0.5993 0.6316 0.4919
vn -0.7898 0.5929 0.1571
vn -0.7706 0.5929 0.2338
vn -0.4919 0.6316 0.5993
vn -0.2845 -0.6688 0.6868
vn -0.2158 -0.6688 0.7114
vn -0.7898 0.5929 -0.1571
vn -0.8014 0.5929 -0.0789
vn 0.1450 -0.6688 0.7291
vn 0.2158 -0.6688 0.7114
vn -0.6181 0.6688 -0.4130
vn -0.6557 0.6688 -0.3505
vn -0.2845 -0.6688 -0.6868
vn -0.3505 -0.6688 -0.6556
vn -0.6259 0.7044 -0.3346
vn -0.4130 0.6688 -0.6181
vn -0.4716 0.6688 -0.5747
vn -0.2845 0.6688 -0.6868
vn -0.3505 0.6688 -0.6557
vn -0.3943 0.7044 -0.5901
vn -0.4503 0.7044 -0.5486
vn 0.7291 0.6688 -0.1450
vn 0.7114 0.6688 -0.2158
vn -0.3346 0.7045 -0.6259
vn -0.0000 0.6688 -0.7434
vn -0.0729 0.6688 -0.7399
vn 0.6961 0.7044 -0.1385
vn 0.6792 0.7044 -0.2060
vn 0.6557 0.7044 -0.2716
vn 0.5257 0.6688 0.5257
vn 0.5747 0.6688 0.4716
vn -0.0000 0.7044 -0.7098
vn -0.0696 0.7044 -0.7063
vn 0.2845 0.6688 -0.6868
vn 0.2158 0.6688 -0.7114
vn 0.5019 0.7044 0.5019
vn 0.5486 0.7044 0.4503
vn -0.1450 -0.6688 0.7292
vn -0.0729 -0.6688 0.7399
vn 0.2060 0.7044 -0.6792
vn 0.1385 0.7044 -0.6961
vn 0.5257 0.6688 -0.5257
vn 0.4716 0.6688 -0.5747
vn -0.6181 -0.6688 0.4130
vn -0.5747 -0.6688 0.4716
vn 0.6868 0.6688 -0.2845
vn 0.6557 0.6688 -0.3505
vn -0.1450 -0.6688 -0.7291
vn -0.2158 -0.6688 -0.7114
vn 0.6260 0.7044 -0.3346
vn 0.5901 0.7044 -0.3943
vn 0.7434 0.6688 -0.0000
vn 0.7399 0.6688 -0.0729
vn 0.6181 -0.6688 0.4130
vn 0.6557 -0.6688 0.3505
vn 0.7063 0.7044 -0.0696
vn 0.2845 0.6688 0.6868
vn 0.3505 0.6688 0.6557
vn 0.7432 -0.6691 -0.0000
vn 0.7399 -0.6688 -0.0729
vn 0.3346 0.7044 0.6259
vn 0.3943 0.7044 0.5901
vn 0.1450 0.6691 -0.7289
vn 0.0729 0.6688 -0.7399
vn 0.4130 0.6688 0.6181
vn 0.4715 0.6691 0.5745
vn 0.0696 0.7044 -0.7063
vn 0.4130 -0.6688 -0.6181
vn 0.3505 -0.6688 -0.6556
vn 0.4503 0.7044 0.5486
vn 0.1450 0.6688 0.7291
vn 0.2158 0.6688 0.7114
vn -0.5255 -0.6692 0.5255
vn -0.4503 -0.7044 0.5486
vn -0.4716 -0.6688 0.5747
vn 0.1385 0.7044 0.6961
vn -0.1450 0.6688 0.7292
vn -0.0729 0.6688 0.7399
vn -0.2845 0.6688 0.6868
vn -0.2158 0.6688 0.7114
vn -0.1385 0.7044 0.6961
vn -0.0696 0.7044 0.7063
vn -0.0000 0.7044 0.7098
vn -0.6181 -0.6688 -0.4130
vn -0.6557 -0.6688 -0.3505
vn -0.2716 0.7044 0.6557
vn -0.2060 0.7044 0.6792
vn -0.5257 0.6688 0.5257
vn -0.4716 0.6688 0.5747
vn 0.6179 0.6692 -0.4128
vn 0.5747 0.6688 -0.4716
vn -0.4130 0.6688 0.6181
vn -0.3503 0.6692 0.6554
vn 0.2845 -0.6688 -0.6868
vn 0.2158 -0.6688 -0.7114
vn -0.3346 0.7044 0.6259
vn -0.0000 0.6688 0.7434
vn 0.0729 0.6688 0.7399
vn -0.0000 -0.6688 -0.7434
vn -0.0696 -0.7045 -0.7063
vn -0.0729 -0.6688 -0.7399
vn 0.0696 0.7044 0.7063
vn -0.6230 0.7384 -0.2581
vn -0.6453 0.7384 -0.1958
vn 0.6230 0.7384 -0.2581
vn 0.5947 0.7384 -0.3179
vn -0.5888 0.7706 -0.2439
vn -0.6098 0.7706 -0.1850
vn -0.6245 0.7711 -0.1242
vn 0.6609 -0.7389 -0.1314
vn 0.6453 -0.7384 -0.1958
vn 0.5620 0.7706 -0.3004
vn -0.2581 0.7384 -0.6230
vn -0.3179 0.7384 -0.5947
vn -0.3744 0.7387 -0.5604
vn -0.4278 0.7384 -0.5213
vn -0.3002 0.7709 -0.5617
vn -0.3541 0.7706 -0.5299
vn -0.4764 0.7389 -0.4764
vn -0.5213 0.7384 -0.4278
vn -0.4043 0.7706 -0.4926
vn -0.4506 0.7706 -0.4506
vn -0.0000 0.7384 -0.6743
vn -0.0661 0.7384 -0.6711
vn -0.4926 0.7706 -0.4043
vn -0.5299 0.7706 -0.3541
vn 0.6743 0.7384 -0.0000
vn 0.6711 0.7384 -0.0661
vn -0.0000 0.7706 -0.6373
vn -0.0625 0.7706 -0.6342
vn 0.2581 0.7384 -0.6230
vn 0.1958 0.7384 -0.6453
vn 0.6369 0.7709 -0.0000
vn -0.5607 0.7384 -0.3746
vn -0.5947 0.7384 -0.3179
vn 0.2439 0.7706 -0.5888
vn 0.1850 0.7706 -0.6098
vn 0.1243 0.7706 -0.6250
vn 0.4767 0.7386 0.4767
vn 0.5213 0.7384 0.4278
vn -0.5618 0.7708 -0.3003
vn -0.2581 0.7384 0.6230
vn -0.1958 0.7384 0.6453
vn 0.4506 0.7706 0.4506
vn 0.4926 0.7706 0.4043
vn 0.5299 0.7706 0.3541
vn 0.5607 0.7384 0.3746
vn 0.5947 0.7384 0.3179
vn -0.2439 0.7706 0.5888
vn -0.1850 0.7706 0.6098
vn -0.1243 0.7706 0.6250
vn 0.6614 0.7384 -0.1316
vn 0.6453 0.7384 -0.1958
vn 0.1316 0.7384 -0.6614
vn 0.0661 0.7384 -0.6711
vn 0.6614 0.7384 0.1316
vn 0.6711 0.7384 0.0661
vn 0.0625 0.7706 -0.6342
vn -0.3326 -0.8010 -0.4978
vn -0.3544 -0.8295 -0.4318
vn -0.3798 -0.8010 -0.4628
vn 0.6250 0.7706 0.1243
vn 0.6342 0.7706 0.0625
vn 0.1316 -0.7384 -0.6614
vn 0.0661 -0.7384 -0.6711
vn 0.3745 -0.7386 0.5605
vn 0.4278 -0.7384 0.5213
vn 0.3746 0.7384 0.5607
vn 0.4278 0.7384 0.5213
vn 0.2581 0.7384 0.6230
vn 0.3179 0.7384 0.5947
vn 0.3541 0.7706 0.5299
vn 0.4043 0.7706 0.4926
vn -0.6611 -0.7387 0.1315
vn -0.6453 -0.7384 0.1958
vn 0.3004 0.7706 0.5620
vn -0.0000 0.7384 0.6743
vn 0.0661 0.7384 0.6711
vn -0.1316 0.7384 0.6614
vn -0.0661 0.7384 0.6711
vn -0.0000 0.7706 0.6373
vn 0.6230 0.7384 0.2581
vn 0.6453 0.7384 0.1958
vn -0.0624 0.7709 0.6338
vn -0.3746 0.7384 0.5607
vn -0.3179 0.7384 0.5947
vn 0.6094 0.7710 0.1849
vn -0.0000 -0.7390 -0.6737
vn -0.0661 -0.7384 -0.6711
vn -0.3004 0.7706 0.5620
vn -0.4768 -0.7384 0.4768
vn -0.4278 -0.7384 0.5213
vn 0.3746 0.7384 -0.5607
vn 0.3179 0.7384 -0.5947
vn -0.6610 0.7388 0.1315
vn -0.6453 0.7384 0.1958
vn 0.3004 0.7706 -0.5620
vn 0.2581 -0.7384 0.6230
vn 0.3179 -0.7384 0.5947
vn -0.6614 0.7384 -0.1316
vn -0.6711 0.7384 -0.0661
vn -0.5531 0.8010 -0.2291
vn -0.5729 0.8010 -0.1738
vn -0.6342 0.7706 -0.0625
vn -0.3326 -0.8010 0.4978
vn -0.2633 -0.8295 0.4926
vn -0.2822 -0.8010 0.5280
vn -0.5341 0.8297 -0.1620
vn -0.5478 0.8295 -0.1090
vn -0.4233 0.8010 -0.4233
vn -0.4628 0.8010 -0.3798
vn -0.3326 0.8010 -0.4978
vn -0.3798 0.8010 -0.4628
vn -0.3950 0.8295 -0.3950
vn -0.4318 0.8295 -0.3543
vn -0.4644 0.8295 -0.3103
vn -0.5531 -0.8010 0.2291
vn -0.5275 -0.8014 0.2819
vn -0.3103 0.8295 -0.4644
vn -0.3543 0.8295 -0.4318
vn -0.4231 -0.8012 -0.4231
vn -0.4628 -0.8010 -0.3798
vn -0.0000 0.8010 -0.5987
vn -0.0587 0.8010 -0.5958
vn -0.5872 0.8010 -0.1168
vn -0.5958 0.8010 -0.0587
vn -0.0000 0.8295 -0.5586
vn -0.0547 0.8295 -0.5559
vn -0.1090 0.8295 -0.5478
vn 0.2291 0.8010 -0.5531
vn 0.1736 0.8014 -0.5724
vn -0.5559 0.8295 -0.0547
vn 0.4978 0.8010 -0.3326
vn 0.4628 0.8010 -0.3798
vn 0.2138 0.8295 -0.5160
vn 0.1621 0.8295 -0.5345
vn 0.1090 0.8295 -0.5478
vn -0.1168 0.8010 -0.5872
vn -0.1737 0.8013 -0.5725
vn 0.4644 0.8295 -0.3103
vn 0.4318 0.8295 -0.3543
vn 0.3950 0.8295 -0.3950
vn -0.2290 0.8012 -0.5528
vn -0.2822 0.8010 -0.5280
vn -0.1621 0.8297 -0.5342
vn -0.2138 0.8295 -0.5160
vn -0.4978 0.8010 -0.3326
vn -0.5280 0.8010 -0.2822
vn -0.2631 0.8298 -0.4922
vn 0.4233 0.8010 -0.4233
vn 0.3798 0.8010 -0.4628
vn 0.1168 0.8010 -0.5872
vn 0.0587 0.8010 -0.5958
vn 0.3543 0.8295 -0.4318
vn 0.3103 0.8295 -0.4644
vn 0.5872 0.8010 0.1168
vn 0.5958 0.8010 0.0587
vn 0.0547 0.8295 -0.5559
vn 0.5531 0.8010 0.2291
vn 0.5729 0.8010 0.1738
vn 0.5478 0.8295 0.1090
vn 0.5872 -0.8010 0.1168
vn 0.5958 -0.8010 0.0587
vn 0.5345 0.8295 0.1621
vn 0.3326 0.8010 -0.4978
vn 0.2822 0.8010 -0.5280
vn 0.3325 0.8012 0.4975
vn 0.3798 0.8010 0.4628
vn 0.2633 0.8295 -0.4926
vn 0.2291 0.8010 0.5531
vn 0.2822 0.8010 0.5280
vn 0.3103 0.8295 0.4644
vn 0.3543 0.8295 0.4318
vn 0.3950 0.8295 0.3950
vn 0.1167 0.8013 0.5868
vn 0.1738 0.8010 0.5729
vn 0.2633 0.8295 0.4926
vn 0.4233 0.8010 0.4233
vn 0.4628 0.8010 0.3798
vn -0.1168 0.8010 0.5872
vn -0.0587 0.8010 0.5958
vn -0.2291 0.8010 0.5531
vn -0.1738 0.8010 0.5729
vn -0.1090 0.8295 0.5478
vn -0.0547 0.8295 0.5559
vn -0.3325 0.8012 0.4975
vn -0.2822 0.8010 0.5280
vn -0.2138 0.8295 0.5160
vn -0.1621 0.8295 0.5345
vn 0.5525 -0.8015 0.2289
vn 0.5729 -0.8010 0.1738
vn -0.3103 0.8295 0.4644
vn -0.2633 0.8295 0.4926
vn -0.4233 0.8010 0.4233
vn -0.3796 0.8012 0.4626
vn -0.5531 0.8010 0.2291
vn -0.5280 0.8010 0.2822
vn -0.3544 0.8295 0.4318
vn -0.1168 -0.8010 0.5872
vn -0.0548 -0.8295 0.5559
vn -0.0587 -0.8010 0.5958
vn 0.5531 0.8010 -0.2291
vn 0.5280 0.8010 -0.2822
vn -0.5531 -0.8010 -0.2291
vn -0.5724 -0.8014 -0.1736
vn 0.4926 0.8295 -0.2633
vn -0.4777 0.8559 -0.1979
vn -0.4948 0.8559 -0.1501
vn 0.2873 0.8559 -0.4300
vn 0.2438 0.8559 -0.4560
vn -0.4539 0.8803 -0.1377
vn -0.4652 0.8803 -0.0925
vn -0.5072 0.8559 0.1009
vn -0.4948 0.8559 0.1501
vn 0.2635 0.8803 -0.3944
vn -0.2873 0.8559 -0.4300
vn -0.3280 0.8559 -0.3997
vn 0.1979 -0.8559 -0.4777
vn 0.1501 -0.8559 -0.4948
vn -0.2635 0.8803 -0.3944
vn 0.5165 0.8563 -0.0000
vn 0.5146 0.8559 -0.0507
vn -0.0000 0.8563 -0.5165
vn -0.0507 0.8559 -0.5146
vn 0.4721 0.8803 -0.0465
vn 0.1009 0.8559 -0.5072
vn 0.0507 0.8559 -0.5146
vn -0.0000 0.8803 -0.4744
vn 0.1979 0.8559 -0.4777
vn 0.1501 0.8559 -0.4948
vn 0.0925 0.8803 -0.4652
vn 0.0465 0.8803 -0.4721
vn -0.4300 -0.8559 -0.2873
vn -0.4183 -0.8803 -0.2236
vn -0.4557 -0.8562 -0.2435
vn 0.1377 0.8803 -0.4539
vn -0.1009 -0.8559 0.5072
vn -0.0465 -0.8803 0.4721
vn -0.0507 -0.8559 0.5146
vn -0.4380 -0.8805 -0.1814
vn -0.5072 0.8559 -0.1009
vn -0.5142 0.8562 -0.0507
vn 0.4775 0.8561 -0.1977
vn 0.4560 0.8559 -0.2438
vn -0.4721 0.8803 -0.0465
vn -0.1008 0.8562 -0.5068
vn -0.1500 0.8561 -0.4946
vn 0.4183 0.8803 -0.2236
vn 0.3944 0.8803 -0.2635
vn 0.2873 0.8559 0.4300
vn 0.3280 0.8559 0.3997
vn -0.5064 -0.8564 -0.1007
vn -0.5146 -0.8559 -0.0507
vn 0.2635 0.8803 0.3944
vn 0.3009 0.8803 0.3667
vn 0.4777 0.8559 0.1979
vn 0.4948 0.8559 0.1501
vn 0.4296 0.8562 0.2870
vn 0.4560 0.8559 0.2438
vn 0.4382 0.8803 0.1815
vn 0.4535 0.8806 0.1375
vn -0.1979 0.8559 0.4777
vn -0.1501 0.8559 0.4948
vn 0.4183 0.8803 0.2236
vn 0.4295 0.8563 -0.2870
vn 0.3997 0.8559 -0.3280
vn -0.1377 0.8803 0.4539
vn -0.0925 0.8803 0.4652
vn 0.1979 0.8559 0.4777
vn 0.2438 0.8559 0.4560
vn -0.3654 0.8562 -0.3654
vn -0.3992 0.8564 -0.3276
vn 0.2236 0.8803 0.4183
vn 0.4300 -0.8559 0.2873
vn 0.4558 -0.8561 0.2436
vn -0.3663 0.8806 -0.3006
vn -0.1009 0.8559 0.5072
vn -0.0507 0.8559 0.5146
vn -0.2873 -0.8559 -0.4300
vn -0.3280 -0.8559 -0.3997
vn -0.2873 0.8559 0.4300
vn -0.2438 0.8559 0.4560
vn -0.3656 0.8559 0.3656
vn -0.3280 0.8559 0.3997
vn -0.2635 0.8803 0.3944
vn -0.4300 0.8559 0.2873
vn -0.3997 0.8559 0.3280
vn -0.3009 0.8803 0.3667
vn -0.1977 0.8563 -0.4772
vn -0.2438 0.8559 -0.4560
vn -0.2873 -0.8559 0.4300
vn -0.2436 -0.8561 0.4558
vn -0.2236 0.8803 -0.4183
vn -0.0000 0.8559 0.5171
vn 0.0507 0.8561 0.5143
vn 0.3656 0.8559 -0.3656
vn 0.3277 0.8562 -0.3993
vn 0.0464 0.8806 0.4716
vn -0.3972 0.9029 -0.1645
vn -0.4116 0.9028 -0.1249
vn 0.3006 0.8806 -0.3664
vn 0.2388 -0.9029 -0.3574
vn 0.1817 -0.9227 -0.3399
vn 0.2029 -0.9026 -0.3796
vn -0.3561 0.9227 -0.1475
vn -0.2401 0.9406 -0.2401
vn -0.2974 0.9230 -0.2441
vn -0.2624 0.9406 -0.2154
vn -0.3579 -0.9026 -0.2391
vn -0.3393 -0.9230 -0.1813
vn -0.3796 -0.9026 -0.2029
vn -0.3205 0.9227 -0.2141
vn -0.1646 0.9028 -0.3974
vn -0.2029 0.9026 -0.3796
vn -0.4222 0.9026 -0.0840
vn -0.4284 0.9026 -0.0422
vn -0.1814 0.9230 -0.3395
vn 0.0840 -0.9026 -0.4222
vn 0.0378 -0.9227 -0.3836
vn 0.0421 -0.9028 -0.4279
vn -0.4304 0.9026 -0.0000
vn -0.3836 0.9227 -0.0378
vn -0.3854 0.9227 -0.0000
vn -0.1647 -0.9026 -0.3977
vn -0.2029 -0.9026 -0.3796
vn -0.0000 -0.9227 -0.3854
vn -0.3977 -0.9026 -0.1647
vn -0.4119 -0.9026 -0.1249
vn -0.3579 0.9026 -0.2391
vn -0.3796 0.9026 -0.2029
vn 0.3041 0.9028 -0.3041
vn 0.2731 0.9026 -0.3327
vn -0.3399 0.9227 -0.1817
vn 0.3579 0.9026 0.2391
vn 0.3796 0.9026 0.2029
vn 0.1647 0.9026 0.3977
vn 0.2029 0.9026 0.3796
vn 0.3399 0.9227 0.1817
vn 0.3558 0.9229 0.1474
vn 0.3971 0.9029 0.1645
vn 0.4119 0.9026 0.1249
vn 0.1474 0.9229 0.3558
vn 0.1647 0.9026 -0.3977
vn 0.1249 0.9026 -0.4119
vn -0.0000 0.9026 0.4304
vn 0.0422 0.9026 0.4284
vn 0.1119 0.9227 -0.3688
vn 0.0752 0.9227 -0.3780
vn 0.0840 0.9026 -0.4222
vn 0.0421 0.9029 -0.4277
vn 0.0840 0.9026 0.4222
vn 0.1249 0.9026 0.4119
vn 0.0378 0.9227 -0.3836
vn 0.3044 0.9026 0.3044
vn 0.3327 0.9026 0.2731
vn 0.1117 0.9230 0.3682
vn 0.2390 0.9028 0.3576
vn 0.2731 0.9026 0.3327
vn 0.2725 0.9227 0.2725
vn -0.1647 -0.9026 0.3977
vn -0.1249 -0.9026 0.4119
vn 0.2441 0.9230 0.2975
vn -0.3044 0.9026 -0.3044
vn -0.3327 0.9026 -0.2731
vn -0.0839 -0.9028 0.4218
vn -0.0378 -0.9227 0.3836
vn -0.0422 -0.9026 0.4284
vn 0.3040 -0.9028 0.3040
vn 0.2979 -0.9227 0.2445
vn 0.3323 -0.9029 0.2727
vn -0.0000 -0.9227 0.3854
vn -0.1647 0.9026 0.3977
vn -0.1249 0.9026 0.4119
vn 0.3205 -0.9227 0.2141
vn 0.3579 -0.9026 -0.2391
vn 0.3327 -0.9026 -0.2731
vn -0.3044 0.9026 0.3044
vn -0.2731 0.9026 0.3327
vn 0.3977 0.9026 -0.1647
vn 0.3796 0.9026 -0.2029
vn -0.3972 0.9029 0.1645
vn -0.3791 0.9029 0.2027
vn 0.2388 -0.9029 0.3574
vn 0.2445 -0.9227 0.2979
vn 0.2731 -0.9026 0.3327
vn -0.4284 0.9026 0.0422
vn 0.2725 -0.9227 0.2725
vn 0.4304 0.9026 -0.0000
vn 0.4284 0.9026 -0.0422
vn 0.0662 -0.9406 -0.3330
vn 0.0286 -0.9563 -0.2908
vn 0.0333 -0.9406 -0.3379
vn 0.3836 0.9227 -0.0378
vn -0.2823 0.9406 -0.1886
vn -0.2994 0.9406 -0.1600
vn 0.2823 -0.9406 0.1886
vn 0.2581 -0.9562 0.1380
vn 0.2994 -0.9406 0.1600
vn -0.2581 0.9562 -0.1380
vn -0.0662 -0.9407 -0.3327
vn -0.0985 -0.9406 -0.3249
vn -0.1886 0.9406 -0.2823
vn -0.2154 0.9406 -0.2624
vn -0.0662 0.9406 -0.3330
vn -0.0986 0.9406 -0.3249
vn -0.1625 0.9563 -0.2431
vn -0.0000 -0.9406 0.3395
vn 0.0287 -0.9562 0.2913
vn 0.0333 -0.9406 0.3379
vn -0.0571 0.9562 -0.2871
vn 0.0662 0.9406 -0.3330
vn 0.0333 0.9406 -0.3379
vn 0.0571 -0.9562 0.2871
vn -0.2401 -0.9406 0.2401
vn -0.2154 -0.9406 0.2624
vn -0.2815 -0.9409 -0.1881
vn -0.2581 -0.9562 -0.1380
vn -0.2994 -0.9406 -0.1600
vn 0.2401 -0.9406 0.2401
vn 0.2258 -0.9564 0.1853
vn 0.2619 -0.9408 0.2150
vn -0.2823 -0.9406 0.1886
vn -0.2621 -0.9408 0.2151
vn 0.2434 -0.9562 0.1626
vn -0.3136 -0.9406 0.1299
vn -0.2581 -0.9562 0.1380
vn -0.2994 -0.9406 0.1600
vn -0.3327 -0.9407 0.0662
vn -0.2797 -0.9563 0.0848
vn -0.3249 -0.9406 0.0986
vn 0.3395 0.9406 -0.0000
vn 0.3379 0.9406 -0.0333
vn -0.2699 -0.9564 0.1118
vn 0.2265 -0.9695 -0.0938
vn 0.1736 -0.9804 -0.0928
vn 0.2162 -0.9695 -0.1156
vn -0.3330 0.9406 0.0662
vn -0.3249 0.9406 0.0986
vn 0.1635 -0.9805 -0.1093
vn 0.2819 0.9408 0.1884
vn 0.2994 0.9406 0.1600
vn 0.1886 0.9406 0.2823
vn 0.2150 0.9408 0.2619
vn 0.1886 -0.9406 -0.2823
vn 0.1380 -0.9562 -0.2581
vn 0.1599 -0.9408 -0.2990
vn -0.1886 -0.9406 0.2823
vn -0.1600 -0.9406 0.2994
vn 0.1118 -0.9563 -0.2700
vn 0.0662 0.9406 0.3330
vn 0.0986 0.9406 0.3249
vn -0.0662 -0.9406 0.3330
vn -0.0332 -0.9408 0.3374
vn -0.3324 0.9408 -0.0661
vn -0.3379 0.9406 -0.0333
vn 0.0662 -0.9406 0.3330
vn 0.0850 -0.9562 0.2801
vn 0.0986 -0.9406 0.3249
vn -0.2913 0.9562 -0.0287
vn -0.1299 0.9406 -0.3136
vn -0.1598 0.9408 -0.2989
vn 0.1120 -0.9562 0.2704
vn 0.2401 -0.9406 -0.2401
vn 0.2154 -0.9406 -0.2624
vn -0.1380 0.9562 -0.2581
vn 0.1886 -0.9406 0.2823
vn 0.1852 -0.9564 0.2257
vn 0.2154 -0.9406 0.2624
vn -0.1884 0.9407 0.2820
vn -0.1598 0.9408 0.2989
vn 0.2070 -0.9562 0.2070
vn -0.0000 0.9406 -0.3395
vn -0.0333 0.9406 -0.3379
vn -0.1380 0.9562 0.2581
vn 0.1299 0.9406 -0.3136
vn 0.0985 0.9406 -0.3249
vn -0.0287 0.9562 -0.2913
vn -0.0000 -0.9406 -0.3395
vn -0.0333 -0.9406 -0.3379
vn -0.2265 0.9695 -0.0938
vn -0.2346 0.9695 -0.0712
vn -0.2039 0.9695 -0.1362
vn -0.2162 0.9695 -0.1156
vn -0.1817 0.9805 -0.0753
vn -0.1881 0.9805 -0.0570
vn -0.1934 0.9804 -0.0385
vn 0.1731 -0.9696 0.1731
vn 0.1524 -0.9804 0.1251
vn 0.1895 -0.9695 0.1555
vn -0.1739 0.9804 -0.0929
vn 0.2039 -0.9695 -0.1362
vn 0.1524 -0.9804 -0.1251
vn 0.1893 -0.9696 -0.1553
vn 0.1639 -0.9804 0.1095
vn -0.2265 -0.9695 0.0938
vn -0.1735 -0.9805 0.0927
vn -0.2162 -0.9695 0.1156
vn 0.2405 -0.9695 -0.0478
vn 0.1887 -0.9804 -0.0572
vn 0.2346 -0.9695 -0.0712
vn -0.1635 -0.9805 0.1093
vn -0.0000 -0.9696 0.2449
vn 0.0193 -0.9804 0.1962
vn 0.0240 -0.9695 0.2440
vn 0.1819 -0.9804 -0.0753
vn 0.2405 -0.9695 0.0478
vn 0.1962 -0.9804 0.0193
vn 0.2440 -0.9695 0.0240
vn 0.2265 0.9695 0.0938
vn 0.2346 0.9695 0.0712
vn 0.1972 -0.9804 -0.0000
vn 0.2039 -0.9695 0.1362
vn 0.1739 -0.9804 0.0929
vn 0.2162 -0.9695 0.1156
vn -0.1734 -0.9695 -0.1734
vn -0.1524 -0.9804 -0.1251
vn -0.1895 -0.9695 -0.1555
vn 0.1816 -0.9805 0.0752
vn 0.1362 -0.9695 0.2039
vn 0.1251 -0.9804 0.1524
vn 0.1555 -0.9695 0.1895
vn -0.1635 -0.9805 -0.1092
vn -0.0938 -0.9695 -0.2265
vn -0.1156 -0.9695 -0.2162
vn 0.1394 -0.9804 0.1394
vn 0.0478 -0.9695 0.2405
vn 0.0712 -0.9695 0.2346
vn -0.0000 0.9695 -0.2452
vn -0.0240 0.9695 -0.2440
vn 0.2400 0.9696 0.0478
vn 0.2440 0.9695 0.0240
vn 0.0938 -0.9695 -0.2265
vn 0.0711 -0.9696 -0.2343
vn 0.1359 0.9696 -0.2034
vn 0.1156 0.9695 -0.2162
vn -0.2039 0.9695 0.1362
vn -0.1895 0.9695 0.1555
vn 0.0928 0.9804 -0.1736
vn 0.2039 0.9695 -0.1362
vn 0.1895 0.9695 -0.1555
vn -0.1524 0.9804 0.1251
vn -0.0938 0.9695 -0.2265
vn -0.1156 0.9695 -0.2162
vn 0.0477 -0.9696 -0.2400
vn 0.0240 -0.9695 -0.2440
vn -0.0929 0.9804 -0.1739
vn 0.2452 -0.9695 -0.0000
vn 0.1962 -0.9804 -0.0193
vn 0.2440 -0.9695 -0.0240
vn -0.0478 0.9695 0.2405
vn -0.0240 0.9696 0.2435
vn 0.1934 -0.9804 -0.0385
vn -0.2405 -0.9695 0.0478
vn -0.2346 -0.9695 0.0712
vn -0.0193 0.9805 0.1956
vn -0.1360 0.9696 0.2036
vn -0.1156 0.9695 0.2162
vn 0.1359 -0.9696 -0.2034
vn 0.1156 -0.9695 -0.2162
vn -0.2405 0.9695 -0.0478
vn -0.2440 0.9695 -0.0240
vn 0.0938 -0.9695 0.2265
vn 0.0929 -0.9804 0.1739
vn 0.1156 -0.9695 0.2162
vn -0.2449 0.9696 -0.0000
vn -0.1954 0.9805 -0.0193
vn -0.1972 0.9804 -0.0000
vn 0.2405 0.9695 -0.0478
vn 0.2346 0.9695 -0.0712
vn 0.1095 -0.9804 0.1639
vn -0.2440 0.9695 0.0240
vn -0.2039 -0.9695 -0.1362
vn -0.1736 -0.9804 -0.0928
vn -0.2162 -0.9695 -0.1156
vn -0.1959 0.9804 0.0193
vn -0.1005 -0.9949 0.0099
vn -0.1481 -0.9889 0.0146
vn -0.1240 0.9888 -0.0829
vn -0.1315 0.9888 -0.0703
vn -0.0990 -0.9949 0.0197
vn 0.1055 -0.9888 0.1055
vn 0.0781 -0.9949 0.0641
vn 0.1153 -0.9888 0.0946
vn -0.0841 0.9949 -0.0562
vn -0.0892 0.9949 -0.0477
vn -0.0934 0.9949 -0.0387
vn 0.1232 -0.9890 -0.0823
vn 0.0782 -0.9949 -0.0642
vn 0.1153 -0.9888 -0.0946
vn 0.0841 -0.9949 0.0562
vn 0.1378 -0.9888 -0.0571
vn 0.0892 -0.9949 -0.0477
vn 0.1309 -0.9889 -0.0700
vn 0.0715 -0.9949 -0.0715
vn 0.1463 -0.9888 -0.0291
vn 0.0968 -0.9949 -0.0293
vn 0.1427 -0.9888 -0.0433
vn 0.0841 -0.9949 -0.0562
vn 0.1491 -0.9888 -0.0000
vn 0.1006 -0.9949 -0.0099
vn 0.1484 -0.9888 -0.0146
vn 0.0934 -0.9949 -0.0387
vn -0.0000 -0.9889 -0.1487
vn -0.0099 -0.9949 -0.1007
vn -0.0146 -0.9888 -0.1484
vn 0.0992 -0.9949 -0.0197
vn 0.1378 -0.9888 0.0571
vn 0.0969 -0.9949 0.0294
vn 0.1421 -0.9889 0.0431
vn -0.0197 -0.9949 -0.0992
vn -0.0827 -0.9889 0.1237
vn -0.0477 -0.9949 0.0891
vn -0.0701 -0.9889 0.1310
vn 0.0991 -0.9949 0.0197
vn -0.1055 -0.9888 -0.1055
vn -0.0781 -0.9949 -0.0641
vn -0.1153 -0.9888 -0.0946
vn -0.0387 -0.9949 0.0934
vn 0.0829 -0.9888 0.1240
vn 0.0641 -0.9949 0.0781
vn 0.0946 -0.9888 0.1153
vn -0.0843 -0.9948 -0.0563
vn 0.0571 -0.9888 0.1378
vn 0.0477 -0.9949 0.0893
vn 0.0700 -0.9889 0.1309
vn 0.0715 -0.9949 0.0715
vn -0.0291 0.9888 -0.1463
vn -0.0431 0.9889 -0.1421
vn 0.0562 -0.9949 0.0839
vn 0.1458 -0.9889 0.0290
vn 0.1006 -0.9949 0.0099
vn 0.1484 -0.9888 0.0146
vn -0.0293 0.9949 -0.0967
vn -0.0387 0.9949 -0.0934
vn -0.0000 -0.9888 0.1491
vn 0.0099 -0.9949 0.1007
vn 0.0146 -0.9889 0.1481
vn 0.1011 -0.9949 -0.0000
vn 0.0829 0.9888 -0.1240
vn 0.0703 0.9888 -0.1315
vn 0.0197 -0.9949 0.0993
vn 0.1055 0.9888 -0.1055
vn 0.0946 0.9888 -0.1153
vn 0.0562 0.9949 -0.0840
vn 0.0476 0.9949 -0.0892
vn -0.1236 -0.9889 -0.0826
vn -0.0892 -0.9949 -0.0477
vn -0.1315 -0.9888 -0.0703
vn 0.0642 0.9949 -0.0782
vn -0.1378 -0.9888 0.0571
vn -0.0891 -0.9949 0.0476
vn -0.1312 -0.9889 0.0702
vn -0.0935 -0.9949 -0.0387
vn -0.0291 -0.9888 -0.1463
vn -0.0293 -0.9949 -0.0968
vn -0.0433 -0.9888 -0.1427
vn -0.0841 -0.9949 0.0563
vn -0.0290 0.9889 0.1458
vn -0.0146 0.9889 0.1481
vn -0.0387 -0.9949 -0.0934
vn -0.1463 0.9888 -0.0291
vn -0.1484 0.9888 -0.0146
vn -0.0197 0.9949 0.0992
vn -0.0099 0.9949 0.1006
vn -0.1055 0.9888 -0.1055
vn -0.1148 0.9889 -0.0942
vn -0.1491 0.9888 -0.0000
vn -0.0990 0.9949 -0.0197
vn -0.1005 0.9949 -0.0099
vn -0.1012 0.9949 -0.0000
vn 0.1237 -0.9889 0.0827
vn 0.0891 -0.9949 0.0477
vn 0.1315 -0.9888 0.0703
vn -0.0782 0.9949 -0.0642
vn -0.1378 0.9888 -0.0571
vn -0.1427 0.9888 -0.0433
vn 0.0934 -0.9949 0.0387
vn -0.1240 0.9888 0.0829
vn -0.1153 0.9888 0.0946
vn -0.0968 0.9949 -0.0294
vn -0.0571 0.9888 -0.1378
vn -0.0703 0.9888 -0.1315
vn -0.0781 0.9949 0.0641
vn -0.0571 0.9888 0.1378
vn -0.0433 0.9888 0.1427
vn -0.0477 0.9949 -0.0891
vn -0.1484 0.9888 0.0146
vn -0.0293 0.9949 0.0967
vn -0.1240 -0.9888 0.0829
vn -0.0782 -0.9949 0.0642
vn -0.1149 -0.9889 0.0943
vn -0.1006 0.9949 0.0099
vn -0.9796 -0.0487 0.1949
vn -0.9558 -0.0487 0.2899
vn -0.0715 -0.9949 0.0715
vn -0.0501 0.9987 -0.0046
vn -0.0502 0.9987 -0.0100
vn -0.0510 0.9987 -0.0051
vn -0.0513 0.9987 -0.0000
vn -0.0501 0.9987 0.0048
vn -0.0510 0.9987 0.0050
vn 0.0038 0.9987 -0.0501
vn -0.0494 0.9987 -0.0099
vn -0.0503 0.9987 0.0099
vn -0.0494 0.9987 0.0099
vn -0.0465 0.9987 0.0193
vn -0.0482 0.9987 0.0147
vn -0.0491 0.9987 0.0149
vn -0.0503 0.9987 0.0001
vn -0.0474 0.9987 0.0196
vn -0.0419 0.9987 0.0279
vn -0.0444 0.9987 0.0237
vn -0.0452 0.9987 0.0242
vn -0.0427 0.9987 0.0285
vn -0.0355 0.9987 0.0356
vn -0.0390 0.9987 0.0319
vn -0.0397 0.9987 0.0325
vn -0.0364 0.9987 0.0363
vn -0.0279 0.9987 0.0419
vn -0.0319 0.9987 0.0389
vn -0.0325 0.9987 0.0396
vn -0.0285 0.9987 0.0426
vn -0.0192 0.9987 0.0466
vn -0.0237 0.9987 0.0443
vn -0.0241 0.9987 0.0451
vn -0.0196 0.9987 0.0474
vn -0.0099 0.9987 0.0494
vn -0.0146 0.9987 0.0482
vn -0.0149 0.9987 0.0491
vn -0.0100 0.9987 0.0503
vn 0.0001 0.9987 0.0503
vn -0.0050 0.9987 0.0502
vn -0.0050 0.9987 0.0510
vn -0.0000 0.9987 0.0514
vn 0.0099 0.9987 0.0494
vn 0.0049 0.9987 0.0501
vn 0.0050 0.9987 0.0510
vn 0.0100 0.9987 0.0503
vn 0.0193 0.9987 0.0464
vn 0.0146 0.9987 0.0482
vn 0.0149 0.9987 0.0490
vn 0.0196 0.9987 0.0472
vn 0.0279 0.9987 0.0419
vn 0.0237 0.9987 0.0443
vn 0.0242 0.9987 0.0452
vn 0.0285 0.9987 0.0427
vn 0.0357 0.9987 0.0357
vn 0.0319 0.9987 0.0390
vn 0.0326 0.9987 0.0398
vn 0.0364 0.9987 0.0364
vn 0.0419 0.9987 0.0280
vn 0.0389 0.9987 0.0319
vn 0.0396 0.9987 0.0325
vn 0.0427 0.9987 0.0285
vn 0.0466 0.9987 0.0193
vn 0.0443 0.9987 0.0238
vn 0.0451 0.9987 0.0241
vn 0.0473 0.9987 0.0196
vn 0.0494 0.9987 0.0100
vn 0.0482 0.9987 0.0147
vn 0.0491 0.9987 0.0149
vn 0.0503 0.9987 0.0100
vn 0.0503 0.9987 -0.0001
vn 0.0501 0.9987 0.0049
vn 0.0510 0.9987 0.0050
vn 0.0513 0.9987 -0.0000
vn 0.0494 0.9987 -0.0099
vn 0.0501 0.9987 -0.0048
vn 0.0510 0.9987 -0.0050
vn 0.0503 0.9987 -0.0100
vn 0.0465 0.9987 -0.0193
vn 0.0482 0.9987 -0.0147
vn 0.0490 0.9987 -0.0149
vn 0.0473 0.9987 -0.0196
vn 0.0419 0.9987 -0.0279
vn 0.0444 0.9987 -0.0237
vn 0.0452 0.9987 -0.0242
vn 0.0427 0.9987 -0.0285
vn 0.0355 0.9987 -0.0356
vn 0.0390 0.9987 -0.0319
vn 0.0397 0.9987 -0.0325
vn 0.0362 0.9987 -0.0363
vn 0.0279 0.9987 -0.0419
vn 0.0320 0.9987 -0.0389
vn 0.0325 0.9987 -0.0396
vn 0.0285 0.9987 -0.0427
vn 0.0192 0.9987 -0.0466
vn 0.0237 0.9987 -0.0444
vn 0.0241 0.9987 -0.0451
vn 0.0196 0.9987 -0.0474
vn 0.0099 0.9987 -0.0494
vn 0.0146 0.9987 -0.0482
vn 0.0149 0.9987 -0.0493
vn 0.0100 0.9987 -0.0503
vn -0.0001 0.9987 -0.0503
vn 0.0050 0.9987 -0.0502
vn 0.0050 0.9987 -0.0512
vn -0.0000 0.9987 -0.0513
vn -0.0099 0.9987 -0.0494
vn -0.0049 0.9987 -0.0500
vn -0.0050 0.9987 -0.0510
vn -0.0100 0.9987 -0.0503
vn -0.0193 0.9987 -0.0464
vn -0.0146 0.9987 -0.0482
vn -0.0149 0.9987 -0.0491
vn -0.0196 0.9987 -0.0472
vn -0.0279 0.9987 -0.0419
vn -0.0237 0.9987 -0.0444
vn -0.0242 0.9987 -0.0452
vn -0.0286 0.9987 -0.0428
vn -0.0357 0.9987 -0.0357
vn -0.0319 0.9987 -0.0390
vn -0.0325 0.9987 -0.0397
vn -0.0364 0.9987 -0.0363
vn -0.0419 0.9987 -0.0280
vn -0.0389 0.9987 -0.0319
vn -0.0396 0.9987 -0.0325
vn -0.0426 0.9987 -0.0285
vn -0.0466 0.9987 -0.0193
vn -0.0444 0.9987 -0.0239
vn -0.0453 0.9987 -0.0241
vn -0.0473 0.9987 -0.0196
vn -0.0481 0.9987 -0.0151
vn -0.0490 0.9987 -0.0149
vn -0.0504 -0.9987 -0.0000
vn -0.5710 -0.8202 -0.0340
vn -0.0501 -0.9987 0.0048
vn -0.0481 -0.9987 0.0148
vn -0.0494 -0.9987 0.0100
vn -0.0513 -0.9987 -0.0000
vn -0.0510 -0.9987 0.0050
vn -0.0504 -0.9987 0.0101
vn -0.0465 -0.9987 0.0194
vn 0.0465 -0.9987 0.0193
vn 0.0444 -0.9987 0.0237
vn -0.0475 -0.9987 0.0197
vn -0.0490 -0.9987 0.0149
vn -0.0147 -0.9987 -0.0481
vn -0.0196 -0.9987 -0.0474
vn -0.0149 -0.9987 -0.0490
vn -0.0444 -0.9987 0.0239
vn -0.0419 -0.9987 0.0280
vn 0.0389 -0.9987 0.0319
vn 0.0425 -0.9987 0.0284
vn 0.0396 -0.9987 0.0325
vn -0.0426 -0.9987 0.0285
vn -0.0454 -0.9987 0.0243
vn -0.0389 -0.9987 0.0319
vn -0.0356 -0.9987 0.0357
vn 0.0419 -0.9987 0.0280
vn -0.0501 -0.9987 -0.0048
vn -0.0510 -0.9987 -0.0051
vn -0.0193 -0.9987 -0.0465
vn -0.0362 -0.9987 0.0362
vn -0.0396 -0.9987 0.0325
vn -0.0319 -0.9987 0.0389
vn -0.0280 -0.9987 0.0419
vn -0.0285 -0.9987 0.0426
vn -0.0325 -0.9987 0.0396
vn -0.0049 -0.9987 -0.0501
vn -0.0100 -0.9987 -0.0502
vn -0.0050 -0.9987 -0.0510
vn -0.0237 -0.9987 0.0443
vn -0.0193 -0.9987 0.0465
vn 0.0319 -0.9987 0.0389
vn 0.0363 -0.9987 0.0362
vn 0.0325 -0.9987 0.0396
vn -0.0196 -0.9987 0.0474
vn -0.0242 -0.9987 0.0452
vn -0.0098 -0.9987 -0.0494
vn -0.0146 -0.9987 0.0482
vn -0.0099 -0.9987 0.0494
vn 0.0356 -0.9987 0.0356
vn -0.0100 -0.9987 0.0502
vn -0.0149 -0.9987 0.0492
vn 0.0049 -0.9987 -0.0501
vn -0.0000 -0.9987 -0.0513
vn 0.0050 -0.9987 -0.0512
vn -0.0049 -0.9987 0.0500
vn -0.0000 -0.9987 0.0504
vn 0.0238 -0.9987 0.0443
vn 0.0285 -0.9987 0.0427
vn 0.0241 -0.9987 0.0451
vn -0.0000 -0.9987 0.0513
vn -0.0050 -0.9987 0.0510
vn -0.0000 -0.9987 -0.0504
vn 0.0049 -0.9987 0.0501
vn 0.0098 -0.9987 0.0494
vn 0.0280 -0.9987 0.0419
vn 0.0100 -0.9987 0.0502
vn 0.0050 -0.9987 0.0510
vn 0.0146 -0.9987 -0.0482
vn 0.0100 -0.9987 -0.0503
vn 0.0149 -0.9987 -0.0488
vn 0.0147 -0.9987 0.0482
vn 0.0192 -0.9987 0.0465
vn 0.0196 -0.9987 0.0475
vn 0.0149 -0.9987 0.0492
vn 0.0098 -0.9987 -0.0494
vn 0.0237 -0.9987 -0.0444
vn 0.0196 -0.9987 -0.0474
vn 0.0242 -0.9987 -0.0452
vn 0.0193 -0.9987 -0.0465
vn 0.0319 -0.9987 -0.0389
vn 0.0284 -0.9987 -0.0425
vn 0.0325 -0.9987 -0.0396
vn 0.0474 -0.9987 0.0196
vn 0.0453 -0.9987 0.0242
vn 0.0280 -0.9987 -0.0419
vn 0.0481 -0.9987 0.0148
vn 0.0494 -0.9987 0.0100
vn 0.0502 -0.9987 0.0100
vn 0.0489 -0.9987 0.0149
vn 0.0389 -0.9987 -0.0319
vn 0.0362 -0.9987 -0.0362
vn 0.0396 -0.9987 -0.0325
vn 0.0501 -0.9987 0.0048
vn 0.0504 -0.9987 -0.0001
vn 0.0356 -0.9987 -0.0357
vn 0.0513 -0.9987 -0.0000
vn 0.0510 -0.9987 0.0050
vn 0.0501 -0.9987 -0.0049
vn 0.0494 -0.9987 -0.0099
vn 0.0444 -0.9987 -0.0238
vn 0.0426 -0.9987 -0.0285
vn 0.0451 -0.9987 -0.0241
vn 0.0502 -0.9987 -0.0100
vn 0.0510 -0.9987 -0.0051
vn 0.0482 -0.9987 -0.0148
vn 0.0465 -0.9987 -0.0194
vn 0.0419 -0.9987 -0.0280
vn 0.0474 -0.9987 -0.0196
vn 0.0493 -0.9987 -0.0149
vn -0.0482 -0.9987 -0.0147
vn -0.0505 -0.9987 -0.0100
vn -0.0492 -0.9987 -0.0149
vn -0.0494 -0.9987 -0.0099
vn -0.0444 -0.9987 -0.0237
vn -0.0474 -0.9987 -0.0196
vn -0.0453 -0.9987 -0.0241
vn -0.0465 -0.9987 -0.0193
vn -0.0389 -0.9987 -0.0319
vn -0.0426 -0.9987 -0.0285
vn -0.0396 -0.9987 -0.0325
vn -0.0238 -0.9987 -0.0444
vn -0.0280 -0.9987 -0.0419
vn -0.0419 -0.9987 -0.0280
vn -0.0285 -0.9987 -0.0426
vn -0.0241 -0.9987 -0.0451
vn -0.0319 -0.9987 -0.0389
vn -0.0356 -0.9987 -0.0357
vn -0.0362 -0.9987 -0.0362
vn -0.0325 -0.9987 -0.0396
vn -0.0646 -0.9978 -0.0129
vn -0.0655 -0.9978 -0.0065
vn -0.0609 -0.9978 -0.0252
vn -0.0631 -0.9978 -0.0191
vn -0.0658 -0.9978 -0.0000
vn -0.1011 -0.9949 -0.0000
vn -0.0547 -0.9978 -0.0366
vn -0.0581 -0.9978 -0.0310
vn -0.0466 -0.9978 -0.0466
vn -0.0509 -0.9978 -0.0418
vn -0.0366 -0.9978 -0.0548
vn -0.0418 -0.9978 -0.0509
vn -0.0252 -0.9978 -0.0609
vn -0.0310 -0.9978 -0.0581
vn -0.0128 -0.9978 -0.0646
vn -0.0191 -0.9978 -0.0630
vn -0.0000 -0.9978 -0.0658
vn -0.0065 -0.9978 -0.0657
vn 0.0128 -0.9978 -0.0647
vn 0.0065 -0.9978 -0.0657
vn 0.0252 -0.9978 -0.0608
vn 0.0191 -0.9978 -0.0630
vn 0.0366 -0.9978 -0.0548
vn 0.0310 -0.9978 -0.0581
vn 0.0467 -0.9978 -0.0466
vn 0.0418 -0.9978 -0.0509
vn 0.0547 -0.9978 -0.0366
vn 0.0510 -0.9978 -0.0419
vn 0.0610 -0.9978 -0.0252
vn 0.0581 -0.9978 -0.0310
vn 0.0646 -0.9978 -0.0129
vn 0.0631 -0.9978 -0.0191
vn 0.0658 -0.9978 -0.0000
vn 0.0657 -0.9978 -0.0065
vn 0.0647 -0.9978 0.0129
vn 0.0657 -0.9978 0.0065
vn 0.0608 -0.9978 0.0252
vn 0.0630 -0.9978 0.0191
vn 0.0547 -0.9978 0.0366
vn 0.0582 -0.9978 0.0310
vn 0.0467 -0.9978 0.0466
vn 0.0509 -0.9978 0.0418
vn 0.0366 -0.9978 0.0547
vn 0.0418 -0.9978 0.0510
vn 0.0252 -0.9978 0.0609
vn 0.0310 -0.9978 0.0582
vn 0.0128 -0.9978 0.0645
vn 0.0191 -0.9978 0.0630
vn -0.0000 -0.9978 0.0659
vn 0.0065 -0.9978 0.0656
vn -0.0128 -0.9978 0.0646
vn -0.0065 -0.9978 0.0657
vn -0.0252 -0.9978 0.0608
vn -0.0191 -0.9978 0.0630
vn -0.0366 -0.9978 0.0547
vn -0.0310 -0.9978 0.0582
vn -0.0467 -0.9978 0.0466
vn -0.0418 -0.9978 0.0509
vn -0.0547 -0.9978 0.0366
vn -0.0510 -0.9978 0.0418
vn -0.0609 -0.9978 0.0252
vn -0.0582 -0.9978 0.0310
vn -0.0645 -0.9978 0.0128
vn -0.0630 -0.9978 0.0191
vn -0.0655 -0.9978 0.0064
vn -0.0630 0.9978 -0.0191
vn -0.0647 0.9978 -0.0129
vn -0.0582 0.9978 -0.0310
vn -0.0609 0.9978 -0.0252
vn -0.0510 0.9978 -0.0418
vn -0.0549 0.9978 -0.0366
vn -0.0418 0.9978 -0.0510
vn -0.0467 0.9978 -0.0467
vn -0.0311 0.9978 -0.0581
vn -0.0366 0.9978 -0.0547
vn -0.0191 0.9978 -0.0631
vn -0.0252 0.9978 -0.0609
vn -0.0064 0.9978 -0.0655
vn -0.0128 0.9978 -0.0645
vn 0.0065 0.9978 -0.0656
vn -0.0000 0.9978 -0.0659
vn 0.0191 0.9978 -0.0631
vn 0.0129 0.9978 -0.0648
vn 0.0310 0.9978 -0.0582
vn 0.0252 0.9978 -0.0609
vn 0.0418 0.9978 -0.0510
vn 0.0366 0.9978 -0.0548
vn 0.0510 0.9978 -0.0418
vn 0.0467 0.9978 -0.0467
vn 0.0581 0.9978 -0.0311
vn 0.0548 0.9978 -0.0366
vn 0.0631 0.9978 -0.0191
vn 0.0609 0.9978 -0.0252
vn 0.0656 0.9978 -0.0064
vn 0.0646 0.9978 -0.0129
vn 0.0656 0.9978 0.0065
vn 0.0659 0.9978 -0.0000
vn 0.0631 0.9978 0.0191
vn 0.0647 0.9978 0.0128
vn 0.0582 0.9978 0.0310
vn 0.0609 0.9978 0.0252
vn 0.0510 0.9978 0.0418
vn 0.0547 0.9978 0.0366
vn 0.0418 0.9978 0.0510
vn 0.0465 0.9978 0.0466
vn 0.0311 0.9978 0.0581
vn 0.0366 0.9978 0.0547
vn 0.0191 0.9978 0.0631
vn 0.0252 0.9978 0.0609
vn 0.0064 0.9978 0.0655
vn 0.0128 0.9978 0.0646
vn -0.0065 0.9978 0.0655
vn -0.0000 0.9978 0.0659
vn -0.0191 0.9978 0.0630
vn -0.0128 0.9978 0.0647
vn -0.0310 0.9978 0.0582
vn -0.0252 0.9978 0.0608
vn -0.0418 0.9978 0.0509
vn -0.0366 0.9978 0.0549
vn -0.0510 0.9978 0.0418
vn -0.0466 0.9978 0.0467
vn -0.0582 0.9978 0.0310
vn -0.0547 0.9978 0.0366
vn -0.0631 0.9978 0.0191
vn -0.0609 0.9978 0.0252
vn -0.0655 0.9978 0.0065
vn -0.0646 0.9978 0.0128
vn -0.0655 0.9978 -0.0064
vn -0.0659 0.9978 -0.0000
vt 1.000000 0.968750
vt 0.976389 0.953101
vt 0.913846 0.968539
vt 0.968750 0.937500
vt 0.959415 0.953096
vt 1.000000 0.937500
vt 0.984375 0.937500
vt 0.867532 0.046904
vt 0.890625 0.062500
vt 0.882846 0.046904
vt 0.408117 0.046904
vt 0.421875 0.062500
vt 0.423431 0.046904
vt 0.906250 0.062500
vt 0.815257 0.031480
vt 0.828393 0.031480
vt 0.841529 0.031480
vt 0.622511 0.046904
vt 0.640625 0.062500
vt 0.637825 0.046904
vt 0.437500 0.062500
vt 0.421186 0.031480
vt 0.434321 0.031480
vt 0.447457 0.031480
vt 0.591883 0.046904
vt 0.609375 0.062500
vt 0.607197 0.046904
vt 0.656250 0.062500
vt 0.605086 0.031480
vt 0.618222 0.031480
vt 0.631357 0.031480
vt 0.561255 0.046904
vt 0.578125 0.062500
vt 0.576569 0.046904
vt 0.625000 0.062500
vt 0.578814 0.031480
vt 0.591950 0.031480
vt 0.530628 0.046904
vt 0.546875 0.062500
vt 0.545942 0.046904
vt 0.593750 0.062500
vt 0.552543 0.031480
vt 0.565679 0.031480
vt 0.745022 0.953096
vt 0.723307 0.968520
vt 0.760335 0.953096
vt 0.562500 0.062500
vt 0.526272 0.031480
vt 0.539407 0.031480
vt 0.469372 0.046904
vt 0.484375 0.062500
vt 0.484686 0.046904
vt 0.736443 0.968520
vt 0.750000 0.937500
vt 0.765625 0.937500
vt 0.781250 0.937500
vt 0.193723 0.046904
vt 0.203125 0.062500
vt 0.209037 0.046904
vt 0.500000 0.062500
vt 0.473729 0.031480
vt 0.486864 0.031480
vt 0.500000 0.031480
vt 0.071212 0.046904
vt 0.078125 0.062500
vt 0.086526 0.046904
vt 0.218750 0.062500
vt 0.237286 0.031480
vt 0.250421 0.031480
vt 0.263557 0.031480
vt 0.377489 0.046904
vt 0.390625 0.062500
vt 0.392803 0.046904
vt 0.093750 0.062500
vt 0.132200 0.031480
vt 0.145335 0.031480
vt 0.158471 0.031480
vt 0.346862 0.046904
vt 0.359375 0.062500
vt 0.362175 0.046904
vt 0.406250 0.062500
vt 0.394914 0.031480
vt 0.408050 0.031480
vt 0.316234 0.046904
vt 0.328125 0.062500
vt 0.331548 0.046904
vt 0.375000 0.062500
vt 0.368643 0.031480
vt 0.381779 0.031480
vt 0.285606 0.046904
vt 0.296875 0.062500
vt 0.300920 0.046904
vt 0.343750 0.062500
vt 0.342371 0.031480
vt 0.355507 0.031480
vt 0.775649 0.046904
vt 0.796875 0.062500
vt 0.790963 0.046904
vt 0.312500 0.062500
vt 0.316100 0.031480
vt 0.329236 0.031480
vt 0.714394 0.953096
vt 0.697036 0.968520
vt 0.729708 0.953096
vt 0.812500 0.062500
vt 0.736443 0.031480
vt 0.749579 0.031480
vt 0.762715 0.031480
vt 0.163096 0.046904
vt 0.171875 0.062500
vt 0.178409 0.046904
vt 0.710172 0.968520
vt 0.718750 0.937500
vt 0.734375 0.937500
vt 0.316234 0.953096
vt 0.355507 0.968520
vt 0.331548 0.953096
vt 0.187500 0.062500
vt 0.211014 0.031480
vt 0.224150 0.031480
vt 0.500000 0.046904
vt 0.515625 0.062500
vt 0.515314 0.046904
vt 0.368643 0.968520
vt 0.312500 0.937500
vt 0.328125 0.937500
vt 0.343750 0.937500
vt 0.101840 0.046904
vt 0.109375 0.062500
vt 0.117154 0.046904
vt 0.531250 0.062500
vt 0.513136 0.031480
vt 0.714394 0.046904
vt 0.734375 0.062500
vt 0.729708 0.046904
vt 0.125000 0.062500
vt 0.171607 0.031480
vt 0.184743 0.031480
vt 0.745022 0.046904
vt 0.765625 0.062500
vt 0.760335 0.046904
vt 0.750000 0.062500
vt 0.683900 0.031480
vt 0.697036 0.031480
vt 0.710172 0.031480
vt 0.254979 0.953096
vt 0.302964 0.968520
vt 0.270292 0.953096
vt 0.781250 0.062500
vt 0.723307 0.031480
vt 0.224351 0.953096
vt 0.276693 0.968520
vt 0.239665 0.953096
vt 0.316100 0.968520
vt 0.250000 0.937500
vt 0.265625 0.937500
vt 0.281250 0.937500
vt 0.438745 0.046904
vt 0.453125 0.062500
vt 0.454059 0.046904
vt 0.289828 0.968520
vt 0.218750 0.937500
vt 0.234375 0.937500
vt 0.163096 0.953096
vt 0.224150 0.968520
vt 0.178409 0.953096
vt 0.468750 0.062500
vt 0.460593 0.031480
vt 0.653139 0.953096
vt 0.644493 0.968520
vt 0.668452 0.953096
vt 0.237286 0.968520
vt 0.156250 0.937500
vt 0.171875 0.937500
vt 0.187500 0.937500
vt 0.867532 0.953096
vt 0.828393 0.968520
vt 0.882846 0.953096
vt 0.657629 0.968520
vt 0.656250 0.937500
vt 0.671875 0.937500
vt 0.687500 0.937500
vt 0.071212 0.953096
vt 0.145335 0.968520
vt 0.086526 0.953096
vt 0.841529 0.968520
vt 0.875000 0.937500
vt 0.890625 0.937500
vt 0.906250 0.937500
vt 0.836904 0.953096
vt 0.802122 0.968520
vt 0.852218 0.953096
vt 0.158471 0.968520
vt 0.062500 0.937500
vt 0.078125 0.937500
vt 0.093750 0.937500
vt 0.000000 0.953125
vt 0.086155 0.968539
vt 0.023611 0.953101
vt 0.815257 0.968520
vt 0.843750 0.937500
vt 0.859375 0.937500
vt 0.781250 0.921875
vt 0.796875 0.937500
vt 0.796875 0.921875
vt 0.040585 0.953096
vt 0.000000 0.937500
vt 0.015625 0.937500
vt 0.031250 0.937500
vt 0.187500 0.921875
vt 0.203125 0.937500
vt 0.203125 0.921875
vt 0.812500 0.937500
vt 0.781250 0.906250
vt 0.796875 0.906250
vt 0.812500 0.906250
vt 0.656250 0.921875
vt 0.671875 0.921875
vt 0.187500 0.906250
vt 0.203125 0.906250
vt 0.218750 0.906250
vt 0.375000 0.078125
vt 0.390625 0.093750
vt 0.390625 0.078125
vt 0.656250 0.906250
vt 0.671875 0.906250
vt 0.687500 0.906250
vt 0.593750 0.078125
vt 0.609375 0.093750
vt 0.609375 0.078125
vt 0.406250 0.093750
vt 0.312500 0.078125
vt 0.328125 0.093750
vt 0.328125 0.078125
vt 0.625000 0.093750
vt 0.531250 0.078125
vt 0.546875 0.093750
vt 0.546875 0.078125
vt 0.343750 0.093750
vt 0.468750 0.921875
vt 0.484375 0.937500
vt 0.484375 0.921875
vt 0.562500 0.093750
vt 0.656250 0.078125
vt 0.671875 0.093750
vt 0.671875 0.078125
vt 0.500000 0.937500
vt 0.468750 0.906250
vt 0.484375 0.906250
vt 0.500000 0.906250
vt 0.437500 0.078125
vt 0.453125 0.093750
vt 0.453125 0.078125
vt 0.687500 0.093750
vt 0.671875 0.062500
vt 0.687500 0.062500
vt 0.406250 0.078125
vt 0.421875 0.093750
vt 0.421875 0.078125
vt 0.468750 0.093750
vt 0.875000 0.078125
vt 0.890625 0.093750
vt 0.890625 0.078125
vt 0.437500 0.093750
vt 0.093750 0.078125
vt 0.109375 0.093750
vt 0.109375 0.078125
vt 0.906250 0.093750
vt 0.875000 0.062500
vt 0.812500 0.078125
vt 0.828125 0.093750
vt 0.828125 0.078125
vt 0.125000 0.093750
vt 0.281250 0.078125
vt 0.296875 0.093750
vt 0.296875 0.078125
vt 0.843750 0.093750
vt 0.828125 0.062500
vt 0.843750 0.062500
vt 0.750000 0.078125
vt 0.765625 0.093750
vt 0.765625 0.078125
vt 0.312500 0.093750
vt 0.281250 0.062500
vt 0.718750 0.078125
vt 0.734375 0.093750
vt 0.734375 0.078125
vt 0.781250 0.093750
vt 0.250000 0.921875
vt 0.265625 0.921875
vt 0.750000 0.093750
vt 0.718750 0.062500
vt 0.906250 0.078125
vt 0.921875 0.093750
vt 0.921875 0.078125
vt 0.250000 0.906250
vt 0.265625 0.906250
vt 0.281250 0.906250
vt 0.156250 0.078125
vt 0.171875 0.093750
vt 0.171875 0.078125
vt 0.937500 0.093750
vt 0.921875 0.062500
vt 0.937500 0.062500
vt 0.218750 0.078125
vt 0.234375 0.093750
vt 0.234375 0.078125
vt 0.187500 0.093750
vt 0.156250 0.062500
vt 0.812500 0.921875
vt 0.828125 0.937500
vt 0.828125 0.921875
vt 0.250000 0.093750
vt 0.234375 0.062500
vt 0.250000 0.062500
vt 0.031250 0.921875
vt 0.046875 0.937500
vt 0.046875 0.921875
vt 0.828125 0.906250
vt 0.843750 0.906250
vt 0.683766 0.953096
vt 0.670765 0.968520
vt 0.699080 0.953096
vt 0.031250 0.906250
vt 0.046875 0.906250
vt 0.062500 0.906250
vt 0.062500 0.078125
vt 0.078125 0.093750
vt 0.078125 0.078125
vt 0.683900 0.968520
vt 0.703125 0.937500
vt 0.968750 0.921875
vt 0.984375 0.921875
vt 0.093750 0.093750
vt 0.062500 0.062500
vt 0.156250 0.921875
vt 0.171875 0.921875
vt 0.968750 0.906250
vt 0.984375 0.906250
vt 1.000000 0.906250
vt 0.125000 0.921875
vt 0.140625 0.937500
vt 0.140625 0.921875
vt 0.156250 0.906250
vt 0.171875 0.906250
vt 0.343750 0.078125
vt 0.359375 0.093750
vt 0.359375 0.078125
vt 0.125000 0.906250
vt 0.140625 0.906250
vt 0.218750 0.921875
vt 0.234375 0.921875
vt 0.375000 0.093750
vt 0.875000 0.921875
vt 0.890625 0.921875
vt 0.234375 0.906250
vt 0.000000 0.921875
vt 0.015625 0.921875
vt 0.875000 0.906250
vt 0.890625 0.906250
vt 0.906250 0.906250
vt 0.000000 0.890625
vt 0.015625 0.906250
vt 0.015625 0.890625
vt 0.000000 0.906250
vt 0.687500 0.109375
vt 0.703125 0.125000
vt 0.703125 0.109375
vt 0.031250 0.890625
vt 0.000000 0.875000
vt 0.015625 0.875000
vt 0.031250 0.875000
vt 0.906250 0.890625
vt 0.921875 0.906250
vt 0.921875 0.890625
vt 0.718750 0.125000
vt 0.703125 0.093750
vt 0.718750 0.093750
vt 0.875000 0.890625
vt 0.890625 0.890625
vt 0.937500 0.906250
vt 0.906250 0.875000
vt 0.921875 0.875000
vt 0.937500 0.875000
vt 0.843750 0.890625
vt 0.859375 0.906250
vt 0.859375 0.890625
vt 0.875000 0.875000
vt 0.890625 0.875000
vt 0.500000 0.109375
vt 0.515625 0.125000
vt 0.515625 0.109375
vt 0.843750 0.875000
vt 0.859375 0.875000
vt 0.281250 0.109375
vt 0.296875 0.125000
vt 0.296875 0.109375
vt 0.531250 0.125000
vt 0.500000 0.093750
vt 0.515625 0.093750
vt 0.531250 0.093750
vt 0.718750 0.890625
vt 0.734375 0.906250
vt 0.734375 0.890625
vt 0.312500 0.125000
vt 0.281250 0.093750
vt 0.218750 0.109375
vt 0.234375 0.125000
vt 0.234375 0.109375
vt 0.750000 0.906250
vt 0.718750 0.875000
vt 0.734375 0.875000
vt 0.750000 0.875000
vt 0.656250 0.109375
vt 0.671875 0.125000
vt 0.671875 0.109375
vt 0.250000 0.125000
vt 0.218750 0.093750
vt 0.156250 0.109375
vt 0.171875 0.125000
vt 0.171875 0.109375
vt 0.687500 0.125000
vt 0.656250 0.093750
vt 0.125000 0.109375
vt 0.140625 0.125000
vt 0.140625 0.109375
vt 0.187500 0.125000
vt 0.156250 0.093750
vt 0.093750 0.109375
vt 0.109375 0.125000
vt 0.109375 0.109375
vt 0.156250 0.125000
vt 0.140625 0.093750
vt 0.562500 0.890625
vt 0.578125 0.906250
vt 0.578125 0.890625
vt 0.125000 0.125000
vt 0.046875 0.890625
vt 0.593750 0.906250
vt 0.562500 0.875000
vt 0.578125 0.875000
vt 0.593750 0.875000
vt 0.500000 0.890625
vt 0.515625 0.906250
vt 0.515625 0.890625
vt 0.046875 0.875000
vt 0.062500 0.875000
vt 0.468750 0.890625
vt 0.484375 0.890625
vt 0.531250 0.906250
vt 0.500000 0.875000
vt 0.515625 0.875000
vt 0.531250 0.875000
vt 0.468750 0.109375
vt 0.484375 0.125000
vt 0.484375 0.109375
vt 0.468750 0.875000
vt 0.484375 0.875000
vt 0.593750 0.109375
vt 0.609375 0.125000
vt 0.609375 0.109375
vt 0.500000 0.125000
vt 0.484375 0.093750
vt 0.625000 0.109375
vt 0.640625 0.125000
vt 0.640625 0.109375
vt 0.625000 0.125000
vt 0.593750 0.093750
vt 0.593750 0.890625
vt 0.609375 0.906250
vt 0.609375 0.890625
vt 0.656250 0.125000
vt 0.640625 0.093750
vt 0.031250 0.109375
vt 0.046875 0.125000
vt 0.046875 0.109375
vt 0.625000 0.906250
vt 0.609375 0.875000
vt 0.625000 0.875000
vt 0.968750 0.109375
vt 0.984375 0.125000
vt 0.984375 0.109375
vt 0.062500 0.125000
vt 0.031250 0.093750
vt 0.046875 0.093750
vt 0.062500 0.093750
vt 0.218750 0.890625
vt 0.234375 0.890625
vt 1.000000 0.125000
vt 0.968750 0.093750
vt 0.984375 0.093750
vt 1.000000 0.093750
vt 0.968750 0.890625
vt 0.984375 0.890625
vt 0.218750 0.875000
vt 0.234375 0.875000
vt 0.250000 0.875000
vt 0.343750 0.890625
vt 0.359375 0.906250
vt 0.359375 0.890625
vt 0.968750 0.875000
vt 0.984375 0.875000
vt 1.000000 0.875000
vt 0.406250 0.109375
vt 0.421875 0.125000
vt 0.421875 0.109375
vt 0.375000 0.906250
vt 0.343750 0.875000
vt 0.359375 0.875000
vt 0.375000 0.875000
vt 0.625000 0.890625
vt 0.640625 0.906250
vt 0.640625 0.890625
vt 0.437500 0.125000
vt 0.343750 0.109375
vt 0.359375 0.125000
vt 0.359375 0.109375
vt 0.640625 0.875000
vt 0.656250 0.875000
vt 0.562500 0.109375
vt 0.578125 0.125000
vt 0.578125 0.109375
vt 0.375000 0.125000
vt 0.531250 0.890625
vt 0.546875 0.906250
vt 0.546875 0.890625
vt 0.593750 0.125000
vt 0.578125 0.093750
vt 0.250000 0.109375
vt 0.265625 0.125000
vt 0.265625 0.109375
vt 0.562500 0.906250
vt 0.546875 0.875000
vt 0.562500 0.140625
vt 0.578125 0.156250
vt 0.578125 0.140625
vt 0.281250 0.125000
vt 0.265625 0.093750
vt 0.687500 0.140625
vt 0.703125 0.156250
vt 0.703125 0.140625
vt 0.593750 0.156250
vt 0.562500 0.125000
vt 0.906250 0.859375
vt 0.921875 0.859375
vt 0.718750 0.156250
vt 0.875000 0.859375
vt 0.890625 0.859375
vt 0.906250 0.843750
vt 0.921875 0.843750
vt 0.937500 0.843750
vt 0.062500 0.140625
vt 0.078125 0.156250
vt 0.078125 0.140625
vt 0.875000 0.843750
vt 0.890625 0.843750
vt 0.812500 0.859375
vt 0.828125 0.875000
vt 0.828125 0.859375
vt 0.093750 0.156250
vt 0.078125 0.125000
vt 0.093750 0.125000
vt 0.781250 0.859375
vt 0.796875 0.875000
vt 0.796875 0.859375
vt 0.812500 0.843750
vt 0.828125 0.843750
vt 0.843750 0.843750
vt 0.781250 0.140625
vt 0.796875 0.156250
vt 0.796875 0.140625
vt 0.812500 0.875000
vt 0.781250 0.843750
vt 0.796875 0.843750
vt 0.718750 0.859375
vt 0.734375 0.859375
vt 0.812500 0.156250
vt 0.781250 0.125000
vt 0.796875 0.125000
vt 0.812500 0.125000
vt 0.500000 0.140625
vt 0.515625 0.156250
vt 0.515625 0.140625
vt 0.718750 0.843750
vt 0.734375 0.843750
vt 0.750000 0.843750
vt 0.812500 0.140625
vt 0.828125 0.156250
vt 0.828125 0.140625
vt 0.531250 0.156250
vt 0.187500 0.140625
vt 0.203125 0.156250
vt 0.203125 0.140625
vt 0.843750 0.156250
vt 0.828125 0.125000
vt 0.843750 0.125000
vt 0.593750 0.859375
vt 0.609375 0.859375
vt 0.218750 0.156250
vt 0.203125 0.125000
vt 0.218750 0.125000
vt 0.562500 0.859375
vt 0.578125 0.859375
vt 0.593750 0.843750
vt 0.609375 0.843750
vt 0.625000 0.843750
vt 0.531250 0.859375
vt 0.546875 0.859375
vt 0.562500 0.843750
vt 0.578125 0.843750
vt 0.500000 0.859375
vt 0.515625 0.859375
vt 0.531250 0.843750
vt 0.546875 0.843750
vt 0.468750 0.859375
vt 0.484375 0.859375
vt 0.500000 0.843750
vt 0.515625 0.843750
vt 0.437500 0.859375
vt 0.453125 0.875000
vt 0.453125 0.859375
vt 0.468750 0.843750
vt 0.484375 0.843750
vt 0.031250 0.859375
vt 0.046875 0.859375
vt 0.437500 0.843750
vt 0.453125 0.843750
vt 0.625000 0.140625
vt 0.640625 0.156250
vt 0.640625 0.140625
vt 0.031250 0.843750
vt 0.046875 0.843750
vt 0.062500 0.843750
vt 0.343750 0.859375
vt 0.359375 0.859375
vt 0.656250 0.156250
vt 0.312500 0.859375
vt 0.328125 0.875000
vt 0.328125 0.859375
vt 0.343750 0.843750
vt 0.359375 0.843750
vt 0.375000 0.843750
vt 0.250000 0.140625
vt 0.265625 0.156250
vt 0.265625 0.140625
vt 0.312500 0.843750
vt 0.328125 0.843750
vt 0.281250 0.859375
vt 0.296875 0.875000
vt 0.296875 0.859375
vt 0.281250 0.156250
vt 0.656250 0.859375
vt 0.671875 0.875000
vt 0.671875 0.859375
vt 0.312500 0.875000
vt 0.281250 0.843750
vt 0.296875 0.843750
vt 0.187500 0.859375
vt 0.203125 0.875000
vt 0.203125 0.859375
vt 0.687500 0.875000
vt 0.656250 0.843750
vt 0.671875 0.843750
vt 0.687500 0.843750
vt 0.125000 0.140625
vt 0.140625 0.156250
vt 0.140625 0.140625
vt 0.187500 0.843750
vt 0.203125 0.843750
vt 0.218750 0.843750
vt 0.125000 0.859375
vt 0.140625 0.875000
vt 0.140625 0.859375
vt 0.156250 0.156250
vt 0.156250 0.859375
vt 0.171875 0.875000
vt 0.171875 0.859375
vt 0.156250 0.875000
vt 0.125000 0.843750
vt 0.140625 0.843750
vt 0.156250 0.843750
vt 0.062500 0.859375
vt 0.078125 0.875000
vt 0.078125 0.859375
vt 0.187500 0.875000
vt 0.171875 0.843750
vt 0.093750 0.859375
vt 0.109375 0.875000
vt 0.109375 0.859375
vt 0.093750 0.875000
vt 0.078125 0.843750
vt 0.093750 0.843750
vt 0.000000 0.859375
vt 0.015625 0.859375
vt 0.125000 0.875000
vt 0.109375 0.843750
vt 0.781250 0.828125
vt 0.796875 0.828125
vt 0.000000 0.843750
vt 0.015625 0.843750
vt 0.093750 0.171875
vt 0.109375 0.187500
vt 0.109375 0.171875
vt 0.781250 0.812500
vt 0.796875 0.812500
vt 0.812500 0.812500
vt 0.906250 0.828125
vt 0.921875 0.828125
vt 0.125000 0.187500
vt 0.109375 0.156250
vt 0.125000 0.156250
vt 0.343750 0.828125
vt 0.359375 0.828125
vt 0.906250 0.812500
vt 0.921875 0.812500
vt 0.937500 0.812500
vt 0.843750 0.828125
vt 0.859375 0.843750
vt 0.859375 0.828125
vt 0.343750 0.812500
vt 0.359375 0.812500
vt 0.375000 0.812500
vt 0.812500 0.828125
vt 0.828125 0.828125
vt 0.843750 0.812500
vt 0.859375 0.812500
vt 0.875000 0.812500
vt 0.750000 0.828125
vt 0.765625 0.843750
vt 0.765625 0.828125
vt 0.828125 0.812500
vt 0.468750 0.828125
vt 0.484375 0.828125
vt 0.750000 0.812500
vt 0.765625 0.812500
vt 0.593750 0.828125
vt 0.609375 0.828125
vt 0.468750 0.812500
vt 0.484375 0.812500
vt 0.500000 0.812500
vt 0.937500 0.171875
vt 0.953125 0.187500
vt 0.953125 0.171875
vt 0.593750 0.812500
vt 0.609375 0.812500
vt 0.625000 0.812500
vt 0.656250 0.828125
vt 0.671875 0.828125
vt 0.968750 0.187500
vt 0.937500 0.156250
vt 0.953125 0.156250
vt 0.968750 0.156250
vt 0.625000 0.828125
vt 0.640625 0.843750
vt 0.640625 0.828125
vt 0.656250 0.812500
vt 0.671875 0.812500
vt 0.687500 0.812500
vt 0.968750 0.828125
vt 0.984375 0.843750
vt 0.984375 0.828125
vt 0.640625 0.812500
vt 0.562500 0.828125
vt 0.578125 0.828125
vt 1.000000 0.843750
vt 0.968750 0.812500
vt 0.984375 0.812500
vt 1.000000 0.812500
vt 0.531250 0.828125
vt 0.546875 0.828125
vt 0.562500 0.812500
vt 0.578125 0.812500
vt 0.500000 0.828125
vt 0.515625 0.828125
vt 0.531250 0.812500
vt 0.546875 0.812500
vt 0.031250 0.171875
vt 0.046875 0.187500
vt 0.046875 0.171875
vt 0.515625 0.812500
vt 0.125000 0.828125
vt 0.140625 0.828125
vt 0.062500 0.187500
vt 0.031250 0.156250
vt 0.046875 0.156250
vt 0.062500 0.156250
vt 0.406250 0.828125
vt 0.421875 0.843750
vt 0.421875 0.828125
vt 0.125000 0.812500
vt 0.140625 0.812500
vt 0.156250 0.812500
vt 0.375000 0.828125
vt 0.390625 0.843750
vt 0.390625 0.828125
vt 0.406250 0.812500
vt 0.421875 0.812500
vt 0.437500 0.812500
vt 0.875000 0.140625
vt 0.890625 0.156250
vt 0.890625 0.140625
vt 0.406250 0.843750
vt 0.390625 0.812500
vt 0.312500 0.828125
vt 0.328125 0.828125
vt 0.906250 0.156250
vt 0.875000 0.125000
vt 0.890625 0.125000
vt 0.906250 0.125000
vt 0.281250 0.828125
vt 0.296875 0.828125
vt 0.312500 0.812500
vt 0.328125 0.812500
vt 0.687500 0.828125
vt 0.703125 0.843750
vt 0.703125 0.828125
vt 0.281250 0.812500
vt 0.296875 0.812500
vt 0.218750 0.828125
vt 0.234375 0.843750
vt 0.234375 0.828125
vt 0.703125 0.812500
vt 0.718750 0.812500
vt 0.562500 0.171875
vt 0.578125 0.187500
vt 0.578125 0.171875
vt 0.250000 0.843750
vt 0.218750 0.812500
vt 0.234375 0.812500
vt 0.250000 0.812500
vt 0.406250 0.171875
vt 0.421875 0.187500
vt 0.421875 0.171875
vt 0.593750 0.187500
vt 0.562500 0.156250
vt 0.156250 0.828125
vt 0.171875 0.828125
vt 0.437500 0.187500
vt 0.406250 0.156250
vt 0.421875 0.156250
vt 0.437500 0.156250
vt 0.093750 0.828125
vt 0.109375 0.828125
vt 0.171875 0.812500
vt 0.187500 0.812500
vt 0.062500 0.828125
vt 0.078125 0.828125
vt 0.093750 0.812500
vt 0.109375 0.812500
vt 0.031250 0.828125
vt 0.046875 0.828125
vt 0.062500 0.812500
vt 0.078125 0.812500
vt 0.500000 0.171875
vt 0.515625 0.187500
vt 0.515625 0.171875
vt 0.031250 0.812500
vt 0.046875 0.812500
vt 0.031250 0.203125
vt 0.046875 0.218750
vt 0.046875 0.203125
vt 0.531250 0.187500
vt 0.500000 0.156250
vt 0.937500 0.796875
vt 0.953125 0.812500
vt 0.953125 0.796875
vt 0.062500 0.218750
vt 0.031250 0.187500
vt 0.062500 0.796875
vt 0.078125 0.796875
vt 0.937500 0.781250
vt 0.953125 0.781250
vt 0.968750 0.781250
vt 0.218750 0.796875
vt 0.234375 0.796875
vt 0.062500 0.781250
vt 0.078125 0.781250
vt 0.093750 0.781250
vt 0.843750 0.796875
vt 0.859375 0.796875
vt 0.218750 0.781250
vt 0.234375 0.781250
vt 0.250000 0.781250
vt 0.062500 0.203125
vt 0.078125 0.218750
vt 0.078125 0.203125
vt 0.843750 0.781250
vt 0.859375 0.781250
vt 0.875000 0.781250
vt 0.406250 0.796875
vt 0.421875 0.796875
vt 0.093750 0.218750
vt 0.078125 0.187500
vt 0.093750 0.187500
vt 0.750000 0.796875
vt 0.765625 0.796875
vt 0.406250 0.781250
vt 0.421875 0.781250
vt 0.437500 0.781250
vt 0.125000 0.203125
vt 0.140625 0.218750
vt 0.140625 0.203125
vt 0.750000 0.781250
vt 0.765625 0.781250
vt 0.781250 0.781250
vt 0.687500 0.796875
vt 0.703125 0.796875
vt 0.156250 0.218750
vt 0.140625 0.187500
vt 0.156250 0.187500
vt 0.656250 0.796875
vt 0.671875 0.796875
vt 0.687500 0.781250
vt 0.703125 0.781250
vt 0.718750 0.781250
vt 0.625000 0.796875
vt 0.640625 0.796875
vt 0.656250 0.781250
vt 0.671875 0.781250
vt 0.593750 0.796875
vt 0.609375 0.796875
vt 0.625000 0.781250
vt 0.640625 0.781250
vt 0.562500 0.796875
vt 0.578125 0.796875
vt 0.593750 0.781250
vt 0.609375 0.781250
vt 0.531250 0.796875
vt 0.546875 0.796875
vt 0.562500 0.781250
vt 0.578125 0.781250
vt 0.437500 0.203125
vt 0.453125 0.218750
vt 0.453125 0.203125
vt 0.531250 0.781250
vt 0.546875 0.781250
vt 0.531250 0.203125
vt 0.546875 0.218750
vt 0.546875 0.203125
vt 0.468750 0.218750
vt 0.453125 0.187500
vt 0.468750 0.187500
vt 0.375000 0.796875
vt 0.390625 0.796875
vt 0.562500 0.218750
vt 0.546875 0.187500
vt 0.562500 0.187500
vt 0.781250 0.796875
vt 0.796875 0.796875
vt 0.375000 0.781250
vt 0.390625 0.781250
vt 0.562500 0.203125
vt 0.578125 0.218750
vt 0.578125 0.203125
vt 0.796875 0.781250
vt 0.812500 0.781250
vt 0.718750 0.796875
vt 0.734375 0.812500
vt 0.734375 0.796875
vt 0.593750 0.218750
vt 0.312500 0.171875
vt 0.328125 0.187500
vt 0.328125 0.171875
vt 0.734375 0.781250
vt 0.281250 0.796875
vt 0.296875 0.796875
vt 0.343750 0.187500
vt 0.312500 0.156250
vt 0.328125 0.156250
vt 0.343750 0.156250
vt 0.312500 0.796875
vt 0.328125 0.796875
vt 0.281250 0.781250
vt 0.296875 0.781250
vt 0.312500 0.781250
vt 0.281250 0.203125
vt 0.296875 0.218750
vt 0.296875 0.203125
vt 0.328125 0.781250
vt 0.343750 0.781250
vt 0.437500 0.796875
vt 0.453125 0.812500
vt 0.453125 0.796875
vt 0.312500 0.218750
vt 0.281250 0.187500
vt 0.296875 0.187500
vt 0.312500 0.187500
vt 0.156250 0.796875
vt 0.171875 0.796875
vt 0.453125 0.781250
vt 0.468750 0.781250
vt 0.125000 0.796875
vt 0.140625 0.796875
vt 0.156250 0.781250
vt 0.171875 0.781250
vt 0.187500 0.781250
vt 0.343750 0.796875
vt 0.359375 0.796875
vt 0.125000 0.781250
vt 0.140625 0.781250
vt 0.812500 0.796875
vt 0.828125 0.796875
vt 0.359375 0.781250
vt 0.031250 0.796875
vt 0.046875 0.796875
vt 0.828125 0.781250
vt 0.000000 0.796875
vt 0.015625 0.812500
vt 0.015625 0.796875
vt 0.031250 0.781250
vt 0.046875 0.781250
vt 0.125000 0.765625
vt 0.140625 0.765625
vt 0.000000 0.781250
vt 0.015625 0.781250
vt 0.937500 0.765625
vt 0.953125 0.765625
vt 0.125000 0.750000
vt 0.140625 0.750000
vt 0.156250 0.750000
vt 0.906250 0.765625
vt 0.921875 0.781250
vt 0.921875 0.765625
vt 0.937500 0.750000
vt 0.953125 0.750000
vt 0.968750 0.750000
vt 0.000000 0.765625
vt 0.015625 0.765625
vt 0.906250 0.750000
vt 0.921875 0.750000
vt 0.843750 0.765625
vt 0.859375 0.765625
vt 0.031250 0.765625
vt 0.000000 0.750000
vt 0.015625 0.750000
vt 0.031250 0.750000
vt 0.812500 0.765625
vt 0.828125 0.765625
vt 0.843750 0.750000
vt 0.859375 0.750000
vt 0.875000 0.750000
vt 0.281250 0.765625
vt 0.296875 0.765625
vt 0.812500 0.750000
vt 0.828125 0.750000
vt 0.156250 0.234375
vt 0.171875 0.250000
vt 0.171875 0.234375
vt 0.281250 0.750000
vt 0.296875 0.750000
vt 0.312500 0.750000
vt 0.500000 0.765625
vt 0.515625 0.781250
vt 0.515625 0.765625
vt 0.187500 0.250000
vt 0.171875 0.218750
vt 0.187500 0.218750
vt 0.687500 0.765625
vt 0.703125 0.765625
vt 0.500000 0.750000
vt 0.515625 0.750000
vt 0.531250 0.750000
vt 0.656250 0.765625
vt 0.671875 0.765625
vt 0.687500 0.750000
vt 0.703125 0.750000
vt 0.718750 0.750000
vt 0.625000 0.765625
vt 0.640625 0.765625
vt 0.656250 0.750000
vt 0.671875 0.750000
vt 0.593750 0.765625
vt 0.609375 0.765625
vt 0.625000 0.750000
vt 0.640625 0.750000
vt 0.718750 0.765625
vt 0.734375 0.765625
vt 0.593750 0.750000
vt 0.609375 0.750000
vt 0.531250 0.765625
vt 0.546875 0.765625
vt 0.734375 0.750000
vt 0.750000 0.750000
vt 0.656250 0.234375
vt 0.671875 0.250000
vt 0.671875 0.234375
vt 0.546875 0.750000
vt 0.562500 0.750000
vt 0.468750 0.765625
vt 0.484375 0.781250
vt 0.484375 0.765625
vt 0.687500 0.250000
vt 0.656250 0.218750
vt 0.671875 0.218750
vt 0.687500 0.218750
vt 0.437500 0.765625
vt 0.453125 0.765625
vt 0.500000 0.781250
vt 0.468750 0.750000
vt 0.484375 0.750000
vt 0.406250 0.765625
vt 0.421875 0.765625
vt 0.437500 0.750000
vt 0.453125 0.750000
vt 0.250000 0.765625
vt 0.265625 0.781250
vt 0.265625 0.765625
vt 0.406250 0.750000
vt 0.421875 0.750000
vt 0.875000 0.765625
vt 0.890625 0.781250
vt 0.890625 0.765625
vt 0.250000 0.750000
vt 0.265625 0.750000
vt 0.312500 0.765625
vt 0.328125 0.765625
vt 0.906250 0.781250
vt 0.890625 0.750000
vt 0.031250 0.234375
vt 0.046875 0.250000
vt 0.046875 0.234375
vt 0.328125 0.750000
vt 0.343750 0.750000
vt 0.093750 0.234375
vt 0.109375 0.250000
vt 0.109375 0.234375
vt 0.062500 0.250000
vt 0.031250 0.218750
vt 0.218750 0.765625
vt 0.234375 0.765625
vt 0.125000 0.250000
vt 0.109375 0.218750
vt 0.125000 0.218750
vt 0.312500 0.234375
vt 0.328125 0.250000
vt 0.328125 0.234375
vt 0.218750 0.750000
vt 0.234375 0.750000
vt 0.125000 0.234375
vt 0.140625 0.250000
vt 0.140625 0.234375
vt 0.343750 0.250000
vt 0.328125 0.218750
vt 0.343750 0.218750
vt 0.968750 0.765625
vt 0.984375 0.781250
vt 0.984375 0.765625
vt 0.156250 0.250000
vt 0.093750 0.765625
vt 0.109375 0.781250
vt 0.109375 0.765625
vt 1.000000 0.781250
vt 0.984375 0.750000
vt 1.000000 0.750000
vt 0.812500 0.234375
vt 0.828125 0.250000
vt 0.828125 0.234375
vt 0.093750 0.750000
vt 0.109375 0.750000
vt 0.046875 0.765625
vt 0.843750 0.250000
vt 0.812500 0.218750
vt 0.828125 0.218750
vt 0.843750 0.218750
vt 0.625000 0.234375
vt 0.640625 0.250000
vt 0.640625 0.234375
vt 0.046875 0.750000
vt 0.062500 0.750000
vt 0.968750 0.734375
vt 0.984375 0.734375
vt 0.656250 0.250000
vt 0.625000 0.218750
vt 0.640625 0.218750
vt 0.593750 0.734375
vt 0.609375 0.734375
vt 0.968750 0.718750
vt 0.984375 0.718750
vt 1.000000 0.718750
vt 0.906250 0.734375
vt 0.921875 0.734375
vt 0.593750 0.718750
vt 0.609375 0.718750
vt 0.625000 0.718750
vt 0.406250 0.734375
vt 0.421875 0.734375
vt 0.906250 0.718750
vt 0.921875 0.718750
vt 0.937500 0.718750
vt 0.468750 0.265625
vt 0.484375 0.281250
vt 0.484375 0.265625
vt 0.406250 0.718750
vt 0.421875 0.718750
vt 0.437500 0.718750
vt 0.000000 0.265625
vt 0.015625 0.281250
vt 0.015625 0.265625
vt 0.500000 0.281250
vt 0.468750 0.250000
vt 0.484375 0.250000
vt 0.500000 0.250000
vt 0.375000 0.734375
vt 0.390625 0.750000
vt 0.390625 0.734375
vt 0.031250 0.265625
vt 0.000000 0.250000
vt 0.015625 0.250000
vt 0.031250 0.250000
vt 0.750000 0.734375
vt 0.765625 0.750000
vt 0.765625 0.734375
vt 0.375000 0.718750
vt 0.390625 0.718750
vt 0.437500 0.265625
vt 0.453125 0.281250
vt 0.453125 0.265625
vt 0.781250 0.750000
vt 0.750000 0.718750
vt 0.765625 0.718750
vt 0.781250 0.718750
vt 0.500000 0.265625
vt 0.515625 0.281250
vt 0.515625 0.265625
vt 0.468750 0.281250
vt 0.437500 0.250000
vt 0.453125 0.250000
vt 0.625000 0.734375
vt 0.640625 0.734375
vt 0.531250 0.281250
vt 0.515625 0.250000
vt 0.531250 0.250000
vt 0.125000 0.265625
vt 0.140625 0.281250
vt 0.140625 0.265625
vt 0.640625 0.718750
vt 0.656250 0.718750
vt 0.875000 0.734375
vt 0.890625 0.734375
vt 0.156250 0.281250
vt 0.812500 0.265625
vt 0.828125 0.281250
vt 0.828125 0.265625
vt 0.875000 0.718750
vt 0.890625 0.718750
vt 0.062500 0.265625
vt 0.078125 0.281250
vt 0.078125 0.265625
vt 0.843750 0.281250
vt 0.812500 0.250000
vt 0.500000 0.734375
vt 0.515625 0.734375
vt 0.093750 0.281250
vt 0.078125 0.250000
vt 0.093750 0.250000
vt 0.468750 0.734375
vt 0.484375 0.734375
vt 0.500000 0.718750
vt 0.515625 0.718750
vt 0.531250 0.718750
vt 0.968750 0.265625
vt 0.984375 0.281250
vt 0.984375 0.265625
vt 0.468750 0.718750
vt 0.484375 0.718750
vt 0.187500 0.765625
vt 0.203125 0.781250
vt 0.203125 0.765625
vt 1.000000 0.281250
vt 0.968750 0.250000
vt 0.984375 0.250000
vt 1.000000 0.250000
vt 0.046875 0.281250
vt 0.046875 0.265625
vt 0.187500 0.750000
vt 0.203125 0.750000
vt 0.343750 0.734375
vt 0.359375 0.750000
vt 0.359375 0.734375
vt 0.062500 0.281250
vt 0.093750 0.734375
vt 0.109375 0.734375
vt 0.375000 0.750000
vt 0.343750 0.718750
vt 0.359375 0.718750
vt 0.281250 0.734375
vt 0.296875 0.734375
vt 0.093750 0.718750
vt 0.109375 0.718750
vt 0.125000 0.718750
vt 0.687500 0.265625
vt 0.703125 0.281250
vt 0.703125 0.265625
vt 0.281250 0.718750
vt 0.296875 0.718750
vt 0.312500 0.718750
vt 0.562500 0.734375
vt 0.578125 0.750000
vt 0.578125 0.734375
vt 0.718750 0.281250
vt 0.703125 0.250000
vt 0.718750 0.250000
vt 0.093750 0.265625
vt 0.109375 0.281250
vt 0.109375 0.265625
vt 0.562500 0.718750
vt 0.578125 0.718750
vt 0.656250 0.734375
vt 0.671875 0.734375
vt 0.125000 0.281250
vt 0.906250 0.265625
vt 0.921875 0.281250
vt 0.921875 0.265625
vt 0.671875 0.718750
vt 0.687500 0.718750
vt 0.187500 0.734375
vt 0.203125 0.734375
vt 0.937500 0.281250
vt 0.906250 0.250000
vt 0.921875 0.250000
vt 0.937500 0.250000
vt 0.062500 0.734375
vt 0.078125 0.750000
vt 0.078125 0.734375
vt 0.187500 0.718750
vt 0.203125 0.718750
vt 0.218750 0.718750
vt 0.031250 0.734375
vt 0.046875 0.734375
vt 0.062500 0.718750
vt 0.078125 0.718750
vt 0.000000 0.734375
vt 0.015625 0.734375
vt 0.031250 0.718750
vt 0.046875 0.718750
vt 0.968750 0.703125
vt 0.984375 0.703125
vt 0.000000 0.718750
vt 0.015625 0.718750
vt 0.468750 0.703125
vt 0.484375 0.703125
vt 0.968750 0.687500
vt 0.984375 0.687500
vt 1.000000 0.687500
vt 0.906250 0.703125
vt 0.921875 0.703125
vt 0.468750 0.687500
vt 0.484375 0.687500
vt 0.500000 0.687500
vt 0.531250 0.296875
vt 0.546875 0.312500
vt 0.546875 0.296875
vt 0.906250 0.687500
vt 0.921875 0.687500
vt 0.937500 0.687500
vt 0.843750 0.703125
vt 0.859375 0.718750
vt 0.859375 0.703125
vt 0.562500 0.312500
vt 0.546875 0.281250
vt 0.562500 0.281250
vt 0.562500 0.296875
vt 0.578125 0.312500
vt 0.578125 0.296875
vt 0.843750 0.687500
vt 0.859375 0.687500
vt 0.875000 0.687500
vt 0.781250 0.703125
vt 0.796875 0.718750
vt 0.796875 0.703125
vt 0.593750 0.312500
vt 0.578125 0.281250
vt 0.593750 0.281250
vt 0.750000 0.703125
vt 0.765625 0.703125
vt 0.812500 0.718750
vt 0.781250 0.687500
vt 0.796875 0.687500
vt 0.812500 0.687500
vt 0.750000 0.296875
vt 0.765625 0.312500
vt 0.765625 0.296875
vt 0.750000 0.687500
vt 0.765625 0.687500
vt 0.906250 0.296875
vt 0.921875 0.312500
vt 0.921875 0.296875
vt 0.781250 0.312500
vt 0.750000 0.281250
vt 0.765625 0.281250
vt 0.781250 0.281250
vt 0.656250 0.703125
vt 0.671875 0.703125
vt 0.937500 0.312500
vt 0.906250 0.281250
vt 0.625000 0.703125
vt 0.640625 0.703125
vt 0.656250 0.687500
vt 0.671875 0.687500
vt 0.687500 0.687500
vt 0.593750 0.703125
vt 0.609375 0.703125
vt 0.625000 0.687500
vt 0.640625 0.687500
vt 0.031250 0.296875
vt 0.046875 0.312500
vt 0.046875 0.296875
vt 0.593750 0.687500
vt 0.609375 0.687500
vt 0.531250 0.703125
vt 0.546875 0.718750
vt 0.546875 0.703125
vt 0.062500 0.312500
vt 0.031250 0.281250
vt 0.625000 0.296875
vt 0.640625 0.312500
vt 0.640625 0.296875
vt 0.531250 0.687500
vt 0.546875 0.687500
vt 0.562500 0.687500
vt 0.718750 0.703125
vt 0.734375 0.718750
vt 0.734375 0.703125
vt 0.656250 0.312500
vt 0.625000 0.281250
vt 0.640625 0.281250
vt 0.656250 0.281250
vt 0.218750 0.296875
vt 0.234375 0.312500
vt 0.234375 0.296875
vt 0.718750 0.687500
vt 0.734375 0.687500
vt 0.406250 0.703125
vt 0.421875 0.703125
vt 0.250000 0.312500
vt 0.218750 0.281250
vt 0.234375 0.281250
vt 0.250000 0.281250
vt 0.375000 0.703125
vt 0.390625 0.703125
vt 0.406250 0.687500
vt 0.421875 0.687500
vt 0.437500 0.687500
vt 0.343750 0.703125
vt 0.359375 0.703125
vt 0.375000 0.687500
vt 0.390625 0.687500
vt 0.062500 0.703125
vt 0.078125 0.703125
vt 0.343750 0.687500
vt 0.359375 0.687500
vt 0.281250 0.703125
vt 0.296875 0.703125
vt 0.062500 0.687500
vt 0.078125 0.687500
vt 0.093750 0.687500
vt 0.187500 0.703125
vt 0.203125 0.703125
vt 0.281250 0.687500
vt 0.296875 0.687500
vt 0.312500 0.687500
vt 0.218750 0.703125
vt 0.234375 0.718750
vt 0.234375 0.703125
vt 0.187500 0.687500
vt 0.203125 0.687500
vt 0.218750 0.687500
vt 0.437500 0.703125
vt 0.453125 0.718750
vt 0.453125 0.703125
vt 0.250000 0.718750
vt 0.234375 0.687500
vt 0.250000 0.687500
vt 0.156250 0.703125
vt 0.171875 0.718750
vt 0.171875 0.703125
vt 0.453125 0.687500
vt 0.125000 0.703125
vt 0.140625 0.718750
vt 0.140625 0.703125
vt 0.156250 0.687500
vt 0.171875 0.687500
vt 0.093750 0.703125
vt 0.109375 0.703125
vt 0.156250 0.718750
vt 0.125000 0.687500
vt 0.140625 0.687500
vt 0.968750 0.296875
vt 0.984375 0.312500
vt 0.984375 0.296875
vt 0.109375 0.687500
vt 0.031250 0.703125
vt 0.046875 0.703125
vt 1.000000 0.312500
vt 0.968750 0.281250
vt 0.250000 0.703125
vt 0.265625 0.718750
vt 0.265625 0.703125
vt 0.031250 0.687500
vt 0.046875 0.687500
vt 0.687500 0.671875
vt 0.703125 0.687500
vt 0.703125 0.671875
vt 0.265625 0.687500
vt 0.937500 0.671875
vt 0.953125 0.687500
vt 0.953125 0.671875
vt 0.687500 0.656250
vt 0.703125 0.656250
vt 0.718750 0.656250
vt 0.906250 0.671875
vt 0.921875 0.671875
vt 0.937500 0.656250
vt 0.953125 0.656250
vt 0.968750 0.656250
vt 0.875000 0.671875
vt 0.890625 0.687500
vt 0.890625 0.671875
vt 0.906250 0.656250
vt 0.921875 0.656250
vt 0.843750 0.671875
vt 0.859375 0.671875
vt 0.875000 0.656250
vt 0.890625 0.656250
vt 0.812500 0.671875
vt 0.828125 0.687500
vt 0.828125 0.671875
vt 0.843750 0.656250
vt 0.859375 0.656250
vt 0.781250 0.671875
vt 0.796875 0.671875
vt 0.812500 0.656250
vt 0.828125 0.656250
vt 0.750000 0.671875
vt 0.765625 0.671875
vt 0.781250 0.656250
vt 0.796875 0.656250
vt 0.468750 0.328125
vt 0.484375 0.343750
vt 0.484375 0.328125
vt 0.750000 0.656250
vt 0.765625 0.656250
vt 0.750000 0.328125
vt 0.765625 0.343750
vt 0.765625 0.328125
vt 0.500000 0.343750
vt 0.468750 0.312500
vt 0.484375 0.312500
vt 0.500000 0.312500
vt 0.656250 0.671875
vt 0.671875 0.671875
vt 0.781250 0.343750
vt 0.750000 0.312500
vt 0.625000 0.671875
vt 0.640625 0.671875
vt 0.656250 0.656250
vt 0.671875 0.656250
vt 0.593750 0.671875
vt 0.609375 0.671875
vt 0.625000 0.656250
vt 0.640625 0.656250
vt 0.343750 0.671875
vt 0.359375 0.671875
vt 0.593750 0.656250
vt 0.609375 0.656250
vt 0.656250 0.328125
vt 0.671875 0.343750
vt 0.671875 0.328125
vt 0.343750 0.656250
vt 0.359375 0.656250
vt 0.375000 0.656250
vt 0.500000 0.671875
vt 0.515625 0.687500
vt 0.515625 0.671875
vt 0.687500 0.343750
vt 0.671875 0.312500
vt 0.687500 0.312500
vt 0.718750 0.671875
vt 0.734375 0.671875
vt 0.500000 0.656250
vt 0.515625 0.656250
vt 0.531250 0.656250
vt 0.875000 0.328125
vt 0.890625 0.343750
vt 0.890625 0.328125
vt 0.734375 0.656250
vt 0.218750 0.328125
vt 0.234375 0.343750
vt 0.234375 0.328125
vt 0.906250 0.343750
vt 0.875000 0.312500
vt 0.890625 0.312500
vt 0.906250 0.312500
vt 0.375000 0.671875
vt 0.390625 0.671875
vt 0.250000 0.343750
vt 0.218750 0.312500
vt 0.437500 0.671875
vt 0.453125 0.671875
vt 0.390625 0.656250
vt 0.406250 0.656250
vt 0.281250 0.328125
vt 0.296875 0.343750
vt 0.296875 0.328125
vt 0.437500 0.656250
vt 0.453125 0.656250
vt 0.468750 0.656250
vt 0.281250 0.671875
vt 0.296875 0.671875
vt 0.312500 0.343750
vt 0.281250 0.312500
vt 0.296875 0.312500
vt 0.312500 0.312500
vt 0.312500 0.671875
vt 0.328125 0.687500
vt 0.328125 0.671875
vt 0.281250 0.656250
vt 0.296875 0.656250
vt 0.312500 0.656250
vt 0.218750 0.671875
vt 0.234375 0.671875
vt 0.328125 0.656250
vt 0.187500 0.671875
vt 0.203125 0.671875
vt 0.218750 0.656250
vt 0.234375 0.656250
vt 0.250000 0.656250
vt 0.968750 0.671875
vt 0.984375 0.671875
vt 0.187500 0.656250
vt 0.203125 0.656250
vt 0.406250 0.328125
vt 0.421875 0.343750
vt 0.421875 0.328125
vt 0.984375 0.656250
vt 1.000000 0.656250
vt 0.093750 0.671875
vt 0.109375 0.671875
vt 0.437500 0.343750
vt 0.406250 0.312500
vt 0.421875 0.312500
vt 0.437500 0.312500
vt 0.843750 0.328125
vt 0.859375 0.343750
vt 0.859375 0.328125
vt 0.093750 0.656250
vt 0.109375 0.656250
vt 0.125000 0.656250
vt 0.031250 0.671875
vt 0.046875 0.671875
vt 0.875000 0.343750
vt 0.843750 0.312500
vt 0.859375 0.312500
vt 0.000000 0.671875
vt 0.015625 0.687500
vt 0.015625 0.671875
vt 0.031250 0.656250
vt 0.046875 0.656250
vt 0.062500 0.656250
vt 0.031250 0.359375
vt 0.046875 0.375000
vt 0.046875 0.359375
vt 0.000000 0.656250
vt 0.015625 0.656250
vt 0.375000 0.640625
vt 0.390625 0.640625
vt 0.062500 0.375000
vt 0.031250 0.343750
vt 0.046875 0.343750
vt 0.062500 0.343750
vt 0.500000 0.359375
vt 0.515625 0.375000
vt 0.515625 0.359375
vt 0.375000 0.625000
vt 0.390625 0.625000
vt 0.406250 0.625000
vt 0.875000 0.640625
vt 0.890625 0.640625
vt 0.531250 0.375000
vt 0.515625 0.343750
vt 0.531250 0.343750
vt 0.593750 0.640625
vt 0.609375 0.640625
vt 0.875000 0.625000
vt 0.890625 0.625000
vt 0.906250 0.625000
vt 0.968750 0.640625
vt 0.984375 0.640625
vt 0.593750 0.625000
vt 0.609375 0.625000
vt 0.625000 0.625000
vt 0.781250 0.640625
vt 0.796875 0.640625
vt 0.968750 0.625000
vt 0.984375 0.625000
vt 1.000000 0.625000
vt 0.781250 0.359375
vt 0.796875 0.375000
vt 0.796875 0.359375
vt 0.781250 0.625000
vt 0.796875 0.625000
vt 0.812500 0.625000
vt 0.718750 0.640625
vt 0.734375 0.640625
vt 0.812500 0.375000
vt 0.796875 0.343750
vt 0.812500 0.343750
vt 0.281250 0.359375
vt 0.296875 0.375000
vt 0.296875 0.359375
vt 0.718750 0.625000
vt 0.734375 0.625000
vt 0.750000 0.625000
vt 0.656250 0.640625
vt 0.671875 0.640625
vt 0.312500 0.375000
vt 0.281250 0.343750
vt 0.875000 0.359375
vt 0.890625 0.375000
vt 0.890625 0.359375
vt 0.656250 0.625000
vt 0.671875 0.625000
vt 0.687500 0.625000
vt 0.843750 0.359375
vt 0.859375 0.375000
vt 0.859375 0.359375
vt 0.906250 0.375000
vt 0.812500 0.359375
vt 0.828125 0.375000
vt 0.828125 0.359375
vt 0.875000 0.375000
vt 0.843750 0.343750
vt 0.750000 0.359375
vt 0.765625 0.375000
vt 0.765625 0.359375
vt 0.843750 0.375000
vt 0.828125 0.343750
vt 0.656250 0.359375
vt 0.671875 0.375000
vt 0.671875 0.359375
vt 0.781250 0.375000
vt 0.750000 0.343750
vt 0.468750 0.640625
vt 0.484375 0.656250
vt 0.484375 0.640625
vt 0.687500 0.375000
vt 0.656250 0.343750
vt 0.343750 0.359375
vt 0.359375 0.375000
vt 0.359375 0.359375
vt 0.468750 0.625000
vt 0.484375 0.625000
vt 0.500000 0.625000
vt 0.406250 0.640625
vt 0.421875 0.656250
vt 0.421875 0.640625
vt 0.375000 0.375000
vt 0.343750 0.343750
vt 0.359375 0.343750
vt 0.375000 0.343750
vt 0.625000 0.328125
vt 0.640625 0.343750
vt 0.640625 0.328125
vt 0.421875 0.625000
vt 0.437500 0.625000
vt 0.687500 0.640625
vt 0.703125 0.640625
vt 0.625000 0.312500
vt 0.562500 0.640625
vt 0.578125 0.656250
vt 0.578125 0.640625
vt 0.703125 0.625000
vt 0.281250 0.640625
vt 0.296875 0.640625
vt 0.562500 0.625000
vt 0.578125 0.625000
vt 0.250000 0.640625
vt 0.265625 0.656250
vt 0.265625 0.640625
vt 0.281250 0.625000
vt 0.296875 0.625000
vt 0.312500 0.625000
vt 0.062500 0.359375
vt 0.078125 0.375000
vt 0.078125 0.359375
vt 0.250000 0.625000
vt 0.265625 0.625000
vt 0.937500 0.359375
vt 0.953125 0.375000
vt 0.953125 0.359375
vt 0.093750 0.375000
vt 0.078125 0.343750
vt 0.093750 0.343750
vt 0.187500 0.640625
vt 0.203125 0.640625
vt 0.968750 0.375000
vt 0.937500 0.343750
vt 0.953125 0.343750
vt 0.968750 0.343750
vt 0.906250 0.640625
vt 0.921875 0.640625
vt 0.187500 0.625000
vt 0.203125 0.625000
vt 0.218750 0.625000
vt 0.093750 0.640625
vt 0.109375 0.640625
vt 0.921875 0.625000
vt 0.937500 0.625000
vt 0.406250 0.359375
vt 0.421875 0.375000
vt 0.421875 0.359375
vt 0.093750 0.625000
vt 0.109375 0.625000
vt 0.125000 0.625000
vt 0.031250 0.640625
vt 0.046875 0.640625
vt 0.437500 0.375000
vt 0.406250 0.343750
vt 0.000000 0.640625
vt 0.015625 0.640625
vt 0.031250 0.625000
vt 0.046875 0.625000
vt 0.062500 0.625000
vt 0.718750 0.390625
vt 0.734375 0.406250
vt 0.734375 0.390625
vt 0.000000 0.625000
vt 0.015625 0.625000
vt 0.937500 0.609375
vt 0.953125 0.625000
vt 0.953125 0.609375
vt 0.750000 0.406250
vt 0.718750 0.375000
vt 0.734375 0.375000
vt 0.750000 0.375000
vt 0.906250 0.609375
vt 0.921875 0.609375
vt 0.937500 0.593750
vt 0.953125 0.593750
vt 0.968750 0.593750
vt 0.875000 0.609375
vt 0.890625 0.609375
vt 0.906250 0.593750
vt 0.921875 0.593750
vt 0.250000 0.609375
vt 0.265625 0.609375
vt 0.875000 0.593750
vt 0.890625 0.593750
vt 0.343750 0.390625
vt 0.359375 0.406250
vt 0.359375 0.390625
vt 0.250000 0.593750
vt 0.265625 0.593750
vt 0.281250 0.593750
vt 0.937500 0.390625
vt 0.953125 0.406250
vt 0.953125 0.390625
vt 0.375000 0.406250
vt 0.343750 0.375000
vt 0.781250 0.609375
vt 0.796875 0.609375
vt 0.968750 0.406250
vt 0.937500 0.375000
vt 0.093750 0.390625
vt 0.109375 0.406250
vt 0.109375 0.390625
vt 0.781250 0.593750
vt 0.796875 0.593750
vt 0.812500 0.593750
vt 0.687500 0.609375
vt 0.703125 0.609375
vt 0.125000 0.406250
vt 0.109375 0.375000
vt 0.125000 0.375000
vt 0.062500 0.609375
vt 0.078125 0.625000
vt 0.078125 0.609375
vt 0.687500 0.593750
vt 0.703125 0.593750
vt 0.718750 0.593750
vt 0.625000 0.609375
vt 0.640625 0.625000
vt 0.640625 0.609375
vt 0.062500 0.593750
vt 0.078125 0.593750
vt 0.093750 0.593750
vt 0.687500 0.390625
vt 0.703125 0.406250
vt 0.703125 0.390625
vt 0.625000 0.593750
vt 0.640625 0.593750
vt 0.656250 0.593750
vt 0.812500 0.390625
vt 0.828125 0.406250
vt 0.828125 0.390625
vt 0.718750 0.406250
vt 0.703125 0.375000
vt 0.531250 0.609375
vt 0.546875 0.625000
vt 0.546875 0.609375
vt 0.843750 0.406250
vt 0.281250 0.390625
vt 0.296875 0.406250
vt 0.296875 0.390625
vt 0.531250 0.593750
vt 0.546875 0.593750
vt 0.562500 0.593750
vt 0.468750 0.609375
vt 0.484375 0.609375
vt 0.312500 0.406250
vt 0.281250 0.375000
vt 0.312500 0.609375
vt 0.328125 0.625000
vt 0.328125 0.609375
vt 0.468750 0.593750
vt 0.484375 0.593750
vt 0.500000 0.593750
vt 0.406250 0.609375
vt 0.421875 0.609375
vt 0.343750 0.625000
vt 0.312500 0.593750
vt 0.328125 0.593750
vt 0.343750 0.593750
vt 0.906250 0.390625
vt 0.921875 0.406250
vt 0.921875 0.390625
vt 0.406250 0.593750
vt 0.421875 0.593750
vt 0.437500 0.593750
vt 0.343750 0.609375
vt 0.359375 0.625000
vt 0.359375 0.609375
vt 0.937500 0.406250
vt 0.921875 0.375000
vt 0.875000 0.390625
vt 0.890625 0.406250
vt 0.890625 0.390625
vt 0.359375 0.593750
vt 0.375000 0.593750
vt 0.281250 0.609375
vt 0.296875 0.609375
vt 0.906250 0.406250
vt 0.468750 0.390625
vt 0.484375 0.406250
vt 0.484375 0.390625
vt 0.296875 0.593750
vt 0.531250 0.390625
vt 0.546875 0.406250
vt 0.546875 0.390625
vt 0.500000 0.406250
vt 0.468750 0.375000
vt 0.484375 0.375000
vt 0.500000 0.375000
vt 0.187500 0.609375
vt 0.203125 0.609375
vt 0.562500 0.406250
vt 0.546875 0.375000
vt 0.562500 0.375000
vt 0.187500 0.390625
vt 0.203125 0.406250
vt 0.203125 0.390625
vt 0.187500 0.593750
vt 0.203125 0.593750
vt 0.218750 0.593750
vt 0.156250 0.390625
vt 0.171875 0.406250
vt 0.171875 0.390625
vt 0.218750 0.406250
vt 0.187500 0.375000
vt 0.203125 0.375000
vt 0.218750 0.375000
vt 0.093750 0.609375
vt 0.109375 0.609375
vt 0.187500 0.406250
vt 0.156250 0.375000
vt 0.171875 0.375000
vt 0.218750 0.609375
vt 0.234375 0.625000
vt 0.234375 0.609375
vt 0.109375 0.593750
vt 0.125000 0.593750
vt 0.031250 0.609375
vt 0.046875 0.609375
vt 0.234375 0.593750
vt 0.000000 0.609375
vt 0.015625 0.609375
vt 0.031250 0.593750
vt 0.046875 0.593750
vt 0.968750 0.578125
vt 0.984375 0.593750
vt 0.984375 0.578125
vt 0.000000 0.593750
vt 0.015625 0.593750
vt 0.468750 0.578125
vt 0.484375 0.578125
vt 1.000000 0.593750
vt 0.968750 0.562500
vt 0.984375 0.562500
vt 1.000000 0.562500
vt 0.156250 0.421875
vt 0.171875 0.437500
vt 0.171875 0.421875
vt 0.468750 0.562500
vt 0.484375 0.562500
vt 0.500000 0.562500
vt 0.625000 0.421875
vt 0.640625 0.437500
vt 0.640625 0.421875
vt 0.187500 0.437500
vt 0.156250 0.406250
vt 0.843750 0.578125
vt 0.859375 0.593750
vt 0.859375 0.578125
vt 0.656250 0.437500
vt 0.625000 0.406250
vt 0.640625 0.406250
vt 0.656250 0.406250
vt 0.812500 0.578125
vt 0.828125 0.593750
vt 0.828125 0.578125
vt 0.843750 0.562500
vt 0.859375 0.562500
vt 0.875000 0.562500
vt 0.781250 0.578125
vt 0.796875 0.578125
vt 0.843750 0.593750
vt 0.812500 0.562500
vt 0.828125 0.562500
vt 0.187500 0.578125
vt 0.203125 0.578125
vt 0.781250 0.562500
vt 0.796875 0.562500
vt 0.718750 0.578125
vt 0.734375 0.593750
vt 0.734375 0.578125
vt 0.187500 0.562500
vt 0.203125 0.562500
vt 0.218750 0.562500
vt 0.093750 0.421875
vt 0.109375 0.437500
vt 0.109375 0.421875
vt 0.750000 0.593750
vt 0.718750 0.562500
vt 0.734375 0.562500
vt 0.750000 0.562500
vt 0.656250 0.578125
vt 0.671875 0.593750
vt 0.671875 0.578125
vt 0.125000 0.437500
vt 0.093750 0.406250
vt 0.625000 0.578125
vt 0.640625 0.578125
vt 0.656250 0.562500
vt 0.671875 0.562500
vt 0.687500 0.562500
vt 0.531250 0.578125
vt 0.546875 0.578125
vt 0.625000 0.562500
vt 0.640625 0.562500
vt 0.562500 0.578125
vt 0.578125 0.593750
vt 0.578125 0.578125
vt 0.531250 0.562500
vt 0.546875 0.562500
vt 0.562500 0.562500
vt 0.343750 0.578125
vt 0.359375 0.578125
vt 0.593750 0.593750
vt 0.578125 0.562500
vt 0.593750 0.562500
vt 0.500000 0.578125
vt 0.515625 0.593750
vt 0.515625 0.578125
vt 0.343750 0.562500
vt 0.359375 0.562500
vt 0.375000 0.562500
vt 0.437500 0.578125
vt 0.453125 0.593750
vt 0.453125 0.578125
vt 0.515625 0.562500
vt 0.000000 0.421875
vt 0.015625 0.437500
vt 0.015625 0.421875
vt 0.437500 0.562500
vt 0.453125 0.562500
vt 0.406250 0.578125
vt 0.421875 0.578125
vt 0.031250 0.421875
vt 0.000000 0.406250
vt 0.015625 0.406250
vt 0.031250 0.406250
vt 0.125000 0.578125
vt 0.140625 0.593750
vt 0.140625 0.578125
vt 0.406250 0.562500
vt 0.421875 0.562500
vt 0.687500 0.578125
vt 0.703125 0.578125
vt 0.156250 0.593750
vt 0.125000 0.562500
vt 0.140625 0.562500
vt 0.156250 0.562500
vt 0.312500 0.578125
vt 0.328125 0.578125
vt 0.703125 0.562500
vt 0.281250 0.578125
vt 0.296875 0.578125
vt 0.312500 0.562500
vt 0.328125 0.562500
vt 0.281250 0.421875
vt 0.296875 0.437500
vt 0.296875 0.421875
vt 0.281250 0.562500
vt 0.296875 0.562500
vt 0.062500 0.578125
vt 0.078125 0.578125
vt 0.312500 0.437500
vt 0.281250 0.406250
vt 0.718750 0.421875
vt 0.734375 0.437500
vt 0.734375 0.421875
vt 0.062500 0.562500
vt 0.078125 0.562500
vt 0.093750 0.562500
vt 0.156250 0.578125
vt 0.171875 0.593750
vt 0.171875 0.578125
vt 0.750000 0.437500
vt 0.375000 0.421875
vt 0.390625 0.437500
vt 0.390625 0.421875
vt 0.171875 0.562500
vt 0.093750 0.578125
vt 0.109375 0.578125
vt 0.406250 0.437500
vt 0.390625 0.406250
vt 0.406250 0.406250
vt 0.312500 0.421875
vt 0.328125 0.437500
vt 0.328125 0.421875
vt 0.109375 0.562500
vt 0.031250 0.578125
vt 0.046875 0.578125
vt 0.343750 0.437500
vt 0.328125 0.406250
vt 0.343750 0.406250
vt 0.000000 0.578125
vt 0.015625 0.578125
vt 0.031250 0.562500
vt 0.046875 0.562500
vt 0.718750 0.546875
vt 0.734375 0.546875
vt 0.000000 0.562500
vt 0.015625 0.562500
vt 0.187500 0.546875
vt 0.203125 0.546875
vt 0.718750 0.531250
vt 0.734375 0.531250
vt 0.750000 0.531250
vt 0.906250 0.546875
vt 0.921875 0.562500
vt 0.921875 0.546875
vt 0.187500 0.531250
vt 0.203125 0.531250
vt 0.218750 0.531250
vt 0.625000 0.453125
vt 0.640625 0.468750
vt 0.640625 0.453125
vt 0.937500 0.562500
vt 0.906250 0.531250
vt 0.921875 0.531250
vt 0.937500 0.531250
vt 0.843750 0.546875
vt 0.859375 0.546875
vt 0.656250 0.468750
vt 0.625000 0.437500
vt 0.312500 0.453125
vt 0.328125 0.468750
vt 0.328125 0.453125
vt 0.843750 0.531250
vt 0.859375 0.531250
vt 0.875000 0.531250
vt 0.781250 0.546875
vt 0.796875 0.546875
vt 0.343750 0.468750
vt 0.750000 0.546875
vt 0.765625 0.562500
vt 0.765625 0.546875
vt 0.781250 0.531250
vt 0.796875 0.531250
vt 0.812500 0.531250
vt 0.968750 0.421875
vt 0.984375 0.437500
vt 0.984375 0.421875
vt 0.765625 0.531250
vt 0.093750 0.453125
vt 0.109375 0.468750
vt 0.109375 0.453125
vt 1.000000 0.437500
vt 0.984375 0.406250
vt 1.000000 0.406250
vt 0.656250 0.546875
vt 0.671875 0.546875
vt 0.125000 0.468750
vt 0.093750 0.437500
vt 0.625000 0.546875
vt 0.640625 0.546875
vt 0.656250 0.531250
vt 0.671875 0.531250
vt 0.687500 0.531250
vt 0.593750 0.546875
vt 0.609375 0.562500
vt 0.609375 0.546875
vt 0.625000 0.531250
vt 0.640625 0.531250
vt 0.812500 0.546875
vt 0.828125 0.546875
vt 0.593750 0.531250
vt 0.609375 0.531250
vt 0.562500 0.546875
vt 0.578125 0.546875
vt 0.828125 0.531250
vt 0.500000 0.546875
vt 0.515625 0.546875
vt 0.562500 0.531250
vt 0.578125 0.531250
vt 0.468750 0.546875
vt 0.484375 0.546875
vt 0.500000 0.531250
vt 0.515625 0.531250
vt 0.531250 0.531250
vt 0.437500 0.546875
vt 0.453125 0.546875
vt 0.468750 0.531250
vt 0.484375 0.531250
vt 0.406250 0.546875
vt 0.421875 0.546875
vt 0.437500 0.531250
vt 0.453125 0.531250
vt 0.375000 0.546875
vt 0.390625 0.562500
vt 0.390625 0.546875
vt 0.406250 0.531250
vt 0.421875 0.531250
vt 0.343750 0.546875
vt 0.359375 0.546875
vt 0.375000 0.531250
vt 0.390625 0.531250
vt 0.250000 0.546875
vt 0.265625 0.562500
vt 0.265625 0.546875
vt 0.343750 0.531250
vt 0.359375 0.531250
vt 0.218750 0.546875
vt 0.234375 0.562500
vt 0.234375 0.546875
vt 0.250000 0.531250
vt 0.265625 0.531250
vt 0.281250 0.531250
vt 0.281250 0.453125
vt 0.296875 0.468750
vt 0.296875 0.453125
vt 0.250000 0.562500
vt 0.234375 0.531250
vt 0.750000 0.453125
vt 0.765625 0.468750
vt 0.765625 0.453125
vt 0.312500 0.468750
vt 0.281250 0.437500
vt 0.937500 0.546875
vt 0.953125 0.562500
vt 0.953125 0.546875
vt 0.781250 0.468750
vt 0.765625 0.437500
vt 0.781250 0.437500
vt 0.156250 0.546875
vt 0.171875 0.546875
vt 0.953125 0.531250
vt 0.968750 0.531250
vt 0.375000 0.453125
vt 0.390625 0.468750
vt 0.390625 0.453125
vt 0.156250 0.531250
vt 0.171875 0.531250
vt 0.093750 0.546875
vt 0.109375 0.546875
vt 0.406250 0.468750
vt 0.375000 0.437500
vt 0.062500 0.546875
vt 0.078125 0.546875
vt 0.093750 0.531250
vt 0.109375 0.531250
vt 0.125000 0.531250
vt 0.031250 0.546875
vt 0.046875 0.546875
vt 0.062500 0.531250
vt 0.078125 0.531250
vt 0.000000 0.546875
vt 0.015625 0.546875
vt 0.031250 0.531250
vt 0.046875 0.531250
vt 0.468750 0.484375
vt 0.484375 0.500000
vt 0.484375 0.484375
vt 0.000000 0.531250
vt 0.015625 0.531250
vt 0.093750 0.515625
vt 0.109375 0.515625
vt 0.500000 0.500000
vt 0.468750 0.468750
vt 0.484375 0.468750
vt 0.500000 0.468750
vt 0.906250 0.515625
vt 0.921875 0.515625
vt 0.093750 0.500000
vt 0.109375 0.500000
vt 0.125000 0.500000
vt 0.156250 0.515625
vt 0.171875 0.515625
vt 0.906250 0.500000
vt 0.921875 0.500000
vt 0.937500 0.500000
vt 0.593750 0.484375
vt 0.609375 0.500000
vt 0.609375 0.484375
vt 0.156250 0.500000
vt 0.171875 0.500000
vt 0.187500 0.500000
vt 0.562500 0.515625
vt 0.578125 0.515625
vt 0.625000 0.500000
vt 0.593750 0.468750
vt 0.609375 0.468750
vt 0.625000 0.468750
vt 0.781250 0.515625
vt 0.796875 0.515625
vt 0.562500 0.500000
vt 0.578125 0.500000
vt 0.593750 0.500000
vt 0.000000 0.453125
vt 0.015625 0.468750
vt 0.015625 0.453125
vt 0.781250 0.500000
vt 0.796875 0.500000
vt 0.812500 0.500000
vt 0.718750 0.515625
vt 0.734375 0.515625
vt 0.031250 0.453125
vt 0.000000 0.437500
vt 0.031250 0.437500
vt 0.437500 0.484375
vt 0.453125 0.500000
vt 0.453125 0.484375
vt 0.718750 0.500000
vt 0.734375 0.500000
vt 0.750000 0.500000
vt 0.656250 0.515625
vt 0.671875 0.515625
vt 0.468750 0.500000
vt 0.437500 0.468750
vt 0.453125 0.468750
vt 0.625000 0.515625
vt 0.640625 0.515625
vt 0.656250 0.500000
vt 0.671875 0.500000
vt 0.687500 0.500000
vt 0.250000 0.484375
vt 0.265625 0.500000
vt 0.265625 0.484375
vt 0.640625 0.500000
vt 0.812500 0.484375
vt 0.828125 0.500000
vt 0.828125 0.484375
vt 0.281250 0.500000
vt 0.250000 0.468750
vt 0.265625 0.468750
vt 0.281250 0.468750
vt 0.500000 0.515625
vt 0.515625 0.515625
vt 0.843750 0.500000
vt 0.812500 0.468750
vt 0.828125 0.468750
vt 0.843750 0.468750
vt 0.531250 0.515625
vt 0.546875 0.531250
vt 0.546875 0.515625
vt 0.515625 0.500000
vt 0.531250 0.500000
vt 0.281250 0.484375
vt 0.296875 0.500000
vt 0.296875 0.484375
vt 0.546875 0.500000
vt 0.437500 0.515625
vt 0.453125 0.515625
vt 0.312500 0.500000
vt 0.218750 0.515625
vt 0.234375 0.515625
vt 0.437500 0.500000
vt 0.375000 0.515625
vt 0.390625 0.515625
vt 0.218750 0.500000
vt 0.234375 0.500000
vt 0.250000 0.500000
vt 0.843750 0.484375
vt 0.859375 0.500000
vt 0.859375 0.484375
vt 0.375000 0.500000
vt 0.390625 0.500000
vt 0.406250 0.500000
vt 0.562500 0.484375
vt 0.578125 0.484375
vt 0.875000 0.500000
vt 0.859375 0.468750
vt 0.875000 0.468750
vt 0.281250 0.515625
vt 0.296875 0.531250
vt 0.296875 0.515625
vt 0.562500 0.468750
vt 0.578125 0.468750
vt 0.250000 0.515625
vt 0.265625 0.515625
vt 0.312500 0.531250
vt 0.750000 0.515625
vt 0.765625 0.515625
vt 0.906250 0.484375
vt 0.921875 0.484375
vt 0.765625 0.500000
vt 0.937500 0.515625
vt 0.953125 0.515625
vt 0.906250 0.468750
vt 0.921875 0.468750
vt 0.937500 0.468750
vt 0.656250 0.484375
vt 0.671875 0.484375
vt 0.953125 0.500000
vt 0.968750 0.500000
vt 0.187500 0.515625
vt 0.203125 0.515625
vt 0.671875 0.468750
vt 0.687500 0.468750
vt 0.125000 0.515625
vt 0.140625 0.531250
vt 0.140625 0.515625
vt 0.203125 0.500000
vt 0.031250 0.515625
vt 0.046875 0.515625
vt 0.140625 0.500000
vt 0.000000 0.515625
vt 0.015625 0.515625
vt 0.031250 0.500000
vt 0.046875 0.500000
vt 0.062500 0.500000
vt 0.312500 0.515625
vt 0.328125 0.531250
vt 0.328125 0.515625
vt 0.000000 0.500000
vt 0.015625 0.500000
vt 0.937500 0.484375
vt 0.953125 0.484375
vt 0.328125 0.500000
vt 0.343750 0.500000
vt 0.031250 0.484375
vt 0.046875 0.484375
vt 0.953125 0.468750
vt 0.968750 0.468750
vt 0.875000 0.484375
vt 0.890625 0.500000
vt 0.890625 0.484375
vt 0.031250 0.468750
vt 0.046875 0.468750
vt 0.062500 0.468750
vt 0.593750 0.515625
vt 0.609375 0.515625
vt 0.890625 0.468750
vt 0.968750 0.484375
vt 0.984375 0.500000
vt 0.984375 0.484375
vt 0.000000 0.484375
vt 0.015625 0.484375
vt 1.000000 0.500000
vt 0.984375 0.468750
vt 1.000000 0.468750
vt 0.750000 0.484375
vt 0.765625 0.484375
vt 0.000000 0.468750
vt 0.875000 0.515625
vt 0.890625 0.531250
vt 0.890625 0.515625
vt 0.750000 0.468750
vt 0.687500 0.484375
vt 0.703125 0.500000
vt 0.703125 0.484375
vt 0.968750 0.515625
vt 0.984375 0.531250
vt 0.984375 0.515625
vt 0.703125 0.468750
vt 0.718750 0.468750
vt 0.406250 0.515625
vt 0.421875 0.515625
vt 1.000000 0.531250
vt 0.343750 0.484375
vt 0.359375 0.500000
vt 0.359375 0.484375
vt 0.421875 0.500000
vt 0.812500 0.515625
vt 0.828125 0.515625
vt 0.359375 0.468750
vt 0.375000 0.468750
vt 0.531250 0.484375
vt 0.546875 0.484375
vt 0.781250 0.484375
vt 0.796875 0.484375
vt 0.531250 0.468750
vt 0.546875 0.468750
vt 0.500000 0.484375
vt 0.515625 0.484375
vt 0.796875 0.468750
vt 0.343750 0.515625
vt 0.359375 0.515625
vt 0.515625 0.468750
vt 0.406250 0.484375
vt 0.421875 0.484375
vt 0.625000 0.484375
vt 0.640625 0.484375
vt 0.421875 0.468750
vt 0.843750 0.515625
vt 0.859375 0.515625
vt 0.312500 0.484375
vt 0.328125 0.484375
vt 0.468750 0.515625
vt 0.484375 0.515625
vt 0.718750 0.484375
vt 0.734375 0.484375
vt 0.218750 0.484375
vt 0.234375 0.484375
vt 0.734375 0.468750
vt 0.187500 0.484375
vt 0.203125 0.484375
vt 0.218750 0.468750
vt 0.234375 0.468750
vt 0.156250 0.484375
vt 0.171875 0.484375
vt 0.187500 0.468750
vt 0.203125 0.468750
vt 0.125000 0.484375
vt 0.140625 0.484375
vt 0.156250 0.468750
vt 0.171875 0.468750
vt 0.093750 0.484375
vt 0.109375 0.484375
vt 0.140625 0.468750
vt 0.062500 0.484375
vt 0.078125 0.500000
vt 0.078125 0.484375
vt 0.093750 0.468750
vt 0.375000 0.484375
vt 0.390625 0.484375
vt 0.078125 0.468750
vt 0.687500 0.515625
vt 0.703125 0.531250
vt 0.703125 0.515625
vt 0.968750 0.453125
vt 0.984375 0.453125
vt 0.937500 0.453125
vt 0.953125 0.453125
vt 0.968750 0.437500
vt 0.781250 0.453125
vt 0.796875 0.453125
vt 0.937500 0.437500
vt 0.953125 0.437500
vt 0.875000 0.453125
vt 0.890625 0.453125
vt 0.796875 0.437500
vt 0.812500 0.437500
vt 0.187500 0.453125
vt 0.203125 0.453125
vt 0.875000 0.437500
vt 0.890625 0.437500
vt 0.906250 0.437500
vt 0.312500 0.546875
vt 0.328125 0.546875
vt 0.203125 0.437500
vt 0.218750 0.437500
vt 0.500000 0.453125
vt 0.515625 0.453125
vt 0.437500 0.453125
vt 0.453125 0.453125
vt 0.500000 0.437500
vt 0.515625 0.437500
vt 0.531250 0.437500
vt 0.718750 0.453125
vt 0.734375 0.453125
vt 0.437500 0.437500
vt 0.453125 0.437500
vt 0.468750 0.437500
vt 0.687500 0.453125
vt 0.703125 0.453125
vt 0.718750 0.437500
vt 0.125000 0.453125
vt 0.140625 0.453125
vt 0.687500 0.437500
vt 0.703125 0.437500
vt 0.843750 0.453125
vt 0.859375 0.453125
vt 0.140625 0.437500
vt 0.156250 0.437500
vt 0.687500 0.546875
vt 0.703125 0.546875
vt 0.843750 0.437500
vt 0.859375 0.437500
vt 0.562500 0.453125
vt 0.578125 0.453125
vt 0.531250 0.453125
vt 0.546875 0.453125
vt 0.562500 0.437500
vt 0.578125 0.437500
vt 0.593750 0.437500
vt 0.531250 0.546875
vt 0.546875 0.546875
vt 0.546875 0.437500
vt 0.046875 0.453125
vt 0.125000 0.546875
vt 0.140625 0.546875
vt 0.046875 0.437500
vt 0.062500 0.437500
vt 0.875000 0.546875
vt 0.890625 0.562500
vt 0.890625 0.546875
vt 0.062500 0.453125
vt 0.078125 0.453125
vt 0.906250 0.562500
vt 0.593750 0.453125
vt 0.609375 0.453125
vt 0.078125 0.437500
vt 0.812500 0.453125
vt 0.828125 0.453125
vt 0.609375 0.437500
vt 0.250000 0.453125
vt 0.265625 0.453125
vt 0.828125 0.437500
vt 0.281250 0.546875
vt 0.296875 0.546875
vt 0.250000 0.437500
vt 0.265625 0.437500
vt 0.218750 0.453125
vt 0.234375 0.453125
vt 0.906250 0.453125
vt 0.921875 0.453125
vt 0.234375 0.437500
vt 0.406250 0.453125
vt 0.421875 0.453125
vt 0.921875 0.437500
vt 0.656250 0.453125
vt 0.671875 0.453125
vt 0.421875 0.437500
vt 0.156250 0.453125
vt 0.171875 0.453125
vt 0.671875 0.437500
vt 0.968750 0.546875
vt 0.984375 0.546875
vt 0.343750 0.453125
vt 0.359375 0.453125
vt 0.468750 0.453125
vt 0.484375 0.453125
vt 0.359375 0.437500
vt 0.812500 0.421875
vt 0.828125 0.421875
vt 0.484375 0.437500
vt 0.937500 0.421875
vt 0.953125 0.421875
vt 0.812500 0.406250
vt 0.046875 0.421875
vt 0.875000 0.421875
vt 0.890625 0.421875
vt 0.046875 0.406250
vt 0.062500 0.406250
vt 0.250000 0.578125
vt 0.265625 0.578125
vt 0.875000 0.406250
vt 0.218750 0.578125
vt 0.234375 0.578125
vt 0.843750 0.421875
vt 0.859375 0.421875
vt 0.750000 0.421875
vt 0.765625 0.421875
vt 0.859375 0.406250
vt 0.562500 0.421875
vt 0.578125 0.421875
vt 0.765625 0.406250
vt 0.781250 0.406250
vt 0.687500 0.421875
vt 0.703125 0.421875
vt 0.578125 0.406250
vt 0.593750 0.406250
vt 0.406250 0.421875
vt 0.421875 0.421875
vt 0.687500 0.406250
vt 0.656250 0.421875
vt 0.671875 0.421875
vt 0.421875 0.406250
vt 0.437500 0.406250
vt 0.593750 0.421875
vt 0.609375 0.421875
vt 0.671875 0.406250
vt 0.937500 0.578125
vt 0.953125 0.578125
vt 0.609375 0.406250
vt 0.531250 0.421875
vt 0.546875 0.421875
vt 0.750000 0.578125
vt 0.765625 0.593750
vt 0.765625 0.578125
vt 0.531250 0.406250
vt 0.468750 0.421875
vt 0.484375 0.421875
vt 0.437500 0.421875
vt 0.453125 0.421875
vt 0.468750 0.406250
vt 0.500000 0.421875
vt 0.515625 0.421875
vt 0.453125 0.406250
vt 0.875000 0.578125
vt 0.890625 0.578125
vt 0.515625 0.406250
vt 0.343750 0.421875
vt 0.359375 0.421875
vt 0.125000 0.421875
vt 0.140625 0.421875
vt 0.906250 0.578125
vt 0.921875 0.578125
vt 0.140625 0.406250
vt 0.250000 0.421875
vt 0.265625 0.421875
vt 0.218750 0.421875
vt 0.234375 0.421875
vt 0.250000 0.406250
vt 0.265625 0.406250
vt 0.187500 0.421875
vt 0.203125 0.421875
vt 0.234375 0.406250
vt 0.593750 0.578125
vt 0.609375 0.593750
vt 0.609375 0.578125
vt 0.375000 0.578125
vt 0.390625 0.593750
vt 0.390625 0.578125
vt 0.593750 0.609375
vt 0.609375 0.609375
vt 0.062500 0.421875
vt 0.078125 0.421875
vt 0.906250 0.421875
vt 0.921875 0.421875
vt 0.078125 0.406250
vt 0.781250 0.421875
vt 0.796875 0.421875
vt 0.968750 0.390625
vt 0.984375 0.390625
vt 0.796875 0.406250
vt 0.000000 0.390625
vt 0.015625 0.390625
vt 0.984375 0.375000
vt 1.000000 0.375000
vt 0.500000 0.609375
vt 0.515625 0.625000
vt 0.515625 0.609375
vt 0.031250 0.390625
vt 0.000000 0.375000
vt 0.015625 0.375000
vt 0.031250 0.375000
vt 0.046875 0.390625
vt 0.531250 0.625000
vt 0.843750 0.390625
vt 0.859375 0.390625
vt 0.562500 0.390625
vt 0.578125 0.390625
vt 0.781250 0.390625
vt 0.796875 0.390625
vt 0.578125 0.375000
vt 0.593750 0.375000
vt 0.750000 0.390625
vt 0.765625 0.390625
vt 0.968750 0.609375
vt 0.984375 0.609375
vt 0.843750 0.609375
vt 0.859375 0.625000
vt 0.859375 0.609375
vt 0.656250 0.390625
vt 0.671875 0.390625
vt 0.656250 0.609375
vt 0.671875 0.609375
vt 0.656250 0.375000
vt 0.593750 0.390625
vt 0.609375 0.390625
vt 0.812500 0.609375
vt 0.828125 0.625000
vt 0.828125 0.609375
vt 0.609375 0.375000
vt 0.625000 0.375000
vt 0.062500 0.640625
vt 0.078125 0.656250
vt 0.078125 0.640625
vt 0.843750 0.625000
vt 0.500000 0.390625
vt 0.515625 0.390625
vt 0.718750 0.609375
vt 0.734375 0.609375
vt 0.437500 0.390625
vt 0.453125 0.390625
vt 0.625000 0.390625
vt 0.640625 0.390625
vt 0.453125 0.375000
vt 0.375000 0.390625
vt 0.390625 0.390625
vt 0.640625 0.375000
vt 0.375000 0.609375
vt 0.390625 0.609375
vt 0.390625 0.375000
vt 0.406250 0.375000
vt 0.312500 0.390625
vt 0.328125 0.390625
vt 0.750000 0.609375
vt 0.765625 0.625000
vt 0.765625 0.609375
vt 0.328125 0.375000
vt 0.250000 0.390625
vt 0.265625 0.390625
vt 0.218750 0.390625
vt 0.234375 0.390625
vt 0.250000 0.375000
vt 0.265625 0.375000
vt 0.156250 0.609375
vt 0.171875 0.625000
vt 0.171875 0.609375
vt 0.234375 0.375000
vt 0.562500 0.609375
vt 0.578125 0.609375
vt 0.125000 0.390625
vt 0.140625 0.390625
vt 0.125000 0.609375
vt 0.140625 0.625000
vt 0.140625 0.609375
vt 0.140625 0.375000
vt 0.062500 0.390625
vt 0.078125 0.390625
vt 0.156250 0.625000
vt 0.406250 0.390625
vt 0.421875 0.390625
vt 0.437500 0.609375
vt 0.453125 0.625000
vt 0.453125 0.609375
vt 0.968750 0.359375
vt 0.984375 0.359375
vt 0.187500 0.359375
vt 0.203125 0.359375
vt 0.984375 0.343750
vt 1.000000 0.343750
vt 0.500000 0.640625
vt 0.515625 0.640625
vt 0.187500 0.343750
vt 0.203125 0.343750
vt 0.218750 0.343750
vt 0.156250 0.640625
vt 0.171875 0.656250
vt 0.171875 0.640625
vt 0.250000 0.359375
vt 0.265625 0.359375
vt 0.562500 0.359375
vt 0.578125 0.359375
vt 0.265625 0.343750
vt 0.750000 0.640625
vt 0.765625 0.640625
vt 0.562500 0.343750
vt 0.578125 0.343750
vt 0.593750 0.343750
vt 0.906250 0.359375
vt 0.921875 0.359375
vt 0.468750 0.359375
vt 0.484375 0.359375
vt 0.921875 0.343750
vt 0.343750 0.640625
vt 0.359375 0.640625
vt 0.468750 0.343750
vt 0.125000 0.640625
vt 0.140625 0.656250
vt 0.140625 0.640625
vt 0.625000 0.359375
vt 0.640625 0.359375
vt 0.156250 0.656250
vt 0.843750 0.640625
vt 0.859375 0.640625
vt 0.625000 0.343750
vt 0.812500 0.640625
vt 0.828125 0.640625
vt 0.531250 0.359375
vt 0.546875 0.359375
vt 0.093750 0.359375
vt 0.109375 0.359375
vt 0.546875 0.343750
vt 0.625000 0.640625
vt 0.640625 0.640625
vt 0.109375 0.343750
vt 0.125000 0.343750
vt 0.437500 0.359375
vt 0.453125 0.359375
vt 0.531250 0.640625
vt 0.546875 0.656250
vt 0.546875 0.640625
vt 0.453125 0.343750
vt 0.593750 0.359375
vt 0.609375 0.359375
vt 0.562500 0.656250
vt 0.687500 0.359375
vt 0.703125 0.359375
vt 0.609375 0.343750
vt 0.312500 0.359375
vt 0.328125 0.359375
vt 0.703125 0.343750
vt 0.718750 0.343750
vt 0.312500 0.640625
vt 0.328125 0.640625
vt 0.328125 0.343750
vt 0.375000 0.359375
vt 0.390625 0.359375
vt 0.218750 0.359375
vt 0.234375 0.359375
vt 0.390625 0.343750
vt 0.937500 0.640625
vt 0.953125 0.640625
vt 0.156250 0.359375
vt 0.171875 0.359375
vt 0.125000 0.359375
vt 0.140625 0.359375
vt 0.156250 0.343750
vt 0.171875 0.343750
vt 0.000000 0.359375
vt 0.015625 0.359375
vt 0.140625 0.343750
vt 0.218750 0.640625
vt 0.234375 0.640625
vt 0.000000 0.343750
vt 0.015625 0.343750
vt 0.718750 0.359375
vt 0.734375 0.359375
vt 0.437500 0.640625
vt 0.453125 0.640625
vt 0.734375 0.343750
vt 0.968750 0.328125
vt 0.984375 0.328125
vt 0.156250 0.328125
vt 0.171875 0.328125
vt 0.968750 0.312500
vt 0.031250 0.328125
vt 0.046875 0.328125
vt 0.156250 0.312500
vt 0.171875 0.312500
vt 0.187500 0.312500
vt 0.156250 0.671875
vt 0.171875 0.671875
vt 0.031250 0.312500
vt 0.593750 0.328125
vt 0.609375 0.328125
vt 0.531250 0.671875
vt 0.546875 0.671875
vt 0.609375 0.312500
vt 0.812500 0.328125
vt 0.828125 0.328125
vt 0.250000 0.671875
vt 0.265625 0.671875
vt 0.812500 0.312500
vt 0.828125 0.312500
vt 0.468750 0.671875
vt 0.484375 0.671875
vt 0.687500 0.328125
vt 0.703125 0.328125
vt 0.500000 0.328125
vt 0.515625 0.328125
vt 0.703125 0.312500
vt 0.718750 0.312500
vt 0.375000 0.328125
vt 0.390625 0.328125
vt 0.515625 0.312500
vt 0.531250 0.312500
vt 0.125000 0.671875
vt 0.140625 0.671875
vt 0.375000 0.312500
vt 0.390625 0.312500
vt 0.562500 0.328125
vt 0.578125 0.328125
vt 0.531250 0.328125
vt 0.546875 0.328125
vt 0.562500 0.671875
vt 0.578125 0.687500
vt 0.578125 0.671875
vt 0.093750 0.328125
vt 0.109375 0.328125
vt 0.437500 0.328125
vt 0.453125 0.328125
vt 0.093750 0.312500
vt 0.109375 0.312500
vt 0.125000 0.312500
vt 0.125000 0.328125
vt 0.140625 0.328125
vt 0.453125 0.312500
vt 0.718750 0.328125
vt 0.734375 0.328125
vt 0.140625 0.312500
vt 0.343750 0.328125
vt 0.359375 0.328125
vt 0.734375 0.312500
vt 0.312500 0.328125
vt 0.328125 0.328125
vt 0.343750 0.312500
vt 0.359375 0.312500
vt 0.062500 0.671875
vt 0.078125 0.671875
vt 0.328125 0.312500
vt 0.250000 0.328125
vt 0.265625 0.328125
vt 0.843750 0.296875
vt 0.859375 0.296875
vt 0.265625 0.312500
vt 0.000000 0.328125
vt 0.015625 0.328125
vt 0.859375 0.281250
vt 0.875000 0.281250
vt 0.937500 0.328125
vt 0.953125 0.328125
vt 0.000000 0.312500
vt 0.015625 0.312500
vt 0.406250 0.671875
vt 0.421875 0.671875
vt 0.953125 0.312500
vt 0.187500 0.328125
vt 0.203125 0.328125
vt 0.062500 0.328125
vt 0.078125 0.328125
vt 0.203125 0.312500
vt 0.781250 0.328125
vt 0.796875 0.328125
vt 0.078125 0.312500
vt 0.906250 0.328125
vt 0.921875 0.328125
vt 0.796875 0.312500
vt 0.500000 0.703125
vt 0.515625 0.703125
vt 0.937500 0.296875
vt 0.953125 0.296875
vt 0.343750 0.296875
vt 0.359375 0.296875
vt 0.953125 0.281250
vt 0.781250 0.296875
vt 0.796875 0.296875
vt 0.343750 0.281250
vt 0.359375 0.281250
vt 0.375000 0.281250
vt 0.593750 0.296875
vt 0.609375 0.296875
vt 0.796875 0.281250
vt 0.812500 0.281250
vt 0.812500 0.296875
vt 0.828125 0.296875
vt 0.609375 0.281250
vt 0.125000 0.296875
vt 0.140625 0.296875
vt 0.281250 0.296875
vt 0.296875 0.296875
vt 0.718750 0.296875
vt 0.734375 0.296875
vt 0.281250 0.281250
vt 0.296875 0.281250
vt 0.312500 0.281250
vt 0.687500 0.296875
vt 0.703125 0.296875
vt 0.734375 0.281250
vt 0.687500 0.703125
vt 0.703125 0.718750
vt 0.703125 0.703125
vt 0.687500 0.281250
vt 0.875000 0.296875
vt 0.890625 0.296875
vt 0.718750 0.718750
vt 0.312500 0.703125
vt 0.328125 0.718750
vt 0.328125 0.703125
vt 0.890625 0.281250
vt 0.812500 0.703125
vt 0.828125 0.718750
vt 0.828125 0.703125
vt 0.875000 0.703125
vt 0.890625 0.703125
vt 0.843750 0.718750
vt 0.500000 0.296875
vt 0.515625 0.296875
vt 0.468750 0.296875
vt 0.484375 0.296875
vt 0.437500 0.296875
vt 0.453125 0.296875
vt 0.937500 0.703125
vt 0.953125 0.718750
vt 0.953125 0.703125
vt 0.437500 0.281250
vt 0.656250 0.296875
vt 0.671875 0.296875
vt 0.093750 0.296875
vt 0.109375 0.296875
vt 0.671875 0.281250
vt 0.312500 0.296875
vt 0.328125 0.296875
vt 0.000000 0.703125
vt 0.015625 0.703125
vt 0.328125 0.281250
vt 0.250000 0.296875
vt 0.265625 0.296875
vt 0.000000 0.687500
vt 0.375000 0.296875
vt 0.390625 0.296875
vt 0.265625 0.281250
vt 0.187500 0.296875
vt 0.203125 0.296875
vt 0.390625 0.281250
vt 0.406250 0.281250
vt 0.562500 0.703125
vt 0.578125 0.703125
vt 0.187500 0.281250
vt 0.203125 0.281250
vt 0.406250 0.296875
vt 0.421875 0.296875
vt 0.156250 0.296875
vt 0.171875 0.296875
vt 0.421875 0.281250
vt 0.062500 0.296875
vt 0.078125 0.296875
vt 0.171875 0.281250
vt 0.218750 0.734375
vt 0.234375 0.734375
vt 0.000000 0.296875
vt 0.015625 0.296875
vt 0.312500 0.734375
vt 0.328125 0.734375
vt 0.000000 0.281250
vt 0.937500 0.265625
vt 0.953125 0.265625
vt 0.843750 0.734375
vt 0.859375 0.734375
vt 0.953125 0.250000
vt 0.875000 0.265625
vt 0.890625 0.265625
vt 0.843750 0.265625
vt 0.859375 0.265625
vt 0.875000 0.250000
vt 0.890625 0.250000
vt 0.562500 0.265625
vt 0.578125 0.265625
vt 0.859375 0.250000
vt 0.781250 0.265625
vt 0.796875 0.265625
vt 0.562500 0.250000
vt 0.578125 0.250000
vt 0.593750 0.250000
vt 0.406250 0.265625
vt 0.421875 0.265625
vt 0.781250 0.250000
vt 0.796875 0.250000
vt 0.718750 0.265625
vt 0.734375 0.265625
vt 0.406250 0.250000
vt 0.421875 0.250000
vt 0.250000 0.734375
vt 0.265625 0.734375
vt 0.734375 0.250000
vt 0.750000 0.250000
vt 0.656250 0.265625
vt 0.671875 0.265625
vt 0.125000 0.734375
vt 0.140625 0.734375
vt 0.593750 0.265625
vt 0.609375 0.265625
vt 0.812500 0.734375
vt 0.828125 0.734375
vt 0.609375 0.250000
vt 0.625000 0.250000
vt 0.531250 0.265625
vt 0.546875 0.265625
vt 0.437500 0.734375
vt 0.453125 0.734375
vt 0.546875 0.250000
vt 0.343750 0.265625
vt 0.359375 0.265625
vt 0.531250 0.734375
vt 0.546875 0.734375
vt 0.359375 0.250000
vt 0.375000 0.250000
vt 0.750000 0.265625
vt 0.765625 0.265625
vt 0.375000 0.265625
vt 0.390625 0.265625
vt 0.765625 0.250000
vt 0.687500 0.734375
vt 0.703125 0.734375
vt 0.390625 0.250000
vt 0.312500 0.265625
vt 0.328125 0.265625
vt 0.156250 0.734375
vt 0.171875 0.750000
vt 0.171875 0.734375
vt 0.312500 0.250000
vt 0.250000 0.265625
vt 0.265625 0.265625
vt 0.218750 0.265625
vt 0.234375 0.265625
vt 0.250000 0.250000
vt 0.265625 0.250000
vt 0.281250 0.250000
vt 0.937500 0.734375
vt 0.953125 0.734375
vt 0.218750 0.250000
vt 0.234375 0.250000
vt 0.156250 0.265625
vt 0.171875 0.265625
vt 0.625000 0.265625
vt 0.640625 0.265625
vt 0.187500 0.265625
vt 0.203125 0.265625
vt 0.718750 0.734375
vt 0.734375 0.734375
vt 0.203125 0.250000
vt 0.281250 0.265625
vt 0.296875 0.265625
vt 0.781250 0.734375
vt 0.796875 0.750000
vt 0.796875 0.734375
vt 0.296875 0.250000
vt 0.968750 0.234375
vt 0.984375 0.234375
vt 0.593750 0.234375
vt 0.609375 0.234375
vt 0.968750 0.218750
vt 0.984375 0.218750
vt 1.000000 0.218750
vt 0.562500 0.765625
vt 0.578125 0.765625
vt 0.609375 0.218750
vt 0.843750 0.234375
vt 0.859375 0.234375
vt 0.875000 0.234375
vt 0.890625 0.234375
vt 0.859375 0.218750
vt 0.875000 0.218750
vt 0.906250 0.234375
vt 0.921875 0.234375
vt 0.890625 0.218750
vt 0.906250 0.218750
vt 0.781250 0.234375
vt 0.796875 0.234375
vt 0.921875 0.218750
vt 0.937500 0.218750
vt 0.531250 0.234375
vt 0.546875 0.234375
vt 0.781250 0.218750
vt 0.796875 0.218750
vt 0.718750 0.234375
vt 0.734375 0.234375
vt 0.531250 0.218750
vt 0.937500 0.234375
vt 0.953125 0.234375
vt 0.718750 0.218750
vt 0.734375 0.218750
vt 0.750000 0.218750
vt 0.406250 0.234375
vt 0.421875 0.234375
vt 0.953125 0.218750
vt 0.218750 0.234375
vt 0.234375 0.234375
vt 0.406250 0.218750
vt 0.421875 0.218750
vt 0.437500 0.218750
vt 0.437500 0.234375
vt 0.453125 0.234375
vt 0.218750 0.218750
vt 0.234375 0.218750
vt 0.250000 0.218750
vt 0.562500 0.234375
vt 0.578125 0.234375
vt 0.750000 0.234375
vt 0.765625 0.234375
vt 0.500000 0.234375
vt 0.515625 0.234375
vt 0.765625 0.218750
vt 0.875000 0.796875
vt 0.890625 0.812500
vt 0.890625 0.796875
vt 0.500000 0.218750
vt 0.515625 0.218750
vt 0.750000 0.765625
vt 0.765625 0.765625
vt 0.375000 0.765625
vt 0.390625 0.765625
vt 0.375000 0.234375
vt 0.390625 0.234375
vt 0.343750 0.234375
vt 0.359375 0.234375
vt 0.375000 0.218750
vt 0.390625 0.218750
vt 0.062500 0.765625
vt 0.078125 0.765625
vt 0.359375 0.218750
vt 0.281250 0.234375
vt 0.296875 0.234375
vt 0.250000 0.234375
vt 0.265625 0.234375
vt 0.281250 0.218750
vt 0.468750 0.234375
vt 0.484375 0.234375
vt 0.265625 0.218750
vt 0.187500 0.234375
vt 0.203125 0.234375
vt 0.484375 0.218750
vt 0.781250 0.765625
vt 0.796875 0.765625
vt 0.203125 0.218750
vt 0.156250 0.765625
vt 0.171875 0.765625
vt 0.687500 0.234375
vt 0.703125 0.234375
vt 0.062500 0.234375
vt 0.078125 0.234375
vt 0.703125 0.218750
vt 0.343750 0.765625
vt 0.359375 0.765625
vt 0.000000 0.234375
vt 0.015625 0.234375
vt 0.968750 0.203125
vt 0.984375 0.203125
vt 0.000000 0.218750
vt 0.015625 0.218750
vt 0.187500 0.796875
vt 0.203125 0.812500
vt 0.203125 0.796875
vt 0.984375 0.187500
vt 1.000000 0.187500
vt 0.906250 0.203125
vt 0.921875 0.203125
vt 0.875000 0.203125
vt 0.890625 0.203125
vt 0.906250 0.187500
vt 0.921875 0.187500
vt 0.937500 0.187500
vt 0.093750 0.796875
vt 0.109375 0.796875
vt 0.875000 0.187500
vt 0.890625 0.187500
vt 0.906250 0.796875
vt 0.921875 0.796875
vt 0.781250 0.203125
vt 0.796875 0.203125
vt 0.000000 0.203125
vt 0.015625 0.203125
vt 0.781250 0.187500
vt 0.796875 0.187500
vt 0.812500 0.187500
vt 0.718750 0.203125
vt 0.734375 0.203125
vt 0.000000 0.187500
vt 0.015625 0.187500
vt 0.625000 0.203125
vt 0.640625 0.203125
vt 0.718750 0.187500
vt 0.734375 0.187500
vt 0.750000 0.187500
vt 0.812500 0.203125
vt 0.828125 0.203125
vt 0.625000 0.187500
vt 0.640625 0.187500
vt 0.656250 0.187500
vt 0.843750 0.203125
vt 0.859375 0.203125
vt 0.828125 0.187500
vt 0.843750 0.187500
vt 0.937500 0.203125
vt 0.953125 0.203125
vt 0.859375 0.187500
vt 0.656250 0.203125
vt 0.671875 0.203125
vt 0.750000 0.203125
vt 0.765625 0.203125
vt 0.671875 0.187500
vt 0.687500 0.187500
vt 0.500000 0.203125
vt 0.515625 0.203125
vt 0.765625 0.187500
vt 0.468750 0.203125
vt 0.484375 0.203125
vt 0.500000 0.187500
vt 0.500000 0.796875
vt 0.515625 0.796875
vt 0.484375 0.187500
vt 0.687500 0.203125
vt 0.703125 0.203125
vt 0.375000 0.203125
vt 0.390625 0.203125
vt 0.703125 0.187500
vt 0.343750 0.203125
vt 0.359375 0.203125
vt 0.375000 0.187500
vt 0.390625 0.187500
vt 0.406250 0.187500
vt 0.312500 0.203125
vt 0.328125 0.203125
vt 0.359375 0.187500
vt 0.406250 0.203125
vt 0.421875 0.203125
vt 0.250000 0.203125
vt 0.265625 0.203125
vt 0.218750 0.203125
vt 0.234375 0.203125
vt 0.250000 0.187500
vt 0.265625 0.187500
vt 0.187500 0.203125
vt 0.203125 0.203125
vt 0.218750 0.187500
vt 0.234375 0.187500
vt 0.468750 0.796875
vt 0.484375 0.796875
vt 0.187500 0.187500
vt 0.203125 0.187500
vt 0.156250 0.203125
vt 0.171875 0.203125
vt 0.093750 0.203125
vt 0.109375 0.203125
vt 0.171875 0.187500
vt 0.250000 0.796875
vt 0.265625 0.812500
vt 0.265625 0.796875
vt 0.593750 0.203125
vt 0.609375 0.203125
vt 0.968750 0.796875
vt 0.984375 0.796875
vt 0.609375 0.187500
vt 0.968750 0.171875
vt 0.984375 0.171875
vt 0.687500 0.171875
vt 0.703125 0.171875
vt 0.984375 0.156250
vt 1.000000 0.156250
vt 0.062500 0.171875
vt 0.078125 0.171875
vt 0.687500 0.156250
vt 0.875000 0.171875
vt 0.890625 0.171875
vt 0.718750 0.828125
vt 0.734375 0.828125
vt 0.875000 0.156250
vt 0.531250 0.171875
vt 0.546875 0.171875
vt 0.781250 0.171875
vt 0.796875 0.171875
vt 0.546875 0.156250
vt 0.750000 0.171875
vt 0.765625 0.171875
vt 0.781250 0.156250
vt 0.718750 0.171875
vt 0.734375 0.171875
vt 0.750000 0.156250
vt 0.765625 0.156250
vt 0.937500 0.828125
vt 0.953125 0.843750
vt 0.953125 0.828125
vt 0.734375 0.156250
vt 0.250000 0.828125
vt 0.265625 0.843750
vt 0.265625 0.828125
vt 0.968750 0.843750
vt 0.000000 0.171875
vt 0.015625 0.171875
vt 0.593750 0.171875
vt 0.609375 0.171875
vt 0.000000 0.156250
vt 0.015625 0.156250
vt 0.812500 0.171875
vt 0.828125 0.171875
vt 0.609375 0.156250
vt 0.625000 0.156250
vt 0.375000 0.171875
vt 0.390625 0.171875
vt 0.000000 0.828125
vt 0.015625 0.828125
vt 0.375000 0.156250
vt 0.390625 0.156250
vt 0.468750 0.171875
vt 0.484375 0.171875
vt 0.000000 0.812500
vt 0.437500 0.171875
vt 0.453125 0.171875
vt 0.468750 0.156250
vt 0.484375 0.156250
vt 0.218750 0.171875
vt 0.234375 0.171875
vt 0.453125 0.156250
vt 0.625000 0.171875
vt 0.640625 0.171875
vt 0.234375 0.156250
vt 0.250000 0.156250
vt 0.343750 0.171875
vt 0.359375 0.171875
vt 0.906250 0.171875
vt 0.921875 0.171875
vt 0.359375 0.156250
vt 0.437500 0.828125
vt 0.453125 0.828125
vt 0.921875 0.156250
vt 0.250000 0.171875
vt 0.265625 0.171875
vt 0.875000 0.828125
vt 0.890625 0.828125
vt 0.187500 0.171875
vt 0.203125 0.171875
vt 0.156250 0.171875
vt 0.171875 0.171875
vt 0.187500 0.156250
vt 0.125000 0.171875
vt 0.140625 0.171875
vt 0.171875 0.156250
vt 0.843750 0.171875
vt 0.859375 0.171875
vt 0.187500 0.828125
vt 0.203125 0.828125
vt 0.859375 0.156250
vt 0.281250 0.171875
vt 0.296875 0.171875
vt 0.656250 0.171875
vt 0.671875 0.171875
vt 0.296875 0.156250
vt 0.968750 0.140625
vt 0.984375 0.140625
vt 0.671875 0.156250
vt 0.687500 0.859375
vt 0.703125 0.875000
vt 0.703125 0.859375
vt 0.968750 0.125000
vt 0.906250 0.109375
vt 0.921875 0.125000
vt 0.921875 0.109375
vt 0.937500 0.859375
vt 0.953125 0.875000
vt 0.953125 0.859375
vt 0.937500 0.125000
vt 0.843750 0.140625
vt 0.859375 0.140625
vt 0.000000 0.140625
vt 0.015625 0.140625
vt 0.859375 0.125000
vt 0.750000 0.859375
vt 0.765625 0.875000
vt 0.765625 0.859375
vt 0.031250 0.140625
vt 0.000000 0.125000
vt 0.015625 0.125000
vt 0.031250 0.125000
vt 0.843750 0.859375
vt 0.859375 0.859375
vt 0.781250 0.875000
vt 0.968750 0.859375
vt 0.984375 0.859375
vt 0.937500 0.140625
vt 0.953125 0.140625
vt 0.656250 0.140625
vt 0.671875 0.140625
vt 0.953125 0.125000
vt 0.437500 0.140625
vt 0.453125 0.140625
vt 0.343750 0.140625
vt 0.359375 0.140625
vt 0.453125 0.125000
vt 0.468750 0.125000
vt 0.468750 0.140625
vt 0.484375 0.140625
vt 0.343750 0.125000
vt 0.718750 0.140625
vt 0.734375 0.140625
vt 0.281250 0.140625
vt 0.296875 0.140625
vt 0.734375 0.125000
vt 0.750000 0.125000
vt 0.750000 0.140625
vt 0.765625 0.140625
vt 0.312500 0.140625
vt 0.328125 0.140625
vt 0.765625 0.125000
vt 0.406250 0.140625
vt 0.421875 0.140625
vt 0.328125 0.125000
vt 0.375000 0.140625
vt 0.390625 0.140625
vt 0.406250 0.125000
vt 0.218750 0.859375
vt 0.234375 0.859375
vt 0.390625 0.125000
vt 0.906250 0.140625
vt 0.921875 0.140625
vt 0.250000 0.859375
vt 0.265625 0.875000
vt 0.265625 0.859375
vt 0.406250 0.859375
vt 0.421875 0.875000
vt 0.421875 0.859375
vt 0.281250 0.875000
vt 0.218750 0.140625
vt 0.234375 0.140625
vt 0.437500 0.875000
vt 0.625000 0.859375
vt 0.640625 0.859375
vt 0.156250 0.140625
vt 0.171875 0.140625
vt 0.593750 0.140625
vt 0.609375 0.140625
vt 0.093750 0.140625
vt 0.109375 0.140625
vt 0.375000 0.859375
vt 0.390625 0.875000
vt 0.390625 0.859375
vt 0.046875 0.140625
vt 0.406250 0.875000
vt 0.531250 0.140625
vt 0.546875 0.140625
vt 0.750000 0.890625
vt 0.765625 0.906250
vt 0.765625 0.890625
vt 0.546875 0.125000
vt 0.937500 0.109375
vt 0.953125 0.109375
vt 0.437500 0.890625
vt 0.453125 0.906250
vt 0.453125 0.890625
vt 0.953125 0.093750
vt 0.812500 0.890625
vt 0.828125 0.890625
vt 0.875000 0.109375
vt 0.890625 0.109375
vt 0.812500 0.109375
vt 0.828125 0.109375
vt 0.875000 0.093750
vt 0.281250 0.890625
vt 0.296875 0.906250
vt 0.296875 0.890625
vt 0.812500 0.093750
vt 0.750000 0.109375
vt 0.765625 0.109375
vt 0.312500 0.906250
vt 0.156250 0.890625
vt 0.171875 0.890625
vt 0.937500 0.890625
vt 0.953125 0.906250
vt 0.953125 0.890625
vt 0.406250 0.890625
vt 0.421875 0.906250
vt 0.421875 0.890625
vt 0.125000 0.890625
vt 0.140625 0.890625
vt 0.437500 0.906250
vt 0.093750 0.890625
vt 0.109375 0.906250
vt 0.109375 0.890625
vt 0.062500 0.890625
vt 0.078125 0.906250
vt 0.078125 0.890625
vt 0.531250 0.109375
vt 0.546875 0.109375
vt 0.093750 0.906250
vt 0.593750 0.921875
vt 0.609375 0.937500
vt 0.609375 0.921875
vt 0.062500 0.109375
vt 0.078125 0.109375
vt 0.625000 0.937500
vt 0.437500 0.109375
vt 0.453125 0.109375
vt 0.375000 0.109375
vt 0.390625 0.109375
vt 0.687500 0.890625
vt 0.703125 0.906250
vt 0.703125 0.890625
vt 0.187500 0.890625
vt 0.203125 0.890625
vt 0.718750 0.906250
vt 0.312500 0.109375
vt 0.328125 0.109375
vt 0.250000 0.890625
vt 0.265625 0.890625
vt 0.000000 0.109375
vt 0.015625 0.109375
vt 0.312500 0.890625
vt 0.328125 0.906250
vt 0.328125 0.890625
vt 0.000000 0.093750
vt 0.015625 0.093750
vt 0.843750 0.109375
vt 0.859375 0.109375
vt 0.343750 0.906250
vt 0.656250 0.890625
vt 0.671875 0.890625
vt 0.859375 0.093750
vt 0.375000 0.890625
vt 0.390625 0.906250
vt 0.390625 0.890625
vt 0.187500 0.109375
vt 0.203125 0.109375
vt 0.406250 0.906250
vt 0.781250 0.109375
vt 0.796875 0.109375
vt 0.203125 0.093750
vt 0.718750 0.109375
vt 0.734375 0.109375
vt 0.796875 0.093750
vt 0.781250 0.890625
vt 0.796875 0.890625
vt 0.968750 0.078125
vt 0.984375 0.078125
vt 0.937500 0.078125
vt 0.953125 0.078125
vt 0.968750 0.062500
vt 0.984375 0.062500
vt 1.000000 0.062500
vt 0.406250 0.921875
vt 0.421875 0.937500
vt 0.421875 0.921875
vt 0.953125 0.062500
vt 0.625000 0.921875
vt 0.640625 0.937500
vt 0.640625 0.921875
vt 0.437500 0.937500
vt 0.093750 0.921875
vt 0.109375 0.937500
vt 0.109375 0.921875
vt 0.562500 0.921875
vt 0.578125 0.937500
vt 0.578125 0.921875
vt 0.125000 0.937500
vt 0.281250 0.921875
vt 0.296875 0.937500
vt 0.296875 0.921875
vt 0.593750 0.937500
vt 0.500000 0.921875
vt 0.515625 0.937500
vt 0.515625 0.921875
vt 0.468750 0.078125
vt 0.484375 0.078125
vt 0.531250 0.937500
vt 0.437500 0.921875
vt 0.453125 0.937500
vt 0.453125 0.921875
vt 0.906250 0.921875
vt 0.921875 0.937500
vt 0.921875 0.921875
vt 0.468750 0.937500
vt 0.375000 0.921875
vt 0.390625 0.937500
vt 0.390625 0.921875
vt 0.937500 0.937500
vt 0.843750 0.921875
vt 0.859375 0.921875
vt 0.406250 0.937500
vt 0.312500 0.921875
vt 0.328125 0.921875
vt 0.781250 0.078125
vt 0.796875 0.078125
vt 0.500000 0.078125
vt 0.515625 0.078125
vt 0.718750 0.921875
vt 0.734375 0.921875
vt 0.687500 0.078125
vt 0.703125 0.078125
vt 0.125000 0.078125
vt 0.140625 0.078125
vt 0.703125 0.062500
vt 0.625000 0.078125
vt 0.640625 0.078125
vt 0.140625 0.062500
vt 0.843750 0.078125
vt 0.859375 0.078125
vt 0.750000 0.921875
vt 0.765625 0.921875
vt 0.859375 0.062500
vt 0.531250 0.921875
vt 0.546875 0.937500
vt 0.546875 0.921875
vt 0.250000 0.078125
vt 0.265625 0.078125
vt 0.562500 0.937500
vt 0.062500 0.921875
vt 0.078125 0.921875
vt 0.265625 0.062500
vt 0.187500 0.078125
vt 0.203125 0.078125
vt 0.687500 0.921875
vt 0.703125 0.921875
vt 0.000000 0.078125
vt 0.015625 0.078125
vt 0.343750 0.921875
vt 0.359375 0.937500
vt 0.359375 0.921875
vt 0.031250 0.078125
vt 0.000000 0.062500
vt 0.015625 0.062500
vt 0.031250 0.062500
vt 0.562500 0.078125
vt 0.578125 0.078125
vt 0.375000 0.937500
vt 0.046875 0.078125
vt 0.937500 0.921875
vt 0.953125 0.937500
vt 0.953125 0.921875
vt 0.046875 0.062500
vt 0.119064 0.968520
vt 0.055899 0.953096
vt 0.928788 0.046904
vt 0.944102 0.046904
vt 0.132200 0.968520
vt 0.408117 0.953096
vt 0.434321 0.968520
vt 0.423431 0.953096
vt 0.867800 0.031480
vt 0.880936 0.031480
vt 0.894072 0.031480
vt 0.622511 0.953096
vt 0.618222 0.968520
vt 0.637825 0.953096
vt 0.447457 0.968520
vt 0.591883 0.953096
vt 0.591950 0.968520
vt 0.607197 0.953096
vt 0.631357 0.968520
vt 0.561255 0.953096
vt 0.565679 0.968520
vt 0.576569 0.953096
vt 0.605086 0.968520
vt 0.530628 0.953096
vt 0.539407 0.968520
vt 0.545942 0.953096
vt 0.578814 0.968520
vt 0.775649 0.953096
vt 0.749579 0.968520
vt 0.790963 0.953096
vt 0.552543 0.968520
vt 0.469372 0.953096
vt 0.486864 0.968520
vt 0.484686 0.953096
vt 0.762715 0.968520
vt 0.193723 0.953096
vt 0.250421 0.968520
vt 0.209037 0.953096
vt 0.500000 0.968520
vt 0.898160 0.953096
vt 0.854665 0.968520
vt 0.913474 0.953096
vt 0.263557 0.968520
vt 0.377489 0.953096
vt 0.408050 0.968520
vt 0.392803 0.953096
vt 0.867800 0.968520
vt 0.346862 0.953096
vt 0.381779 0.968520
vt 0.362175 0.953096
vt 0.421186 0.968520
vt 0.806277 0.046904
vt 0.821591 0.046904
vt 0.394914 0.968520
vt 0.500000 0.953096
vt 0.513136 0.968520
vt 0.515314 0.953096
vt 0.775850 0.031480
vt 0.788986 0.031480
vt 0.285606 0.953096
vt 0.329236 0.968520
vt 0.300920 0.953096
vt 0.526272 0.968520
vt 0.683766 0.046904
vt 0.699080 0.046904
vt 0.342371 0.968520
vt 0.653138 0.046904
vt 0.668452 0.046904
vt 0.657629 0.031480
vt 0.670765 0.031480
vt 0.928788 0.953096
vt 0.880936 0.968520
vt 0.944102 0.953096
vt 0.644493 0.031480
vt 0.101840 0.953096
vt 0.171607 0.968520
vt 0.117154 0.953096
vt 0.894072 0.968520
vt 0.806277 0.953096
vt 0.775850 0.968520
vt 0.821591 0.953096
vt 0.184743 0.968520
vt 0.254979 0.046904
vt 0.270292 0.046904
vt 0.788986 0.968520
vt 0.000000 0.046875
vt 0.023611 0.046899
vt 0.289828 0.031480
vt 0.302964 0.031480
vt 0.898160 0.046904
vt 0.913474 0.046904
vt 0.040585 0.046904
vt 0.000000 0.031250
vt 0.086155 0.031461
vt 0.105928 0.031480
vt 0.438745 0.953096
vt 0.460593 0.968520
vt 0.454059 0.953096
vt 0.854665 0.031480
vt 0.959415 0.046904
vt 0.976389 0.046899
vt 0.473729 0.968520
vt 0.132468 0.046904
vt 0.147782 0.046904
vt 0.913846 0.031461
vt 1.000000 0.031250
vt 0.836904 0.046904
vt 0.852218 0.046904
vt 0.197878 0.031480
vt 0.224351 0.046904
vt 0.239665 0.046904
vt 0.802122 0.031480
vt 0.055899 0.046904
vt 0.276693 0.031480
vt 0.132468 0.953096
vt 0.197878 0.968520
vt 0.147782 0.953096
vt 0.119064 0.031480
vt 0.062500 0.515625
vt 0.078125 0.515625
vt 0.211014 0.968520
vt 0.476785 0.001501
vt 0.477941 0.001379
vt 0.409909 0.005825
vt 0.406556 0.006230
vt 0.476770 0.001602
vt 0.409671 0.006230
vt 0.499923 -0.000000
vt 0.484069 0.000996
vt 0.412786 0.006230
vt 0.477571 0.001602
vt 0.479173 0.001602
vt 0.478372 0.001602
vt 0.415901 0.006230
vt 0.475969 0.001602
vt 0.419015 0.006230
vt 0.480775 0.001602
vt 0.479974 0.001602
vt 0.422130 0.006230
vt 0.425245 0.006230
vt 0.482377 0.001602
vt 0.481576 0.001602
vt 0.428360 0.006230
vt 0.431475 0.006230
vt 0.483979 0.001602
vt 0.483178 0.001602
vt 0.434589 0.006230
vt 0.437704 0.006230
vt 0.485581 0.001602
vt 0.484780 0.001602
vt 0.440819 0.006230
vt 0.443934 0.006230
vt 0.487183 0.001602
vt 0.486382 0.001602
vt 0.447049 0.006230
vt 0.450163 0.006230
vt 0.488786 0.001602
vt 0.487984 0.001602
vt 0.453278 0.006230
vt 0.456393 0.006230
vt 0.490388 0.001602
vt 0.489587 0.001602
vt 0.459508 0.006230
vt 0.462623 0.006230
vt 0.491990 0.001602
vt 0.491189 0.001602
vt 0.465737 0.006230
vt 0.468852 0.006230
vt 0.493592 0.001602
vt 0.492791 0.001602
vt 0.471967 0.006230
vt 0.475082 0.006230
vt 0.495194 0.001602
vt 0.494393 0.001602
vt 0.478197 0.006230
vt 0.481311 0.006230
vt 0.496796 0.001602
vt 0.495995 0.001602
vt 0.484426 0.006230
vt 0.487541 0.006230
vt 0.498398 0.001602
vt 0.497597 0.001602
vt 0.490656 0.006230
vt 0.493770 0.006230
vt 0.500000 0.001602
vt 0.499199 0.001602
vt 0.496885 0.006230
vt 0.500000 0.006230
vt 0.501602 0.001602
vt 0.500801 0.001602
vt 0.503115 0.006230
vt 0.506230 0.006230
vt 0.503204 0.001602
vt 0.502403 0.001602
vt 0.509344 0.006230
vt 0.512459 0.006230
vt 0.504806 0.001602
vt 0.504005 0.001602
vt 0.515574 0.006230
vt 0.518689 0.006230
vt 0.506408 0.001602
vt 0.505607 0.001602
vt 0.521804 0.006230
vt 0.524918 0.006230
vt 0.508010 0.001602
vt 0.507209 0.001602
vt 0.528033 0.006230
vt 0.531148 0.006230
vt 0.509612 0.001602
vt 0.508811 0.001602
vt 0.534263 0.006230
vt 0.537377 0.006230
vt 0.511215 0.001602
vt 0.510414 0.001602
vt 0.540492 0.006230
vt 0.543607 0.006230
vt 0.512817 0.001602
vt 0.512016 0.001602
vt 0.546722 0.006230
vt 0.549837 0.006230
vt 0.514419 0.001602
vt 0.513618 0.001602
vt 0.552951 0.006230
vt 0.556066 0.006230
vt 0.516021 0.001602
vt 0.515220 0.001602
vt 0.559181 0.006230
vt 0.562296 0.006230
vt 0.517623 0.001602
vt 0.516822 0.001602
vt 0.565411 0.006230
vt 0.568525 0.006230
vt 0.519225 0.001602
vt 0.518424 0.001602
vt 0.571640 0.006230
vt 0.574755 0.006230
vt 0.520827 0.001602
vt 0.520026 0.001602
vt 0.577870 0.006230
vt 0.580984 0.006230
vt 0.522429 0.001602
vt 0.521628 0.001602
vt 0.584099 0.006230
vt 0.587214 0.006230
vt 0.524031 0.001602
vt 0.523230 0.001602
vt 0.590329 0.006230
vt 0.593444 0.006230
vt 0.515931 0.000996
vt 0.523215 0.001501
vt 0.590091 0.005825
vt 0.522059 0.001379
vt 0.475969 0.998398
vt 0.500077 1.000001
vt 0.476770 0.998398
vt 0.478372 0.998398
vt 0.477571 0.998398
vt 0.406556 0.993770
vt 0.409671 0.993770
vt 0.412786 0.993770
vt 0.479173 0.998398
vt 0.498398 0.998398
vt 0.497597 0.998398
vt 0.419016 0.993770
vt 0.415901 0.993770
vt 0.516822 0.998398
vt 0.568525 0.993770
vt 0.565411 0.993770
vt 0.479974 0.998398
vt 0.480775 0.998398
vt 0.495995 0.998398
vt 0.487541 0.993770
vt 0.484426 0.993770
vt 0.425245 0.993770
vt 0.422130 0.993770
vt 0.481576 0.998398
vt 0.482377 0.998398
vt 0.496796 0.998398
vt 0.476785 0.998499
vt 0.409909 0.994175
vt 0.517623 0.998398
vt 0.431475 0.993770
vt 0.428360 0.993770
vt 0.483178 0.998398
vt 0.483979 0.998398
vt 0.437704 0.993770
vt 0.434589 0.993770
vt 0.515220 0.998398
vt 0.562296 0.993770
vt 0.559181 0.993770
vt 0.484780 0.998398
vt 0.485581 0.998398
vt 0.494393 0.998398
vt 0.481311 0.993770
vt 0.478197 0.993770
vt 0.443934 0.993770
vt 0.440819 0.993770
vt 0.516021 0.998398
vt 0.486382 0.998398
vt 0.487183 0.998398
vt 0.495194 0.998398
vt 0.450163 0.993770
vt 0.447049 0.993770
vt 0.513618 0.998398
vt 0.556066 0.993770
vt 0.552951 0.993770
vt 0.487985 0.998398
vt 0.488786 0.998398
vt 0.492791 0.998398
vt 0.475082 0.993770
vt 0.471967 0.993770
vt 0.456393 0.993770
vt 0.453278 0.993770
vt 0.514419 0.998398
vt 0.489587 0.998398
vt 0.490388 0.998398
vt 0.493592 0.998398
vt 0.462623 0.993770
vt 0.459508 0.993770
vt 0.512016 0.998398
vt 0.549837 0.993770
vt 0.546722 0.993770
vt 0.491189 0.998398
vt 0.491990 0.998398
vt 0.468852 0.993770
vt 0.465737 0.993770
vt 0.512817 0.998398
vt 0.510414 0.998398
vt 0.543607 0.993770
vt 0.540492 0.993770
vt 0.511215 0.998398
vt 0.508811 0.998398
vt 0.537377 0.993770
vt 0.534263 0.993770
vt 0.493770 0.993770
vt 0.490656 0.993770
vt 0.509613 0.998398
vt 0.499199 0.998398
vt 0.500000 0.998398
vt 0.500000 0.993770
vt 0.496885 0.993770
vt 0.507209 0.998398
vt 0.531148 0.993770
vt 0.528033 0.993770
vt 0.500801 0.998398
vt 0.501602 0.998398
vt 0.508010 0.998398
vt 0.506230 0.993770
vt 0.503115 0.993770
vt 0.502403 0.998398
vt 0.503204 0.998398
vt 0.505607 0.998398
vt 0.524918 0.993770
vt 0.521803 0.993770
vt 0.512459 0.993770
vt 0.509344 0.993770
vt 0.504005 0.998398
vt 0.504806 0.998398
vt 0.506408 0.998398
vt 0.518689 0.993770
vt 0.515574 0.993770
vt 0.523215 0.998499
vt 0.522059 0.998621
vt 0.590091 0.994175
vt 0.515931 0.999004
vt 0.523230 0.998398
vt 0.593444 0.993770
vt 0.590329 0.993770
vt 0.524031 0.998398
vt 0.521628 0.998398
vt 0.587214 0.993770
vt 0.584099 0.993770
vt 0.518424 0.998398
vt 0.519225 0.998398
vt 0.522429 0.998398
vt 0.574755 0.993770
vt 0.571640 0.993770
vt 0.520026 0.998398
vt 0.520827 0.998398
vt 0.580984 0.993770
vt 0.577870 0.993770
vt 0.484069 0.999004
vt 0.238971 0.983686
vt 0.247333 0.983156
vt 0.477941 0.998621
vt 0.744476 0.983051
vt 0.752668 0.983156
vt 0.255524 0.983051
vt 0.000000 0.968750
vt 0.105928 0.968520
vt 0.728177 0.983051
vt 0.736327 0.983051
vt 0.761029 0.983686
vt 0.711879 0.983051
vt 0.720028 0.983051
vt 0.695581 0.983051
vt 0.703730 0.983051
vt 0.679282 0.983051
vt 0.687431 0.983051
vt 0.662984 0.983051
vt 0.671133 0.983051
vt 0.646686 0.983051
vt 0.654835 0.983051
vt 0.630387 0.983051
vt 0.638536 0.983051
vt 0.614089 0.983051
vt 0.622238 0.983051
vt 0.597790 0.983051
vt 0.605940 0.983051
vt 0.581492 0.983051
vt 0.589641 0.983051
vt 0.565194 0.983051
vt 0.573343 0.983051
vt 0.548895 0.983051
vt 0.557044 0.983051
vt 0.532597 0.983051
vt 0.540746 0.983051
vt 0.516298 0.983051
vt 0.524448 0.983051
vt 0.500000 0.983051
vt 0.508149 0.983051
vt 0.483702 0.983051
vt 0.491851 0.983051
vt 0.467403 0.983051
vt 0.475552 0.983051
vt 0.451105 0.983051
vt 0.459254 0.983051
vt 0.434807 0.983051
vt 0.442956 0.983051
vt 0.418508 0.983051
vt 0.426657 0.983051
vt 0.402210 0.983051
vt 0.410359 0.983051
vt 0.385911 0.983051
vt 0.394061 0.983051
vt 0.369613 0.983051
vt 0.377762 0.983051
vt 0.353315 0.983051
vt 0.361464 0.983051
vt 0.337016 0.983051
vt 0.345165 0.983051
vt 0.320718 0.983051
vt 0.328867 0.983051
vt 0.304419 0.983051
vt 0.312569 0.983051
vt 0.288121 0.983051
vt 0.296270 0.983051
vt 0.271823 0.983051
vt 0.279972 0.983051
vt 0.263673 0.983051
vt 0.752668 0.016844
vt 0.761029 0.016314
vt 0.736327 0.016949
vt 0.744476 0.016949
vt 0.720028 0.016949
vt 0.728177 0.016949
vt 0.703730 0.016949
vt 0.711879 0.016949
vt 0.687431 0.016949
vt 0.695581 0.016949
vt 0.671133 0.016949
vt 0.679282 0.016949
vt 0.654835 0.016949
vt 0.662984 0.016949
vt 0.638536 0.016949
vt 0.646686 0.016949
vt 0.622238 0.016949
vt 0.630387 0.016949
vt 0.605940 0.016949
vt 0.614089 0.016949
vt 0.589641 0.016949
vt 0.597790 0.016949
vt 0.573343 0.016949
vt 0.581492 0.016949
vt 0.557044 0.016949
vt 0.565194 0.016949
vt 0.540746 0.016949
vt 0.548895 0.016949
vt 0.524448 0.016949
vt 0.532597 0.016949
vt 0.508149 0.016949
vt 0.516298 0.016949
vt 0.491851 0.016949
vt 0.500000 0.016949
vt 0.475552 0.016949
vt 0.483702 0.016949
vt 0.459254 0.016949
vt 0.467403 0.016949
vt 0.442956 0.016949
vt 0.451105 0.016949
vt 0.426657 0.016949
vt 0.434807 0.016949
vt 0.410359 0.016949
vt 0.418508 0.016949
vt 0.394061 0.016949
vt 0.402210 0.016949
vt 0.377762 0.016949
vt 0.385911 0.016949
vt 0.361464 0.016949
vt 0.369613 0.016949
vt 0.345165 0.016949
vt 0.353315 0.016949
vt 0.328867 0.016949
vt 0.337016 0.016949
vt 0.312569 0.016949
vt 0.320718 0.016949
vt 0.296270 0.016949
vt 0.304419 0.016949
vt 0.279972 0.016949
vt 0.288121 0.016949
vt 0.263673 0.016949
vt 0.271823 0.016949
vt 0.247333 0.016844
vt 0.255524 0.016949
vt 0.238971 0.016314
vt 1.000000 0.953125
vt 1.000000 0.921875
vt 1.000000 0.109375
vt 1.000000 0.890625
vt 1.000000 0.828125
vt 1.000000 0.765625
vt 1.000000 0.734375
vt 1.000000 0.265625
vt 1.000000 0.703125
vt 1.000000 0.296875
vt 1.000000 0.671875
vt 1.000000 0.640625
vt 1.000000 0.578125
vt 1.000000 0.421875
vt 1.000000 0.484375
vt 1.000000 0.515625
vt 1.000000 0.453125
vt 1.000000 0.546875
vt 1.000000 0.390625
vt 1.000000 0.609375
vt 1.000000 0.359375
vt 1.000000 0.328125
vt 1.000000 0.234375
vt 1.000000 0.203125
vt 1.000000 0.796875
vt 1.000000 0.171875
vt 1.000000 0.140625
vt 1.000000 0.859375
vt 1.000000 0.078125
vt 1.000000 0.046875
s 1
usemtl initialShadingGroup.002
f 961/1/1 3203/2/2 1325/3/3
f 3203/2/2 930/4/4 1569/5/5
f 3203/2/2 929/6/6 1316/7/7
f 2065/8/8 1823/9/9 3204/10/10
f 1827/11/11 1585/12/12 3205/13/13
f 36/14/14 3204/10/10 1823/9/9
f 5/15/15 3204/10/10 1822/16/16
f 3204/10/10 4/17/17 1822/16/16
f 2068/18/18 1826/19/19 3206/20/20
f 51/21/21 3205/13/13 1585/12/12
f 20/22/22 3205/13/13 1584/23/23
f 3205/13/13 19/24/24 1584/23/23
f 2312/25/25 2070/26/26 3207/27/27
f 44/28/28 3206/20/20 1826/19/19
f 13/29/29 3206/20/20 1825/30/30
f 3206/20/20 12/31/31 1825/30/30
f 2556/32/32 2314/33/33 3208/34/34
f 45/35/35 3207/27/27 2070/26/26
f 14/36/36 3207/27/27 2069/37/37
f 3207/27/27 13/29/29 2069/37/37
f 2800/38/38 2558/39/39 3209/40/40
f 46/41/41 3208/34/34 2314/33/33
f 15/42/42 3208/34/34 2313/43/43
f 3208/34/34 14/36/36 2313/43/43
f 1326/44/44 3004/45/45 3210/46/46
f 47/47/47 3209/40/40 2558/39/39
f 16/48/48 3209/40/40 2557/49/49
f 3209/40/40 15/42/42 2557/49/49
f 1339/50/50 1066/51/51 3211/52/52
f 968/53/53 3210/46/46 3004/45/45
f 937/54/54 3210/46/46 2997/55/55
f 3210/46/46 936/56/56 2997/55/55
f 1586/57/57 1344/58/58 3212/59/59
f 49/60/60 3211/52/52 1066/51/51
f 18/61/61 3211/52/52 1065/62/62
f 3211/52/52 17/63/63 1065/62/62
f 2562/64/64 2320/65/65 3213/66/66
f 58/67/67 3212/59/59 1344/58/58
f 27/68/68 3212/59/59 1343/69/69
f 3212/59/59 26/70/70 1343/69/69
f 2071/71/71 1829/72/72 3214/73/73
f 62/74/74 3213/66/66 2320/65/65
f 31/75/75 3213/66/66 2319/76/76
f 3213/66/66 30/77/77 2319/76/76
f 2315/78/78 2073/79/79 3215/80/80
f 52/81/81 3214/73/73 1829/72/72
f 21/82/82 3214/73/73 1828/83/83
f 3214/73/73 20/22/22 1828/83/83
f 2559/84/84 2317/85/85 3216/86/86
f 53/87/87 3215/80/80 2073/79/79
f 22/88/88 3215/80/80 2072/89/89
f 3215/80/80 21/82/82 2072/89/89
f 2803/90/90 2561/91/91 3217/92/92
f 54/93/93 3216/86/86 2317/85/85
f 23/94/94 3216/86/86 2316/95/95
f 3216/86/86 22/88/88 2316/95/95
f 2797/96/96 2555/97/97 3218/98/98
f 55/99/99 3217/92/92 2561/91/91
f 24/100/100 3217/92/92 2560/101/101
f 3217/92/92 23/94/94 2560/101/101
f 1571/102/102 1327/103/103 3219/104/104
f 39/105/105 3218/98/98 2555/97/97
f 8/106/106 3218/98/98 2554/107/107
f 3218/98/98 7/108/108 2554/107/107
f 1830/109/109 1588/110/110 3220/111/111
f 969/112/112 3219/104/104 1327/103/103
f 938/113/113 3219/104/104 1318/114/114
f 3219/104/104 937/54/54 1318/114/114
f 2793/115/115 2550/116/116 3221/117/117
f 59/118/118 3220/111/111 1588/110/110
f 28/119/119 3220/111/111 1587/120/120
f 3220/111/111 27/68/68 1587/120/120
f 1064/121/121 2802/122/122 3222/123/123
f 982/124/124 3221/117/117 2550/116/116
f 951/125/125 3221/117/117 2542/126/126
f 3221/117/117 950/127/127 2542/126/126
f 2318/128/128 2076/129/129 3223/130/130
f 48/131/131 3222/123/123 2802/122/122
f 17/63/63 3222/123/123 2801/132/132
f 3222/123/123 16/48/48 2801/132/132
f 1336/133/133 1063/134/134 3224/135/135
f 61/136/136 3223/130/130 2076/129/129
f 30/77/77 3223/130/130 2075/137/137
f 3223/130/130 29/138/138 2075/137/137
f 1061/139/139 2799/140/140 3225/141/141
f 41/142/142 3224/135/135 1063/134/134
f 10/143/143 3224/135/135 1062/144/144
f 3224/135/135 9/145/145 1062/144/144
f 1330/146/146 3008/147/147 3226/148/148
f 40/149/149 3225/141/141 2799/140/140
f 9/145/145 3225/141/141 2798/150/150
f 3225/141/141 8/106/106 2798/150/150
f 1575/151/151 1331/152/152 3227/153/153
f 984/154/154 3226/148/148 3008/147/147
f 953/155/155 3226/148/148 3001/156/156
f 3226/148/148 952/157/157 3001/156/156
f 1583/158/158 1341/159/159 3228/160/160
f 985/161/161 3227/153/153 1331/152/152
f 954/162/162 3227/153/153 1322/163/163
f 3227/153/153 953/155/155 1322/163/163
f 2063/164/164 1820/165/165 3229/166/166
f 50/167/167 3228/160/160 1341/159/159
f 19/24/24 3228/160/160 1340/168/168
f 3228/160/160 18/61/61 1340/168/168
f 2059/169/169 1816/170/170 3230/171/171
f 987/172/172 3229/166/166 1820/165/165
f 956/173/173 3229/166/166 1812/174/174
f 3229/166/166 955/175/175 1812/174/174
f 2301/176/176 2058/177/177 3231/178/178
f 971/179/179 3230/171/171 1816/170/170
f 940/180/180 3230/171/171 1808/181/181
f 3230/171/171 939/182/182 1808/181/181
f 2795/183/183 2552/184/184 3232/185/185
f 964/186/186 3231/178/178 2058/177/177
f 933/187/187 3231/178/178 2050/188/188
f 3231/178/178 932/189/189 2050/188/188
f 2545/190/190 2302/191/191 3233/192/192
f 990/193/193 3232/185/185 2552/184/184
f 959/194/194 3232/185/185 2544/195/195
f 3232/185/185 958/196/196 2544/195/195
f 1324/197/197 1332/198/198 3234/199/199
f 965/200/200 3233/192/192 2302/191/191
f 934/201/201 3233/192/192 2294/202/202
f 3233/192/192 933/187/187 2294/202/202
f 2996/203/203 2782/204/204 3235/205/205
f 1332/198/198 3009/206/206 3234/199/199
f 929/207/6 3234/199/199 1323/208/207
f 3234/199/199 960/209/208 1323/208/207
f 1811/210/209 1568/211/210 3236/212/211
f 935/213/212 3235/205/205 2782/204/204
f 904/214/213 3235/205/205 2774/215/214
f 3235/205/205 903/216/215 2774/215/214
f 2051/217/216 1808/181/181 3237/218/217
f 954/162/162 3236/212/211 1568/211/210
f 923/219/218 3236/212/211 1560/220/219
f 3236/212/211 922/221/220 1560/220/219
f 2081/222/221 1838/223/222 3238/224/223
f 939/182/182 3237/218/217 1808/181/181
f 908/225/224 3237/218/217 1800/226/225
f 3237/218/217 907/227/226 1800/226/225
f 2323/228/227 2080/229/228 3239/230/229
f 84/231/230 3238/224/223 1838/223/222
f 53/87/87 3238/224/223 1829/72/72
f 3238/224/223 52/81/81 1829/72/72
f 2569/232/231 2326/233/232 3240/234/233
f 77/235/234 3239/230/229 2080/229/228
f 46/41/41 3239/230/229 2070/26/26
f 3239/230/229 45/35/35 2070/26/26
f 2809/236/235 2568/237/236 3241/238/237
f 86/239/238 3240/234/233 2326/233/232
f 55/99/99 3240/234/233 2317/85/85
f 3240/234/233 54/93/93 2317/85/85
f 1565/240/239 1320/241/240 3242/242/241
f 79/243/242 3241/238/237 2568/237/236
f 48/131/131 3241/238/237 2558/39/39
f 3241/238/237 47/47/47 2558/39/39
f 1835/244/243 1592/245/244 3243/246/245
f 945/247/246 3242/242/241 1320/241/240
f 914/248/247 3242/242/241 1311/249/248
f 3242/242/241 913/250/249 1311/249/248
f 1593/251/250 1350/252/251 3244/253/252
f 75/254/253 3243/246/245 1592/245/244
f 44/28/28 3243/246/245 1582/255/254
f 3243/246/245 43/256/255 1582/255/254
f 1837/257/256 1594/258/257 3245/259/258
f 82/260/259 3244/253/252 1350/252/251
f 51/21/21 3244/253/252 1341/159/159
f 3244/253/252 50/167/167 1341/159/159
f 2077/261/260 1834/262/261 3246/263/262
f 83/264/263 3245/259/258 1594/258/257
f 52/81/81 3245/259/258 1585/12/12
f 3245/259/258 51/21/21 1585/12/12
f 2327/265/264 2084/266/265 3247/267/266
f 68/268/267 3246/263/262 1834/262/261
f 37/269/268 3246/263/262 1823/9/9
f 3246/263/262 36/14/14 1823/9/9
f 2565/270/269 2322/271/270 3248/272/271
f 93/273/272 3247/267/266 2084/266/265
f 62/74/74 3247/267/266 2076/129/129
f 3247/267/266 61/136/136 2076/129/129
f 2811/274/273 2570/275/274 3249/276/275
f 70/277/276 3248/272/271 2322/271/270
f 39/105/105 3248/272/271 2311/278/277
f 3248/272/271 38/279/278 2311/278/277
f 1074/280/279 2808/281/280 3250/282/281
f 87/283/282 3249/276/275 2570/275/274
f 56/284/283 3249/276/275 2561/91/91
f 3249/276/275 55/99/99 2561/91/91
f 1347/285/284 1075/286/285 3251/287/286
f 72/288/287 3250/282/281 2808/281/280
f 41/142/142 3250/282/281 2799/140/140
f 3250/282/281 40/149/149 2799/140/140
f 1321/289/288 3001/156/156 3252/290/289
f 73/291/290 3251/287/286 1075/286/285
f 42/292/291 3251/287/286 1063/134/134
f 3251/287/286 41/142/142 1063/134/134
f 1833/293/292 1590/294/293 3253/295/294
f 952/157/157 3252/290/289 3001/156/156
f 921/296/295 3252/290/289 2994/297/296
f 3252/290/289 920/298/297 2994/297/296
f 1839/299/298 1596/300/299 3254/301/300
f 67/302/301 3253/295/294 1590/294/293
f 36/14/14 3253/295/294 1579/303/302
f 3253/295/294 35/304/303 1579/303/302
f 1351/305/304 1079/306/305 3255/307/306
f 91/308/307 3254/301/300 1596/300/299
f 60/309/308 3254/301/300 1588/110/110
f 3254/301/300 59/118/118 1588/110/110
f 2781/310/309 2538/311/310 3256/312/311
f 89/313/312 3255/307/306 1079/306/305
f 58/67/67 3255/307/306 1069/314/313
f 3255/307/306 57/315/314 1069/314/313
f 3002/316/315 2788/317/316 3257/318/317
f 934/201/201 3256/312/311 2538/311/310
f 903/216/215 3256/312/311 2530/319/318
f 3256/312/311 902/320/319 2530/319/318
f 1815/321/320 1572/322/321 3258/323/322
f 959/194/194 3257/318/317 2788/317/316
f 928/324/323 3257/318/317 2780/325/324
f 3257/318/317 927/326/325 2780/325/324
f 2571/327/326 2328/328/327 3259/329/328
f 970/330/329 3258/323/322 1572/322/321
f 939/182/182 3258/323/322 1564/331/330
f 3258/323/322 938/113/113 1564/331/330
f 1561/332/331 1316/7/7 3260/333/332
f 94/334/333 3259/329/328 2328/328/327
f 63/335/334 3259/329/328 2320/65/65
f 3259/329/328 62/74/74 2320/65/65
f 2055/336/335 1812/174/174 3261/337/336
f 929/6/6 3260/333/332 1316/7/7
f 898/338/337 3260/333/332 1307/339/338
f 3260/333/332 897/340/339 1307/339/338
f 2299/341/340 2056/342/341 3262/343/342
f 955/175/175 3261/337/336 1812/174/174
f 924/344/343 3261/337/336 1804/345/344
f 3261/337/336 923/219/218 1804/345/344
f 2325/346/345 2082/347/346 3263/348/347
f 956/173/173 3262/343/342 2056/342/341
f 925/349/348 3262/343/342 2048/350/349
f 3262/343/342 924/344/343 2048/350/349
f 1567/351/350 1322/163/163 3264/352/351
f 85/353/352 3263/348/347 2082/347/346
f 54/93/93 3263/348/347 2073/79/79
f 3263/348/347 53/87/87 2073/79/79
f 2293/354/353 2050/188/188 3265/355/354
f 953/155/155 3264/352/351 1322/163/163
f 922/221/220 3264/352/351 1313/356/355
f 3264/352/351 921/296/295 1313/356/355
f 1315/357/356 1323/208/207 3266/358/357
f 932/189/189 3265/355/354 2050/188/188
f 901/359/358 3265/355/354 2042/360/359
f 3265/355/354 900/361/360 2042/360/359
f 1306/362/361 1314/363/362 3267/364/363
f 1323/208/207 3002/316/315 3266/358/357
f 897/365/339 3266/358/357 1314/363/362
f 3266/358/357 928/324/323 1314/363/362
f 1599/366/364 1356/367/365 3268/368/366
f 1314/363/362 2995/369/367 3267/364/363
f 865/370/368 3267/364/363 1305/371/369
f 3267/364/363 896/372/370 1305/371/369
f 2041/373/371 1798/374/372 3269/375/373
f 106/376/374 3268/368/366 1356/367/365
f 75/254/253 3268/368/366 1348/377/375
f 3268/368/366 74/378/376 1348/377/375
f 2285/379/377 2042/360/359 3270/380/378
f 899/381/379 3269/375/373 1798/374/372
f 868/382/380 3269/375/373 1790/383/381
f 3269/375/373 867/384/382 1790/383/381
f 2529/385/383 2286/386/384 3271/387/385
f 900/361/360 3270/380/378 2042/360/359
f 869/388/386 3270/380/378 2034/389/387
f 3270/380/378 868/382/380 2034/389/387
f 1085/390/388 2817/391/389 3272/392/390
f 901/359/358 3271/387/385 2286/386/384
f 870/393/391 3271/387/385 2278/394/392
f 3271/387/385 869/388/386 2278/394/392
f 2818/395/393 2578/396/394 3273/397/395
f 112/398/396 3272/392/390 2817/391/389
f 81/399/397 3272/392/390 2810/400/398
f 3272/392/390 80/401/399 2810/400/398
f 1555/402/400 1309/403/401 3274/404/402
f 119/405/403 3273/397/395 2578/396/394
f 88/406/404 3273/397/395 2570/275/274
f 3273/397/395 87/283/282 2570/275/274
f 1359/407/405 1088/408/406 3275/409/407
f 905/410/408 3274/404/402 1309/403/401
f 874/411/409 3274/404/402 1300/412/410
f 3274/404/402 873/413/411 1300/412/410
f 1843/414/412 1600/415/413 3276/416/414
f 121/417/415 3275/409/407 1088/408/406
f 90/418/416 3275/409/407 1079/306/305
f 3275/409/407 89/313/312 1079/306/305
f 1847/419/417 1604/420/418 3277/421/419
f 107/422/420 3276/416/414 1600/415/413
f 76/423/421 3276/416/414 1592/245/244
f 3276/416/414 75/254/253 1592/245/244
f 2091/424/422 1848/425/423 3278/426/424
f 123/427/425 3277/421/419 1604/420/418
f 92/428/426 3277/421/419 1596/300/299
f 3277/421/419 91/308/307 1596/300/299
f 2335/429/427 2092/430/428 3279/431/429
f 124/432/430 3278/426/424 1848/425/423
f 93/273/272 3278/426/424 1840/433/431
f 3278/426/424 92/428/426 1840/433/431
f 2775/434/432 2532/435/433 3280/436/434
f 125/437/435 3279/431/429 2092/430/428
f 94/334/333 3279/431/429 2084/266/265
f 3279/431/429 93/273/272 2084/266/265
f 2995/369/367 2780/325/324 3281/438/436
f 910/439/437 3280/436/434 2532/435/433
f 879/440/438 3280/436/434 2524/441/439
f 3280/436/434 878/442/440 2524/441/439
f 1310/443/441 2992/444/442 3282/445/443
f 927/326/325 3281/438/436 2780/325/324
f 896/372/370 3281/438/436 2772/446/444
f 3281/438/436 895/447/445 2772/446/444
f 1557/448/446 1311/249/248 3283/449/447
f 912/450/448 3282/445/443 2992/444/442
f 881/451/449 3282/445/443 2985/452/450
f 3282/445/443 880/453/451 2985/452/450
f 1357/454/452 1086/455/453 3284/456/454
f 913/250/249 3283/449/447 1311/249/248
f 882/457/455 3283/449/447 1302/458/456
f 3283/449/447 881/451/449 1302/458/456
f 2331/459/457 2088/460/458 3285/461/459
f 113/462/460 3284/456/454 1086/455/453
f 82/260/259 3284/456/454 1077/463/461
f 3284/456/454 81/399/397 1077/463/461
f 2087/464/462 1844/465/463 3286/466/464
f 109/467/465 3285/461/459 2088/460/458
f 78/468/466 3285/461/459 2080/229/228
f 3285/461/459 77/235/234 2080/229/228
f 2531/469/467 2288/470/468 3287/471/469
f 108/472/470 3286/466/464 1844/465/463
f 77/235/234 3286/466/464 1836/473/471
f 3286/466/464 76/423/421 1836/473/471
f 2820/474/472 2580/475/473 3288/476/474
f 909/477/475 3287/471/469 2288/470/468
f 878/442/440 3287/471/469 2280/478/476
f 3287/471/469 877/479/477 2280/478/476
f 1353/480/478 1082/481/479 3289/482/480
f 127/483/481 3288/476/474 2580/475/473
f 96/484/482 3288/476/474 2572/485/483
f 3288/476/474 95/486/484 2572/485/483
f 1559/487/485 1313/356/355 3290/488/486
f 97/489/487 3289/482/480 1082/481/479
f 66/490/488 3289/482/480 1073/491/489
f 3289/482/480 65/492/490 1073/491/489
f 1553/493/491 1307/339/338 3291/494/492
f 921/296/295 3290/488/486 1313/356/355
f 890/495/493 3290/488/486 1304/496/494
f 3290/488/486 889/497/495 1304/496/494
f 2533/498/496 2290/499/497 3292/500/498
f 897/340/339 3291/494/492 1307/339/338
f 866/501/499 3291/494/492 1298/502/500
f 3291/494/492 865/503/368 1298/502/500
f 1845/504/501 1602/505/502 3293/506/503
f 917/507/504 3292/500/498 2290/499/497
f 886/508/505 3292/500/498 2282/509/506
f 3292/500/498 885/510/507 2282/509/506
f 2287/511/508 2044/512/509 3294/513/510
f 115/514/511 3293/506/503 1602/505/502
f 84/231/230 3293/506/503 1594/258/257
f 3293/506/503 83/264/263 1594/258/257
f 2333/515/512 2090/516/513 3295/517/514
f 908/225/224 3294/513/510 2044/512/509
f 877/479/477 3294/513/510 2036/518/515
f 3294/513/510 876/519/516 2036/518/515
f 2575/520/517 2332/521/518 3296/522/519
f 117/523/520 3295/517/514 2090/516/513
f 86/239/238 3295/517/514 2082/347/346
f 3295/517/514 85/353/352 2082/347/346
f 2991/524/521 2776/525/522 3297/526/523
f 110/527/524 3296/522/519 2332/521/518
f 79/243/242 3296/522/519 2324/528/525
f 3296/522/519 78/468/466 2324/528/525
f 1087/529/526 2819/530/527 3298/531/528
f 911/532/529 3297/526/523 2776/525/522
f 880/453/451 3297/526/523 2768/533/530
f 3297/526/523 879/440/438 2768/533/530
f 2583/534/531 2340/535/532 3299/536/533
f 120/537/534 3298/531/528 2819/530/527
f 89/313/312 3298/531/528 2812/538/535
f 3298/531/528 88/406/404 2812/538/535
f 1607/539/536 1364/540/537 3300/541/538
f 142/542/539 3299/536/533 2340/535/532
f 111/543/540 3299/536/533 2332/521/518
f 3299/536/533 110/527/524 2332/521/518
f 2033/544/541 1790/383/381 3301/545/542
f 138/546/543 3300/541/538 1364/540/537
f 107/422/420 3300/541/538 1356/367/365
f 3300/541/538 106/376/374 1356/367/365
f 2277/547/544 2034/389/387 3302/548/545
f 867/384/382 3301/545/542 1790/383/381
f 836/549/546 3301/545/542 1782/550/547
f 3301/545/542 835/551/548 1782/550/547
f 2587/552/549 2344/553/550 3303/554/551
f 868/382/380 3302/548/545 2034/389/387
f 837/555/552 3302/548/545 2026/556/553
f 3302/548/545 836/549/546 2026/556/553
f 2765/557/554 2522/558/555 3304/559/556
f 158/560/557 3303/554/551 2344/553/550
f 127/483/481 3303/554/551 2336/561/558
f 3303/554/551 126/562/559 2336/561/558
f 2982/563/560 2766/564/561 3305/565/562
f 870/393/391 3304/559/556 2522/558/555
f 839/566/563 3304/559/556 2514/567/564
f 3304/559/556 838/568/565 2514/567/564
f 2821/569/566 2582/570/567 3306/571/568
f 871/572/569 3305/565/562 2766/564/561
f 840/573/570 3305/565/562 2758/574/571
f 3305/565/562 839/566/563 2758/574/571
f 1547/575/572 1300/412/410 3307/576/573
f 135/577/574 3306/571/568 2582/570/567
f 104/578/575 3306/571/568 2574/579/576
f 3306/571/568 103/580/577 2574/579/576
f 1094/581/578 2824/582/579 3308/583/580
f 873/413/411 3307/576/573 1300/412/410
f 842/584/581 3307/576/573 1291/585/582
f 3307/576/573 841/586/583 1291/585/582
f 2581/587/584 2338/588/585 3309/589/586
f 144/590/587 3308/583/580 2824/582/579
f 113/462/460 3308/583/580 2817/391/389
f 3308/583/580 112/398/396 2817/391/389
f 1611/591/588 1368/592/589 3310/593/590
f 134/594/591 3309/589/586 2338/588/585
f 103/580/577 3309/589/586 2330/595/592
f 3309/589/586 102/596/593 2330/595/592
f 2523/597/594 2280/478/476 3311/598/595
f 154/599/596 3310/593/590 1368/592/589
f 123/427/425 3310/593/590 1360/600/597
f 3310/593/590 122/601/598 1360/600/597
f 2767/602/599 2524/441/439 3312/603/600
f 877/479/477 3311/598/595 2280/478/476
f 846/604/601 3311/598/595 2272/605/602
f 3311/598/595 845/606/603 2272/605/602
f 2984/607/604 2768/533/530 3313/608/605
f 878/442/440 3312/603/600 2524/441/439
f 847/609/606 3312/603/600 2516/610/607
f 3312/603/600 846/604/601 2516/610/607
f 1301/611/608 2985/452/450 3314/612/609
f 879/440/438 3313/608/605 2768/533/530
f 848/613/610 3313/608/605 2760/614/611
f 3313/608/605 847/609/606 2760/614/611
f 1549/615/612 1302/458/456 3315/616/613
f 880/453/451 3314/612/609 2985/452/450
f 849/617/614 3314/612/609 2978/618/615
f 3314/612/609 848/613/610 2978/618/615
f 1793/619/616 1550/620/617 3316/621/618
f 881/451/449 3315/616/613 1302/458/456
f 850/622/619 3315/616/613 1293/623/620
f 3315/616/613 849/617/614 1293/623/620
f 2988/624/621 2772/446/444 3317/625/622
f 882/457/455 3316/621/618 1550/620/617
f 851/626/623 3316/621/618 1542/627/624
f 3316/621/618 850/622/619 1542/627/624
f 2095/628/625 1852/629/626 3318/630/627
f 895/447/445 3317/625/622 2772/446/444
f 864/631/628 3317/625/622 2764/632/629
f 3317/625/622 863/633/630 2764/632/629
f 2525/634/631 2282/509/506 3319/635/632
f 140/636/633 3318/630/627 1852/629/626
f 109/467/465 3318/630/627 1844/465/463
f 3318/630/627 108/472/470 1844/465/463
f 2769/637/634 2526/638/635 3320/639/636
f 885/510/507 3319/635/632 2282/509/506
f 854/640/637 3319/635/632 2274/641/638
f 3319/635/632 853/642/639 2274/641/638
f 1096/643/640 2826/644/641 3321/645/642
f 886/508/505 3320/639/636 2526/638/635
f 855/646/643 3320/639/636 2518/647/644
f 3320/639/636 854/640/637 2518/647/644
f 2986/648/645 2770/649/646 3322/650/647
f 152/651/648 3321/645/642 2826/644/641
f 121/417/415 3321/645/642 2819/530/527
f 3321/645/642 120/537/534 2819/530/527
f 2035/652/649 1792/653/650 3323/654/651
f 887/655/652 3322/650/647 2770/649/646
f 856/656/653 3322/650/647 2762/657/654
f 3322/650/647 855/646/643 2762/657/654
f 1795/658/655 1552/659/656 3324/660/657
f 875/661/658 3323/654/651 1792/653/650
f 844/662/659 3323/654/651 1784/663/660
f 3323/654/651 843/664/661 1784/663/660
f 2099/665/662 1856/666/663 3325/667/664
f 890/495/493 3324/660/657 1552/659/656
f 859/668/665 3324/660/657 1544/669/666
f 3324/660/657 858/670/667 1544/669/666
f 2283/671/668 2040/672/669 3326/673/670
f 156/674/671 3325/667/664 1856/666/663
f 125/437/435 3325/667/664 1848/425/423
f 3325/667/664 124/432/430 1848/425/423
f 2039/675/672 1796/676/673 3327/677/674
f 892/678/675 3326/673/670 2040/672/669
f 861/679/676 3326/673/670 2032/680/677
f 3326/673/670 860/681/678 2032/680/677
f 2771/682/679 2528/683/680 3328/684/681
f 891/685/682 3327/677/674 1796/676/673
f 860/681/678 3327/677/674 1788/686/683
f 3327/677/674 859/668/665 1788/686/683
f 2527/687/684 2284/688/685 3329/689/686
f 894/690/687 3328/684/681 2528/683/680
f 863/633/630 3328/684/681 2520/691/688
f 3328/684/681 862/692/689 2520/691/688
f 1297/693/690 1305/371/369 3330/694/691
f 893/695/692 3329/689/686 2284/688/685
f 862/692/689 3329/689/686 2276/696/693
f 3329/689/686 861/679/676 2276/696/693
f 2975/697/694 2758/574/571 3331/698/695
f 1305/371/369 2988/624/621 3330/694/691
f 833/699/696 3330/694/691 1296/700/697
f 3330/694/691 864/631/628 1296/700/697
f 2351/701/698 2108/702/699 3332/703/700
f 839/566/563 3331/698/695 2758/574/571
f 808/704/701 3331/698/695 2750/705/702
f 3331/698/695 807/706/703 2750/705/702
f 2025/707/704 1782/550/547 3333/708/705
f 189/709/706 3332/703/700 2108/702/699
f 158/560/557 3332/703/700 2100/710/707
f 3332/703/700 157/711/708 2100/710/707
f 2517/712/709 2274/641/638 3334/713/710
f 835/551/548 3333/708/705 1782/550/547
f 804/714/711 3333/708/705 1774/715/712
f 3333/708/705 803/716/713 1774/715/712
f 2513/717/714 2270/718/715 3335/719/716
f 853/642/639 3334/713/710 2274/641/638
f 822/720/717 3334/713/710 2266/721/718
f 3334/713/710 821/722/719 2266/721/718
f 2757/723/720 2514/567/564 3336/724/721
f 837/555/552 3335/719/716 2270/718/715
f 806/725/722 3335/719/716 2262/726/723
f 3335/719/716 805/727/724 2262/726/723
f 1290/728/725 2976/729/726 3337/730/727
f 838/568/565 3336/724/721 2514/567/564
f 807/706/703 3336/724/721 2506/731/728
f 3336/724/721 806/725/722 2506/731/728
f 1541/732/729 1293/623/620 3338/733/730
f 840/573/570 3337/730/727 2976/729/726
f 809/734/731 3337/730/727 2969/735/732
f 3337/730/727 808/704/701 2969/735/732
f 2515/736/733 2272/605/602 3339/737/734
f 849/617/614 3338/733/730 1293/623/620
f 818/738/735 3338/733/730 1284/739/736
f 3338/733/730 817/740/737 1284/739/736
f 1613/741/738 1370/742/739 3340/743/740
f 845/606/603 3339/737/734 2272/605/602
f 814/744/741 3339/737/734 2264/745/742
f 3339/737/734 813/746/743 2264/745/742
f 2027/747/744 1784/663/660 3341/748/745
f 162/749/746 3340/743/740 1370/742/739
f 131/750/747 3340/743/740 1362/751/748
f 3340/743/740 130/752/749 1362/751/748
f 2271/753/750 2028/754/751 3342/755/752
f 843/664/661 3341/748/745 1784/663/660
f 812/756/753 3341/748/745 1776/757/754
f 3341/748/745 811/758/755 1776/757/754
f 1537/759/756 1289/760/757 3343/761/758
f 844/662/659 3342/755/752 2028/754/751
f 813/746/743 3342/755/752 2020/762/759
f 3342/755/752 812/756/753 2020/762/759
f 2759/763/760 2516/610/607 3344/764/761
f 833/765/696 3343/761/758 1289/760/757
f 802/766/762 3343/761/758 1280/767/763
f 3343/761/758 801/768/764 1280/767/763
f 2977/769/765 2760/614/611 3345/770/766
f 846/604/601 3344/764/761 2516/610/607
f 815/771/767 3344/764/761 2508/772/768
f 3344/764/761 814/744/741 2508/772/768
f 1292/773/769 2978/618/615 3346/774/770
f 847/609/606 3345/770/766 2760/614/611
f 816/775/771 3345/770/766 2752/776/772
f 3345/770/766 815/771/767 2752/776/772
f 2834/777/773 2596/778/774 3347/779/775
f 848/613/610 3346/774/770 2978/618/615
f 817/740/737 3346/774/770 2971/780/776
f 3346/774/770 816/775/771 2971/780/776
f 2275/781/777 2032/680/677 3348/782/778
f 191/783/779 3347/779/775 2596/778/774
f 160/784/780 3347/779/775 2588/785/781
f 3347/779/775 159/786/782 2588/785/781
f 2029/787/783 1786/788/784 3349/789/785
f 860/681/678 3348/782/778 2032/680/677
f 829/790/786 3348/782/778 2024/791/787
f 3348/782/778 828/792/788 2024/791/787
f 2273/793/789 2030/794/790 3350/795/791
f 851/626/623 3349/789/785 1786/788/784
f 820/796/792 3349/789/785 1778/797/793
f 3349/789/785 819/798/794 1778/797/793
f 2093/799/795 1850/800/796 3351/801/797
f 852/802/798 3350/795/791 2030/794/790
f 821/722/719 3350/795/791 2022/803/799
f 3350/795/791 820/796/792 2022/803/799
f 2761/804/800 2518/647/644 3352/805/801
f 132/806/802 3351/801/797 1850/800/796
f 101/807/803 3351/801/797 1842/808/804
f 3351/801/797 100/809/805 1842/808/804
f 2979/810/806 2762/657/654 3353/811/807
f 854/640/637 3352/805/801 2518/647/644
f 823/812/808 3352/805/801 2510/813/809
f 3352/805/801 822/720/717 2510/813/809
f 1783/814/810 1540/815/811 3354/816/812
f 855/646/643 3353/811/807 2762/657/654
f 824/817/813 3353/811/807 2754/818/814
f 3353/811/807 823/812/808 2754/818/814
f 1543/819/815 1295/820/816 3355/821/817
f 842/584/581 3354/816/812 1540/815/811
f 811/758/755 3354/816/812 1532/822/818
f 3354/816/812 810/823/819 1532/822/818
f 2591/824/820 2348/825/821 3356/826/822
f 857/827/823 3355/821/817 1295/820/816
f 826/828/824 3355/821/817 1286/829/825
f 3355/821/817 825/830/826 1286/829/825
f 1861/831/827 1618/832/828 3357/833/829
f 174/834/830 3356/826/822 2348/825/821
f 143/835/831 3356/826/822 2340/535/532
f 3356/826/822 142/542/539 2340/535/532
f 2031/836/832 1788/686/683 3358/837/833
f 179/838/834 3357/833/829 1618/832/828
f 148/839/835 3357/833/829 1610/840/836
f 3357/833/829 147/841/837 1610/840/836
f 2519/842/838 2276/696/693 3359/843/839
f 859/668/665 3358/837/833 1788/686/683
f 828/792/788 3358/837/833 1780/844/840
f 3358/837/833 827/845/841 1780/844/840
f 2763/846/842 2520/691/688 3360/847/843
f 861/679/676 3359/843/839 2276/696/693
f 830/848/844 3359/843/839 2268/849/845
f 3359/843/839 829/790/786 2268/849/845
f 2981/850/846 2764/632/629 3361/851/847
f 862/692/689 3360/847/843 2520/691/688
f 831/852/848 3360/847/843 2512/853/849
f 3360/847/843 830/848/844 2512/853/849
f 1103/854/850 2831/855/851 3362/856/852
f 863/633/630 3361/851/847 2764/632/629
f 832/857/853 3361/851/847 2756/858/854
f 3361/851/847 831/852/848 2756/858/854
f 2841/859/855 2604/860/856 3363/861/857
f 176/862/858 3362/856/852 2831/855/851
f 145/863/859 3362/856/852 2824/582/579
f 3362/856/852 144/590/587 2824/582/579
f 1773/864/860 1530/865/861 3364/866/862
f 223/867/863 3363/861/857 2604/860/856
f 192/868/864 3363/861/857 2596/778/774
f 3363/861/857 191/783/779 2596/778/774
f 2755/869/865 2512/853/849 3365/870/866
f 802/766/762 3364/866/862 1530/865/861
f 771/871/867 3364/866/862 1522/872/868
f 3364/866/862 770/873/869 1522/872/868
f 1535/874/870 1286/829/825 3366/875/871
f 830/848/844 3365/870/866 2512/853/849
f 799/876/872 3365/870/866 2504/877/873
f 3365/870/866 798/878/874 2504/877/873
f 2505/879/875 2262/726/723 3367/880/876
f 825/830/826 3366/875/871 1286/829/825
f 794/881/877 3366/875/871 1277/882/878
f 3366/875/871 793/883/879 1277/882/878
f 2603/884/880 2360/885/881 3368/886/882
f 805/727/724 3367/880/876 2262/726/723
f 774/887/883 3367/880/876 2254/888/884
f 3367/880/876 773/889/885 2254/888/884
f 2021/890/886 1778/797/793 3369/891/887
f 222/892/888 3368/886/882 2360/885/881
f 191/783/779 3368/886/882 2352/893/889
f 3368/886/882 190/894/890 2352/893/889
f 1281/895/891 2969/735/732 3370/896/892
f 819/798/794 3369/891/887 1778/797/793
f 788/897/893 3369/891/887 1770/898/894
f 3369/891/887 787/899/895 1770/898/894
f 2115/900/896 1872/901/897 3371/902/898
f 808/704/701 3370/896/892 2969/735/732
f 777/903/899 3370/896/892 2962/904/900
f 3370/896/892 776/905/901 2962/904/900
f 1775/906/902 1532/822/818 3372/907/903
f 220/908/904 3371/902/898 1872/901/897
f 189/709/706 3371/902/898 1864/909/905
f 3371/902/898 188/910/906 1864/909/905
f 2019/911/907 1776/757/754 3373/912/908
f 810/823/819 3372/907/903 1532/822/818
f 779/913/909 3372/907/903 1524/914/910
f 3372/907/903 778/915/911 1524/914/910
f 2263/916/912 2020/762/759 3374/917/913
f 811/758/755 3373/912/908 1776/757/754
f 780/918/914 3373/912/908 1768/919/915
f 3373/912/908 779/913/909 1768/919/915
f 2507/920/916 2264/745/742 3375/921/917
f 812/756/753 3374/917/913 2020/762/759
f 781/922/918 3374/917/913 2012/923/919
f 3374/917/913 780/918/914 2012/923/919
f 2751/924/920 2508/772/768 3376/925/921
f 813/746/743 3375/921/917 2264/745/742
f 782/926/922 3375/921/917 2256/927/923
f 3375/921/917 781/922/918 2256/927/923
f 2970/928/924 2752/776/772 3377/929/925
f 814/744/741 3376/925/921 2508/772/768
f 783/930/926 3376/925/921 2500/931/927
f 3376/925/921 782/926/922 2500/931/927
f 1625/932/928 1382/933/929 3378/934/930
f 815/771/767 3377/929/925 2752/776/772
f 784/935/931 3377/929/925 2744/936/932
f 3377/929/925 783/930/926 2744/936/932
f 2837/937/933 2600/938/934 3379/939/935
f 210/940/936 3378/934/930 1382/933/929
f 179/838/834 3378/934/930 1374/941/937
f 3378/934/930 178/942/938 1374/941/937
f 2265/943/939 2022/803/799 3380/944/940
f 207/945/941 3379/939/935 2600/938/934
f 176/862/858 3379/939/935 2592/946/942
f 3379/939/935 175/947/943 2592/946/942
f 2968/948/944 2750/705/702 3381/949/945
f 820/796/792 3380/944/940 2022/803/799
f 789/950/946 3380/944/940 2014/951/947
f 3380/944/940 788/897/893 2014/951/947
f 2599/952/948 2356/953/949 3382/954/950
f 807/706/703 3381/949/945 2750/705/702
f 776/905/901 3381/949/945 2742/955/951
f 3381/949/945 775/956/952 2742/955/951
f 1531/957/953 1282/958/954 3383/959/955
f 206/960/956 3382/954/950 2356/953/949
f 175/947/943 3382/954/950 2348/825/821
f 3382/954/950 174/834/830 2348/825/821
f 2593/961/957 2350/962/958 3384/963/959
f 809/734/731 3383/959/955 1282/958/954
f 778/915/911 3383/959/955 1273/964/960
f 3383/959/955 777/903/899 1273/964/960
f 2972/965/961 2754/818/814 3385/966/962
f 182/967/963 3384/963/959 2350/962/958
f 151/968/964 3384/963/959 2342/969/965
f 3384/963/959 150/970/966 2342/969/965
f 2753/971/967 2510/813/809 3386/972/968
f 823/812/808 3385/966/962 2754/818/814
f 792/973/969 3385/966/962 2746/974/970
f 3385/966/962 791/975/971 2746/974/970
f 2839/976/972 2602/977/973 3387/978/974
f 822/720/717 3386/972/968 2510/813/809
f 791/975/971 3386/972/968 2502/979/975
f 3386/972/968 790/980/976 2502/979/975
f 1777/981/977 1534/982/978 3388/983/979
f 215/984/980 3387/978/974 2602/977/973
f 184/985/981 3387/978/974 2594/986/982
f 3387/978/974 183/987/983 2594/986/982
f 2023/988/984 1780/844/840 3389/989/985
f 818/738/735 3388/983/979 1534/982/978
f 787/899/895 3388/983/979 1526/990/986
f 3388/983/979 786/991/987 1526/990/986
f 2267/992/988 2024/791/787 3390/993/989
f 827/845/841 3389/989/985 1780/844/840
f 796/994/990 3389/989/985 1772/995/991
f 3389/989/985 795/996/992 1772/995/991
f 2509/997/993 2266/721/718 3391/998/994
f 828/792/788 3390/993/989 2024/791/787
f 797/999/995 3390/993/989 2016/1000/996
f 3390/993/989 796/994/990 2016/1000/996
f 2749/1001/997 2506/731/728 3392/1002/998
f 821/722/719 3391/998/994 2266/721/718
f 790/980/976 3391/998/994 2258/1003/999
f 3391/998/994 789/950/946 2258/1003/999
f 2974/1004/1000 2756/858/854 3393/1005/1001
f 806/725/722 3392/1002/998 2506/731/728
f 775/956/952 3392/1002/998 2498/1006/1002
f 3392/1002/998 774/887/883 2498/1006/1002
f 1279/1007/1003 1287/1008/1004 3394/1009/1005
f 831/852/848 3393/1005/1001 2756/858/854
f 800/1010/1006 3393/1005/1001 2748/1011/1007
f 3393/1005/1001 799/876/872 2748/1011/1007
f 2259/1012/1008 2016/1000/996 3395/1013/1009
f 1287/1008/1004 2974/1004/1000 3394/1009/1005
f 769/1014/1010 3394/1009/1005 1278/1015/1011
f 3394/1009/1005 800/1010/1006 1278/1015/1011
f 1765/1016/1012 1522/872/868 3396/1017/1013
f 796/994/990 3395/1013/1009 2016/1000/996
f 765/1018/1014 3395/1013/1009 2008/1019/1015
f 3395/1013/1009 764/1020/1016 2008/1019/1015
f 2009/1021/1017 1766/1022/1018 3397/1023/1019
f 770/873/869 3396/1017/1013 1522/872/868
f 739/1024/1020 3396/1017/1013 1514/1025/1021
f 3396/1017/1013 738/1026/1022 1514/1025/1021
f 1270/1027/1023 1278/1015/1011 3398/1028/1024
f 771/871/867 3397/1023/1019 1766/1022/1018
f 740/1029/1025 3397/1023/1019 1758/1030/1026
f 3397/1023/1019 739/1024/1020 1758/1030/1026
f 2497/1031/1027 2254/888/884 3399/1032/1028
f 1278/1015/1011 2967/1033/1029 3398/1028/1024
f 737/1034/1030 3398/1028/1024 1269/1035/1031
f 3398/1028/1024 768/1036/1032 1269/1035/1031
f 2741/1037/1033 2498/1006/1002 3400/1038/1034
f 773/889/885 3399/1032/1028 2254/888/884
f 742/1039/1035 3399/1032/1028 2246/1040/1036
f 3399/1032/1028 741/1041/1037 2246/1040/1036
f 2965/1042/1038 2746/974/970 3401/1043/1039
f 774/887/883 3400/1038/1034 2498/1006/1002
f 743/1044/1040 3400/1038/1034 2490/1045/1041
f 3400/1038/1034 742/1039/1035 2490/1045/1041
f 1879/1046/1042 1636/1047/1043 3402/1048/1044
f 791/975/971 3401/1043/1039 2746/974/970
f 760/1049/1045 3401/1043/1039 2738/1050/1046
f 3401/1043/1039 759/1051/1047 2738/1050/1046
f 1274/1052/1048 2964/1053/1049 3403/1054/1050
f 251/1055/1051 3402/1048/1044 1636/1047/1043
f 220/908/904 3402/1048/1044 1628/1056/1052
f 3402/1048/1044 219/1057/1053 1628/1056/1052
f 1767/1058/1054 1524/914/910 3404/1059/1055
f 784/935/931 3403/1054/1050 2964/1053/1049
f 753/1060/1056 3403/1054/1050 2957/1061/1057
f 3403/1054/1050 752/1062/1058 2957/1061/1057
f 2011/1063/1059 1768/919/915 3405/1064/1060
f 778/915/911 3404/1059/1055 1524/914/910
f 747/1065/1061 3404/1059/1055 1516/1066/1062
f 3404/1059/1055 746/1067/1063 1516/1066/1062
f 2255/1068/1064 2012/923/919 3406/1069/1065
f 779/913/909 3405/1064/1060 1768/919/915
f 748/1070/1066 3405/1064/1060 1760/1071/1067
f 3405/1064/1060 747/1065/1061 1760/1071/1067
f 2499/1072/1068 2256/927/923 3407/1073/1069
f 780/918/914 3406/1069/1065 2012/923/919
f 749/1074/1070 3406/1069/1065 2004/1075/1071
f 3406/1069/1065 748/1070/1066 2004/1075/1071
f 1523/1076/1072 1273/964/960 3408/1077/1073
f 781/922/918 3407/1073/1069 2256/927/923
f 750/1078/1074 3407/1073/1069 2248/1079/1075
f 3407/1073/1069 749/1074/1070 2248/1079/1075
f 2963/1080/1076 2744/936/932 3409/1081/1077
f 777/903/899 3408/1077/1073 1273/964/960
f 746/1067/1063 3408/1077/1073 1264/1082/1078
f 3408/1077/1073 745/1083/1079 1264/1082/1078
f 1875/1084/1080 1632/1085/1081 3410/1086/1082
f 783/930/926 3409/1081/1077 2744/936/932
f 752/1062/1058 3409/1081/1077 2736/1087/1083
f 3409/1081/1077 751/1088/1084 2736/1087/1083
f 1525/1089/1085 1275/1090/1086 3411/1091/1087
f 235/1092/1088 3410/1086/1082 1632/1085/1081
f 204/1093/1089 3410/1086/1082 1624/1094/1090
f 3410/1086/1082 203/1095/1091 1624/1094/1090
f 1769/1096/1092 1526/990/986 3412/1097/1093
f 785/1098/1094 3411/1091/1087 1275/1090/1086
f 754/1099/1095 3411/1091/1087 1266/1100/1096
f 3411/1091/1087 753/1060/1056 1266/1100/1096
f 2013/1101/1097 1770/898/894 3413/1102/1098
f 786/991/987 3412/1097/1093 1526/990/986
f 755/1103/1099 3412/1097/1093 1518/1104/1100
f 3412/1097/1093 754/1099/1095 1518/1104/1100
f 1276/1105/1101 2966/1106/1102 3414/1107/1103
f 787/899/895 3413/1102/1098 1770/898/894
f 756/1108/1104 3413/1102/1098 1762/1109/1105
f 3413/1102/1098 755/1103/1099 1762/1109/1105
f 2253/1110/1106 2010/1111/1107 3415/1112/1108
f 792/973/969 3414/1107/1103 2966/1106/1102
f 761/1113/1109 3414/1107/1103 2959/1114/1110
f 3414/1107/1103 760/1049/1045 2959/1114/1110
f 2745/1115/1111 2502/979/975 3416/1116/1112
f 772/1117/1113 3415/1112/1108 2010/1111/1107
f 741/1041/1037 3415/1112/1108 2002/1118/1114
f 3415/1112/1108 740/1029/1025 2002/1118/1114
f 2848/1119/1115 2612/1120/1116 3417/1121/1117
f 790/980/976 3416/1116/1112 2502/979/975
f 759/1051/1047 3416/1116/1112 2494/1122/1118
f 3416/1116/1112 758/1123/1119 2494/1122/1118
f 2367/1124/1120 2124/1125/1121 3418/1126/1122
f 255/1127/1123 3417/1121/1117 2612/1120/1116
f 224/1128/1124 3417/1121/1117 2604/860/856
f 3417/1121/1117 223/867/863 2604/860/856
f 1527/1129/1125 1277/882/878 3419/1130/1126
f 253/1131/1127 3418/1126/1122 2124/1125/1121
f 222/892/888 3418/1126/1122 2116/1132/1128
f 3418/1126/1122 221/1133/1129 2116/1132/1128
f 2609/1134/1130 2366/1135/1131 3420/1136/1132
f 793/883/879 3419/1130/1126 1277/882/878
f 762/1137/1133 3419/1130/1126 1268/1138/1134
f 3419/1130/1126 761/1113/1109 1268/1138/1134
f 2123/1139/1135 1880/1140/1136 3421/1141/1137
f 246/1142/1138 3420/1136/1132 2366/1135/1131
f 215/984/980 3420/1136/1132 2358/1143/1139
f 3420/1136/1132 214/1144/1140 2358/1143/1139
f 1521/1145/1141 1271/1146/1142 3422/1147/1143
f 252/1148/1144 3421/1141/1137 1880/1140/1136
f 221/1133/1129 3421/1141/1137 1872/901/897
f 3421/1141/1137 220/908/904 1872/901/897
f 2503/1149/1145 2260/1150/1146 3423/1151/1147
f 769/1152/1010 3422/1147/1143 1271/1146/1142
f 738/1026/1022 3422/1147/1143 1262/1153/1148
f 3422/1147/1143 737/1154/1030 1262/1153/1148
f 2605/1155/1149 2362/1156/1150 3424/1157/1151
f 797/999/995 3423/1151/1147 2260/1150/1146
f 766/1158/1152 3423/1151/1147 2252/1159/1153
f 3423/1151/1147 765/1018/1014 2252/1159/1153
f 2967/1033/1029 2748/1011/1007 3425/1160/1154
f 230/1161/1155 3424/1157/1151 2362/1156/1150
f 199/1162/1156 3424/1157/1151 2354/1163/1157
f 3424/1157/1151 198/1164/1158 2354/1163/1157
f 2119/1165/1159 1876/1166/1160 3426/1167/1161
f 799/876/872 3425/1160/1154 2748/1011/1007
f 768/1036/1032 3425/1160/1154 2740/1168/1162
f 3425/1160/1154 767/1169/1163 2740/1168/1162
f 1513/1170/1164 1262/1153/1148 3427/1171/1165
f 236/1172/1166 3426/1167/1161 1876/1166/1160
f 205/1173/1167 3426/1167/1161 1868/1174/1168
f 3426/1167/1161 204/1093/1089 1868/1174/1168
f 2491/1175/1169 2248/1079/1075 3428/1176/1170
f 737/1154/1030 3427/1171/1165 1262/1153/1148
f 706/1177/1171 3427/1171/1165 1253/1178/1172
f 3427/1171/1165 705/1179/1173 1253/1178/1172
f 2001/1180/1174 1758/1030/1026 3429/1181/1175
f 749/1074/1070 3428/1176/1170 2248/1079/1075
f 718/1182/1176 3428/1176/1170 2240/1183/1177
f 3428/1176/1170 717/1184/1178 2240/1183/1177
f 2005/1185/1179 1762/1109/1105 3430/1186/1180
f 739/1024/1020 3429/1181/1175 1758/1030/1026
f 708/1187/1181 3429/1181/1175 1750/1188/1182
f 3429/1181/1175 707/1189/1183 1750/1188/1182
f 1397/1190/1184 1131/1191/1185 3431/1192/1186
f 755/1103/1099 3430/1186/1180 1762/1109/1105
f 724/1193/1187 3430/1186/1180 1754/1194/1188
f 3430/1186/1180 723/1195/1189 1754/1194/1188
f 1126/1196/1190 1134/1197/1191 3432/1198/1192
f 273/1199/1193 3431/1192/1186 1131/1191/1185
f 242/1200/1194 3431/1192/1186 1122/1201/1195
f 3431/1192/1186 241/1202/1196 1122/1201/1195
f 2249/1203/1197 2006/1204/1198 3433/1205/1199
f 1134/1197/1191 2855/1206/1200 3432/1198/1192
f 225/1207/1201 3432/1198/1192 1125/1208/1202
f 3432/1198/1192 256/1209/1203 1125/1208/1202
f 1263/1210/1204 2955/1211/1205 3434/1212/1206
f 756/1108/1104 3433/1205/1199 2006/1204/1198
f 725/1213/1207 3433/1205/1199 1998/1214/1208
f 3433/1205/1199 724/1193/1187 1998/1214/1208
f 1641/1215/1209 1398/1216/1210 3435/1217/1211
f 744/1218/1212 3434/1212/1206 2955/1211/1205
f 713/1219/1213 3434/1212/1206 2948/1220/1214
f 3434/1212/1206 712/1221/1215 2948/1220/1214
f 1130/1222/1216 2852/1223/1217 3436/1224/1218
f 274/1225/1219 3435/1217/1211 1398/1216/1210
f 243/1226/1220 3435/1217/1211 1390/1227/1221
f 3435/1217/1211 242/1200/1194 1390/1227/1221
f 2247/1228/1222 2004/1075/1071 3437/1229/1223
f 272/1230/1224 3436/1224/1218 2852/1223/1217
f 241/1202/1196 3436/1224/1218 2845/1231/1225
f 3436/1224/1218 240/1232/1226 2845/1231/1225
f 2131/1233/1227 1888/1234/1228 3438/1235/1229
f 748/1070/1066 3437/1229/1223 2004/1075/1071
f 717/1184/1178 3437/1229/1223 1996/1236/1230
f 3437/1229/1223 716/1237/1231 1996/1236/1230
f 2245/1238/1232 2002/1118/1114 3439/1239/1233
f 284/1240/1234 3438/1235/1229 1888/1234/1228
f 253/1131/1127 3438/1235/1229 1880/1140/1136
f 3438/1235/1229 252/1148/1144 1880/1140/1136
f 2613/1241/1235 2370/1242/1236 3440/1243/1237
f 740/1029/1025 3439/1239/1233 2002/1118/1114
f 709/1244/1238 3439/1239/1233 1994/1245/1239
f 3439/1239/1233 708/1187/1181 1994/1245/1239
f 2619/1246/1240 2376/1247/1241 3441/1248/1242
f 262/1249/1243 3440/1243/1237 2370/1242/1236
f 231/1250/1244 3440/1243/1237 2362/1156/1150
f 3440/1243/1237 230/1161/1155 2362/1156/1150
f 1265/1251/1245 2957/1061/1057 3442/1252/1246
f 286/1253/1247 3441/1248/1242 2376/1247/1241
f 255/1127/1123 3441/1248/1242 2368/1254/1248
f 3441/1248/1242 254/1255/1249 2368/1254/1248
f 1517/1256/1250 1266/1100/1096 3443/1257/1251
f 752/1062/1058 3442/1252/1246 2957/1061/1057
f 721/1258/1252 3442/1252/1246 2950/1259/1253
f 3442/1252/1246 720/1260/1254 2950/1259/1253
f 1393/1261/1255 1127/1262/1256 3444/1263/1257
f 753/1060/1056 3443/1257/1251 1266/1100/1096
f 722/1264/1258 3443/1257/1251 1257/1265/1259
f 3443/1257/1251 721/1258/1252 1257/1265/1259
f 1771/1266/1260 1528/1267/1261 3445/1268/1262
f 257/1269/1263 3444/1263/1257 1127/1262/1256
f 226/1270/1264 3444/1263/1257 1118/1271/1265
f 3444/1263/1257 225/1272/1201 1118/1271/1265
f 2855/1206/1200 2620/1273/1266 3446/1274/1267
f 794/881/877 3445/1268/1262 1528/1267/1261
f 763/1275/1268 3445/1268/1262 1520/1276/1269
f 3445/1268/1262 762/1137/1133 1520/1276/1269
f 2493/1277/1270 2250/1278/1271 3447/1279/1272
f 287/1280/1273 3446/1274/1267 2620/1273/1266
f 256/1209/1203 3446/1274/1267 2612/1120/1116
f 3446/1274/1267 255/1127/1123 2612/1120/1116
f 2495/1281/1274 2252/1159/1153 3448/1282/1275
f 757/1283/1276 3447/1279/1272 2250/1278/1271
f 726/1284/1277 3447/1279/1272 2242/1285/1278
f 3447/1279/1272 725/1213/1207 2242/1285/1278
f 2958/1286/1279 2738/1050/1046 3449/1287/1280
f 765/1018/1014 3448/1282/1275 2252/1159/1153
f 734/1288/1281 3448/1282/1275 2244/1289/1282
f 3448/1282/1275 733/1290/1283 2244/1289/1282
f 1639/1291/1284 1396/1292/1285 3450/1293/1286
f 759/1051/1047 3449/1287/1280 2738/1050/1046
f 728/1294/1287 3449/1287/1280 2730/1295/1288
f 3449/1287/1280 727/1296/1289 2730/1295/1288
f 2735/1297/1290 2492/1298/1291 3451/1299/1292
f 266/1300/1293 3450/1293/1286 1396/1292/1285
f 235/1092/1088 3450/1293/1286 1388/1301/1294
f 3450/1293/1286 234/1302/1295 1388/1301/1294
f 2375/1303/1296 2132/1304/1297 3452/1305/1298
f 750/1078/1074 3451/1299/1292 2492/1298/1291
f 719/1306/1299 3451/1299/1292 2484/1307/1300
f 3451/1299/1292 718/1182/1176 2484/1307/1300
f 2003/1308/1301 1760/1071/1067 3453/1309/1302
f 285/1310/1303 3452/1305/1298 2132/1304/1297
f 254/1255/1249 3452/1305/1298 2124/1125/1121
f 3452/1305/1298 253/1131/1127 2124/1125/1121
f 1881/1311/1304 1638/1312/1305 3454/1313/1306
f 747/1065/1061 3453/1309/1302 1760/1071/1067
f 716/1237/1231 3453/1309/1302 1752/1314/1307
f 3453/1309/1302 715/1315/1308 1752/1314/1307
f 1763/1316/1309 1520/1276/1269 3455/1317/1310
f 259/1318/1311 3454/1313/1306 1638/1312/1305
f 228/1319/1312 3454/1313/1306 1630/1320/1313
f 3454/1313/1306 227/1321/1314 1630/1320/1313
f 2739/1322/1315 2496/1323/1316 3456/1324/1317
f 762/1137/1133 3455/1317/1310 1520/1276/1269
f 731/1325/1318 3455/1317/1310 1512/1326/1319
f 3455/1317/1310 730/1327/1320 1512/1326/1319
f 2960/1328/1321 2740/1168/1162 3457/1329/1322
f 766/1158/1152 3456/1324/1317 2496/1323/1316
f 735/1330/1323 3456/1324/1317 2488/1331/1324
f 3456/1324/1317 734/1288/1281 2488/1331/1324
f 1261/1332/1325 1269/1035/1031 3458/1333/1326
f 767/1169/1163 3457/1329/1322 2740/1168/1162
f 736/1334/1327 3457/1329/1322 2732/1335/1328
f 3457/1329/1322 735/1330/1323 2732/1335/1328
f 1505/1336/1329 1253/1178/1172 3459/1337/1330
f 1269/1035/1031 2960/1328/1321 3458/1333/1326
f 705/1338/1173 3458/1333/1326 1260/1339/1331
f 3458/1333/1326 736/1334/1327 1260/1339/1331
f 1509/1340/1332 1257/1265/1259 3460/1341/1333
f 705/1179/1173 3459/1337/1330 1253/1178/1172
f 674/1342/1334 3459/1337/1330 1244/1343/1335
f 3459/1337/1330 673/1344/1336 1244/1343/1335
f 1993/1345/1337 1750/1188/1182 3461/1346/1338
f 721/1258/1252 3460/1341/1333 1257/1265/1259
f 690/1347/1339 3460/1341/1333 1248/1348/1340
f 3460/1341/1333 689/1349/1341 1248/1348/1340
f 2858/1350/1342 2624/1351/1343 3462/1352/1344
f 707/1189/1183 3461/1346/1338 1750/1188/1182
f 676/1353/1345 3461/1346/1338 1742/1354/1346
f 3461/1346/1338 675/1355/1347 1742/1354/1346
f 2481/1356/1348 2238/1357/1349 3463/1358/1350
f 303/1359/1351 3462/1352/1344 2624/1351/1343
f 272/1230/1224 3462/1352/1344 2616/1360/1352
f 3462/1352/1344 271/1361/1353 2616/1360/1352
f 2623/1362/1354 2380/1363/1355 3464/1364/1356
f 709/1244/1238 3463/1358/1350 2238/1357/1349
f 678/1365/1357 3463/1358/1350 2230/1366/1358
f 3463/1358/1350 677/1367/1359 2230/1366/1358
f 2947/1368/1360 2726/1369/1361 3465/1370/1362
f 302/1371/1363 3464/1364/1356 2380/1363/1355
f 271/1361/1353 3464/1364/1356 2372/1372/1364
f 3464/1364/1356 270/1373/1365 2372/1372/1364
f 1254/1374/1366 2948/1220/1214 3466/1375/1367
f 711/1376/1368 3465/1370/1362 2726/1369/1361
f 680/1377/1369 3465/1370/1362 2718/1378/1370
f 3465/1370/1362 679/1379/1371 2718/1378/1370
f 1137/1380/1372 2857/1381/1373 3467/1382/1374
f 712/1221/1215 3466/1375/1367 2948/1220/1214
f 681/1383/1375 3466/1375/1367 2941/1384/1376
f 3466/1375/1367 680/1377/1369 2941/1384/1376
f 1889/1385/1377 1646/1386/1378 3468/1387/1379
f 296/1388/1380 3467/1382/1374 2857/1381/1373
f 265/1389/1381 3467/1382/1374 2850/1390/1382
f 3467/1382/1374 264/1391/1383 2850/1390/1382
f 1995/1392/1384 1752/1314/1307 3469/1393/1385
f 291/1394/1386 3468/1387/1379 1646/1386/1378
f 260/1395/1387 3468/1387/1379 1638/1312/1305
f 3468/1387/1379 259/1318/1311 1638/1312/1305
f 2239/1396/1388 1996/1236/1230 3470/1397/1389
f 715/1315/1308 3469/1393/1385 1752/1314/1307
f 684/1398/1390 3469/1393/1385 1744/1399/1391
f 3469/1393/1385 683/1400/1392 1744/1399/1391
f 2483/1401/1393 2240/1183/1177 3471/1402/1394
f 716/1237/1231 3470/1397/1389 1996/1236/1230
f 685/1403/1395 3470/1397/1389 1988/1404/1396
f 3470/1397/1389 684/1398/1390 1988/1404/1396
f 2862/1405/1397 2628/1406/1398 3472/1407/1399
f 717/1184/1178 3471/1402/1394 2240/1183/1177
f 686/1408/1400 3471/1402/1394 2232/1409/1401
f 3471/1402/1394 685/1403/1395 2232/1409/1401
f 2949/1410/1402 2728/1411/1403 3473/1412/1404
f 319/1413/1405 3472/1407/1399 2628/1406/1398
f 288/1414/1406 3472/1407/1399 2620/1273/1266
f 3472/1407/1399 287/1280/1273 2620/1273/1266
f 2135/1415/1407 1892/1416/1408 3474/1417/1409
f 719/1306/1299 3473/1412/1404 2728/1411/1403
f 688/1418/1410 3473/1412/1404 2720/1419/1411
f 3473/1412/1404 687/1420/1412 2720/1419/1411
f 1507/1421/1413 1255/1422/1414 3475/1423/1415
f 300/1424/1416 3474/1417/1409 1892/1416/1408
f 269/1425/1417 3474/1417/1409 1884/1426/1418
f 3474/1417/1409 268/1427/1419 1884/1426/1418
f 1407/1428/1420 1142/1429/1421 3476/1430/1422
f 713/1219/1213 3475/1423/1415 1255/1422/1414
f 682/1431/1423 3475/1423/1415 1246/1432/1424
f 3475/1423/1415 681/1383/1375 1246/1432/1424
f 1997/1433/1425 1754/1194/1188 3477/1434/1426
f 313/1435/1427 3476/1430/1422 1142/1429/1421
f 282/1436/1428 3476/1430/1422 1133/1437/1429
f 3476/1430/1422 281/1438/1430 1133/1437/1429
f 2241/1439/1431 1998/1214/1208 3478/1440/1432
f 723/1195/1189 3477/1434/1426 1754/1194/1188
f 692/1441/1433 3477/1434/1426 1746/1442/1434
f 3477/1434/1426 691/1443/1435 1746/1442/1434
f 2485/1444/1436 2242/1285/1278 3479/1445/1437
f 724/1193/1187 3478/1440/1432 1998/1214/1208
f 693/1446/1438 3478/1440/1432 1990/1447/1439
f 3478/1440/1432 692/1441/1433 1990/1447/1439
f 2731/1448/1440 2488/1331/1324 3480/1449/1441
f 725/1213/1207 3479/1445/1437 2242/1285/1278
f 694/1450/1442 3479/1445/1437 2234/1451/1443
f 3479/1445/1437 693/1446/1438 2234/1451/1443
f 2951/1452/1444 2730/1295/1288 3481/1453/1445
f 734/1288/1281 3480/1449/1441 2488/1331/1324
f 703/1454/1446 3480/1449/1441 2480/1455/1447
f 3480/1449/1441 702/1456/1448 2480/1455/1447
f 1755/1457/1449 1512/1326/1319 3482/1458/1450
f 727/1296/1289 3481/1453/1445 2730/1295/1288
f 696/1459/1451 3481/1453/1445 2722/1460/1452
f 3481/1453/1445 695/1461/1453 2722/1460/1452
f 1511/1462/1454 1259/1463/1455 3483/1464/1456
f 730/1327/1320 3482/1458/1450 1512/1326/1319
f 699/1465/1457 3482/1458/1450 1504/1466/1458
f 3482/1458/1450 698/1467/1459 1504/1466/1458
f 1753/1468/1460 1510/1469/1461 3484/1470/1462
f 729/1471/1463 3483/1464/1456 1259/1463/1455
f 698/1467/1459 3483/1464/1456 1250/1472/1464
f 3483/1464/1456 697/1473/1465 1250/1472/1464
f 1999/1474/1466 1756/1475/1467 3485/1476/1468
f 722/1264/1258 3484/1470/1462 1510/1469/1461
f 691/1443/1435 3484/1470/1462 1502/1477/1469
f 3484/1470/1462 690/1347/1339 1502/1477/1469
f 2243/1478/1470 2000/1479/1471 3486/1480/1472
f 731/1325/1318 3485/1476/1468 1756/1475/1467
f 700/1481/1473 3485/1476/1468 1748/1482/1474
f 3485/1476/1468 699/1465/1457 1748/1482/1474
f 2487/1483/1475 2244/1289/1282 3487/1484/1476
f 732/1485/1477 3486/1480/1472 2000/1479/1471
f 701/1486/1478 3486/1480/1472 1992/1487/1479
f 3486/1480/1472 700/1481/1473 1992/1487/1479
f 1401/1488/1480 1136/1489/1481 3488/1490/1482
f 733/1290/1283 3487/1484/1476 2244/1289/1282
f 702/1456/1448 3487/1484/1476 2236/1491/1483
f 3487/1484/1476 701/1486/1478 2236/1491/1483
f 2953/1492/1484 2732/1335/1328 3489/1493/1485
f 289/1494/1486 3488/1490/1482 1136/1489/1481
f 258/1495/1487 3488/1490/1482 1127/1262/1256
f 3488/1490/1482 257/1269/1263 1127/1262/1256
f 1258/1496/1488 2952/1497/1489 3490/1498/1490
f 735/1330/1323 3489/1493/1485 2732/1335/1328
f 704/1499/1491 3489/1493/1485 2724/1500/1492
f 3489/1493/1485 703/1454/1446 2724/1500/1492
f 1743/1501/1493 1500/1502/1494 3491/1503/1495
f 728/1294/1287 3490/1498/1490 2952/1497/1489
f 697/1473/1465 3490/1498/1490 2945/1504/1496
f 3490/1498/1490 696/1459/1451 2945/1504/1496
f 1741/1505/1497 1498/1506/1498 3492/1507/1499
f 682/1431/1423 3491/1503/1495 1500/1502/1494
f 651/1508/1500 3491/1503/1495 1492/1509/1501
f 3491/1503/1495 650/1510/1502 1492/1509/1501
f 1985/1511/1503 1742/1354/1346 3493/1512/1504
f 674/1342/1334 3492/1507/1499 1498/1506/1498
f 643/1513/1505 3492/1507/1499 1490/1514/1506
f 3492/1507/1499 642/1515/1507 1490/1514/1506
f 2229/1516/1508 1986/1517/1509 3494/1518/1510
f 675/1355/1347 3493/1512/1504 1742/1354/1346
f 644/1519/1511 3493/1512/1504 1734/1520/1512
f 3493/1512/1504 643/1513/1505 1734/1520/1512
f 2473/1521/1513 2230/1366/1358 3495/1522/1514
f 676/1353/1345 3494/1518/1510 1986/1517/1509
f 645/1523/1515 3494/1518/1510 1978/1524/1516
f 3494/1518/1510 644/1519/1511 1978/1524/1516
f 2717/1525/1517 2474/1526/1518 3496/1527/1519
f 677/1367/1359 3495/1522/1514 2230/1366/1358
f 646/1528/1520 3495/1522/1514 2222/1529/1521
f 3495/1522/1514 645/1523/1515 2222/1529/1521
f 2940/1530/1522 2718/1378/1370 3497/1531/1523
f 678/1365/1357 3496/1527/1519 2474/1526/1518
f 647/1532/1524 3496/1527/1519 2466/1533/1525
f 3496/1527/1519 646/1528/1520 2466/1533/1525
f 1245/1534/1526 2941/1384/1376 3498/1535/1527
f 679/1379/1371 3497/1531/1523 2718/1378/1370
f 648/1536/1528 3497/1531/1523 2710/1537/1529
f 3497/1531/1523 647/1532/1524 2710/1537/1529
f 1413/1538/1530 1149/1539/1531 3499/1540/1532
f 680/1377/1369 3498/1535/1527 2941/1384/1376
f 649/1541/1533 3498/1535/1527 2934/1542/1534
f 3498/1535/1527 648/1536/1528 2934/1542/1534
f 1146/1543/1535 2864/1544/1536 3500/1545/1537
f 337/1546/1538 3499/1540/1532 1149/1539/1531
f 306/1547/1539 3499/1540/1532 1140/1548/1540
f 3499/1540/1532 305/1549/1541 1140/1548/1540
f 1987/1550/1542 1744/1399/1391 3501/1551/1543
f 328/1552/1544 3500/1545/1537 2864/1544/1536
f 297/1553/1545 3500/1545/1537 2857/1381/1373
f 3500/1545/1537 296/1388/1380 2857/1381/1373
f 2231/1554/1546 1988/1404/1396 3502/1555/1547
f 683/1400/1392 3501/1551/1543 1744/1399/1391
f 652/1556/1548 3501/1551/1543 1736/1557/1549
f 3501/1551/1543 651/1508/1500 1736/1557/1549
f 2475/1558/1550 2232/1409/1401 3503/1559/1551
f 684/1398/1390 3502/1555/1547 1988/1404/1396
f 653/1560/1552 3502/1555/1547 1980/1561/1553
f 3502/1555/1547 652/1556/1548 1980/1561/1553
f 2477/1562/1554 2234/1451/1443 3504/1563/1555
f 685/1403/1395 3503/1559/1551 2232/1409/1401
f 654/1564/1556 3503/1559/1551 2224/1565/1557
f 3503/1559/1551 653/1560/1552 2224/1565/1557
f 1899/1566/1558 1656/1567/1559 3505/1568/1560
f 693/1446/1438 3504/1563/1555 2234/1451/1443
f 662/1569/1561 3504/1563/1555 2226/1570/1562
f 3504/1563/1555 661/1571/1563 2226/1570/1562
f 1247/1572/1564 2943/1573/1565 3506/1574/1566
f 331/1575/1567 3505/1568/1560 1656/1567/1559
f 300/1424/1416 3505/1568/1560 1648/1576/1568
f 3505/1568/1560 299/1577/1569 1648/1576/1568
f 1499/1578/1570 1246/1432/1424 3507/1579/1571
f 688/1418/1410 3506/1574/1566 2943/1573/1565
f 657/1580/1572 3506/1574/1566 2936/1581/1573
f 3506/1574/1566 656/1582/1574 2936/1581/1573
f 2141/1583/1575 1898/1584/1576 3508/1585/1577
f 681/1383/1375 3507/1579/1571 1246/1432/1424
f 650/1510/1502 3507/1579/1571 1237/1586/1578
f 3507/1579/1571 649/1541/1533 1237/1586/1578
f 1415/1587/1579 1151/1588/1580 3509/1589/1581
f 324/1590/1582 3508/1585/1577 1898/1584/1576
f 293/1591/1583 3508/1585/1577 1890/1592/1584
f 3508/1585/1577 292/1593/1585 1890/1592/1584
f 2233/1594/1586 1990/1447/1439 3510/1595/1587
f 345/1596/1588 3509/1589/1581 1151/1588/1580
f 314/1597/1589 3509/1589/1581 1142/1429/1421
f 3509/1589/1581 313/1435/1427 1142/1429/1421
f 1745/1598/1590 1502/1477/1469 3511/1599/1591
f 692/1441/1433 3510/1595/1587 1990/1447/1439
f 661/1571/1563 3510/1595/1587 1982/1600/1592
f 3510/1595/1587 660/1601/1593 1982/1600/1592
f 2867/1602/1594 2634/1603/1595 3512/1604/1596
f 690/1347/1339 3511/1599/1591 1502/1477/1469
f 659/1605/1597 3511/1599/1591 1494/1606/1598
f 3511/1599/1591 658/1607/1599 1494/1606/1598
f 2944/1608/1600 2722/1460/1452 3513/1609/1601
f 343/1610/1602 3512/1604/1596 2634/1603/1595
f 312/1611/1603 3512/1604/1596 2626/1612/1604
f 3512/1604/1596 311/1613/1605 2626/1612/1604
f 2721/1614/1606 2478/1615/1607 3514/1616/1608
f 695/1461/1453 3513/1609/1601 2722/1460/1452
f 664/1617/1609 3513/1609/1601 2714/1618/1610
f 3513/1609/1601 663/1619/1611 2714/1618/1610
f 1503/1620/1612 1250/1472/1464 3515/1621/1613
f 694/1450/1442 3514/1616/1608 2478/1615/1607
f 663/1619/1611 3514/1616/1608 2470/1622/1614
f 3514/1616/1608 662/1569/1561 2470/1622/1614
f 1747/1623/1615 1504/1466/1458 3516/1624/1616
f 697/1473/1465 3515/1621/1613 1250/1472/1464
f 666/1625/1617 3515/1621/1613 1241/1626/1618
f 3515/1621/1613 665/1627/1619 1241/1626/1618
f 1497/1628/1620 1244/1343/1335 3517/1629/1621
f 698/1467/1459 3516/1624/1616 1504/1466/1458
f 667/1630/1622 3516/1624/1616 1496/1631/1623
f 3516/1624/1616 666/1625/1617 1496/1631/1623
f 1901/1632/1624 1658/1633/1625 3518/1634/1626
f 673/1344/1336 3517/1629/1621 1244/1343/1335
f 642/1515/1507 3517/1629/1621 1235/1635/1627
f 3517/1629/1621 641/1636/1628 1235/1635/1627
f 2479/1637/1629 2236/1491/1483 3519/1638/1630
f 339/1639/1631 3518/1634/1626 1658/1633/1625
f 308/1640/1632 3518/1634/1626 1650/1641/1633
f 3518/1634/1626 307/1642/1634 1650/1641/1633
f 2385/1643/1635 2142/1644/1636 3520/1645/1637
f 701/1486/1478 3519/1638/1630 2236/1491/1483
f 670/1646/1638 3519/1638/1630 2228/1647/1639
f 3519/1638/1630 669/1648/1640 2228/1647/1639
f 2946/1649/1641 2724/1500/1492 3521/1650/1642
f 325/1651/1643 3520/1645/1637 2142/1644/1636
f 294/1652/1644 3520/1645/1637 2134/1653/1645
f 3520/1645/1637 293/1591/1583 2134/1653/1645
f 1243/1654/1646 1251/1655/1647 3522/1656/1648
f 703/1454/1446 3521/1650/1642 2724/1500/1492
f 672/1657/1649 3521/1650/1642 2716/1658/1650
f 3521/1650/1642 671/1659/1651 2716/1658/1650
f 2876/1660/1652 2644/1661/1653 3523/1662/1654
f 1251/1655/1647 2946/1649/1641 3522/1656/1648
f 641/1663/1628 3522/1656/1648 1242/1664/1655
f 3522/1656/1648 672/1657/1649 1242/1664/1655
f 2225/1665/1656 1982/1600/1592 3524/1666/1657
f 383/1667/1658 3523/1662/1654 2644/1661/1653
f 352/1668/1659 3523/1662/1654 2636/1669/1660
f 3523/1662/1654 351/1670/1661 2636/1669/1660
f 1157/1671/1662 2873/1672/1663 3525/1673/1664
f 660/1601/1593 3524/1666/1657 1982/1600/1592
f 629/1674/1665 3524/1666/1657 1974/1675/1666
f 3524/1666/1657 628/1676/1667 1974/1675/1666
f 2221/1677/1668 1978/1524/1516 3526/1678/1669
f 368/1679/1670 3525/1673/1664 2873/1672/1663
f 337/1546/1538 3525/1673/1664 2866/1680/1671
f 3525/1673/1664 336/1681/1672 2866/1680/1671
f 2467/1682/1673 2224/1565/1557 3527/1683/1674
f 644/1519/1511 3526/1678/1669 1978/1524/1516
f 613/1684/1675 3526/1678/1669 1970/1685/1676
f 3526/1678/1669 612/1686/1677 1970/1685/1676
f 1489/1687/1678 1235/1635/1627 3528/1688/1679
f 653/1560/1552 3527/1683/1674 2224/1565/1557
f 622/1689/1680 3527/1683/1674 2216/1690/1681
f 3527/1683/1674 621/1691/1682 2216/1690/1681
f 2933/1692/1683 2710/1537/1529 3529/1693/1684
f 641/1636/1628 3528/1688/1679 1235/1635/1627
f 610/1694/1685 3528/1688/1679 1226/1695/1686
f 3528/1688/1679 609/1696/1687 1226/1695/1686
f 2870/1697/1688 2638/1698/1689 3530/1699/1690
f 647/1532/1524 3529/1693/1684 2710/1537/1529
f 616/1700/1691 3529/1693/1684 2702/1701/1692
f 3529/1693/1684 615/1702/1693 2702/1701/1692
f 1491/1703/1694 1237/1586/1578 3531/1704/1695
f 359/1705/1696 3530/1699/1690 2638/1698/1689
f 328/1552/1544 3530/1699/1690 2630/1706/1697
f 3530/1699/1690 327/1707/1698 2630/1706/1697
f 2874/1708/1699 2642/1709/1700 3532/1710/1701
f 649/1541/1533 3531/1704/1695 1237/1586/1578
f 618/1711/1702 3531/1704/1695 1228/1712/1703
f 3531/1704/1695 617/1713/1704 1228/1712/1703
f 1979/1714/1705 1736/1557/1549 3533/1715/1706
f 375/1716/1707 3532/1710/1701 2642/1709/1700
f 344/1717/1708 3532/1710/1701 2634/1603/1595
f 3532/1710/1701 343/1610/1602 2634/1603/1595
f 2149/1718/1709 1906/1719/1710 3534/1720/1711
f 651/1508/1500 3533/1715/1706 1736/1557/1549
f 620/1721/1712 3533/1715/1706 1728/1722/1713
f 3533/1715/1706 619/1723/1714 1728/1722/1713
f 2393/1724/1715 2150/1725/1716 3535/1726/1717
f 356/1727/1718 3534/1720/1711 1906/1719/1710
f 325/1651/1643 3534/1720/1711 1898/1584/1576
f 3534/1720/1711 324/1590/1582 1898/1584/1576
f 2637/1728/1719 2394/1729/1720 3536/1730/1721
f 357/1731/1722 3535/1726/1717 2150/1725/1716
f 326/1732/1723 3535/1726/1717 2142/1644/1636
f 3535/1726/1717 325/1651/1643 2142/1644/1636
f 1155/1733/1724 2871/1734/1725 3537/1735/1726
f 358/1736/1727 3536/1730/1721 2394/1729/1720
f 327/1707/1698 3536/1730/1721 2386/1737/1728
f 3536/1730/1721 326/1732/1723 2386/1737/1728
f 1907/1738/1729 1664/1739/1730 3538/1740/1731
f 360/1741/1732 3537/1735/1726 2871/1734/1725
f 329/1742/1733 3537/1735/1726 2864/1544/1536
f 3537/1735/1726 328/1552/1544 2864/1544/1536
f 1493/1743/1734 1239/1744/1735 3539/1745/1736
f 363/1746/1737 3538/1740/1731 1664/1739/1730
f 332/1747/1738 3538/1740/1731 1656/1567/1559
f 3538/1740/1731 331/1575/1567 1656/1567/1559
f 2397/1748/1739 2154/1749/1740 3540/1750/1741
f 657/1580/1572 3539/1745/1736 1239/1744/1735
f 626/1751/1742 3539/1745/1736 1230/1752/1743
f 3539/1745/1736 625/1753/1744 1230/1752/1743
f 1981/1754/1745 1738/1755/1746 3541/1756/1747
f 373/1757/1748 3540/1750/1741 2154/1749/1740
f 342/1758/1749 3540/1750/1741 2146/1759/1750
f 3540/1750/1741 341/1760/1751 2146/1759/1750
f 2143/1761/1752 1900/1762/1753 3542/1763/1754
f 659/1605/1597 3541/1756/1747 1738/1755/1746
f 628/1676/1667 3541/1756/1747 1730/1764/1755
f 3541/1756/1747 627/1765/1756 1730/1764/1755
f 1735/1766/1757 1492/1509/1501 3543/1767/1758
f 332/1747/1738 3542/1763/1754 1900/1762/1753
f 301/1768/1759 3542/1763/1754 1892/1416/1408
f 3542/1763/1754 300/1424/1416 1892/1416/1408
f 2711/1769/1760 2468/1770/1761 3544/1771/1762
f 650/1510/1502 3543/1767/1758 1492/1509/1501
f 619/1723/1714 3543/1767/1758 1484/1772/1763
f 3543/1767/1758 618/1711/1702 1484/1772/1763
f 2937/1773/1764 2714/1618/1610 3545/1774/1765
f 654/1564/1556 3544/1771/1762 2468/1770/1761
f 623/1775/1766 3544/1771/1762 2460/1776/1767
f 3544/1771/1762 622/1689/1680 2460/1776/1767
f 1240/1777/1768 2938/1778/1769 3546/1779/1770
f 663/1619/1611 3545/1774/1765 2714/1618/1610
f 632/1780/1771 3545/1774/1765 2706/1781/1772
f 3545/1774/1765 631/1782/1773 2706/1781/1772
f 2643/1783/1774 2400/1784/1775 3547/1785/1776
f 664/1617/1609 3546/1779/1770 2938/1778/1769
f 633/1786/1777 3546/1779/1770 2931/1787/1778
f 3546/1779/1770 632/1780/1771 2931/1787/1778
f 1661/1788/1779 1418/1789/1780 3548/1790/1781
f 382/1791/1782 3547/1785/1776 2400/1784/1775
f 351/1670/1661 3547/1785/1776 2392/1792/1783
f 3547/1785/1776 350/1793/1784 2392/1792/1783
f 1739/1794/1785 1496/1631/1623 3549/1795/1786
f 354/1796/1787 3548/1790/1781 1418/1789/1780
f 323/1797/1788 3548/1790/1781 1410/1798/1789
f 3548/1790/1781 322/1799/1790 1410/1798/1789
f 1977/1800/1791 1734/1520/1512 3550/1801/1792
f 666/1625/1617 3549/1795/1786 1496/1631/1623
f 635/1802/1793 3549/1795/1786 1488/1803/1794
f 3549/1795/1786 634/1804/1795 1488/1803/1794
f 2471/1805/1796 2228/1647/1639 3551/1806/1797
f 643/1513/1505 3550/1801/1792 1734/1520/1512
f 612/1686/1677 3550/1801/1792 1726/1807/1798
f 3550/1801/1792 611/1808/1799 1726/1807/1798
f 1909/1809/1800 1666/1810/1801 3552/1811/1802
f 669/1648/1640 3551/1806/1797 2228/1647/1639
f 638/1812/1803 3551/1806/1797 2220/1813/1804
f 3551/1806/1797 637/1814/1805 2220/1813/1804
f 2939/1815/1806 2716/1658/1650 3553/1816/1807
f 371/1817/1808 3552/1811/1802 1666/1810/1801
f 340/1818/1809 3552/1811/1802 1658/1633/1625
f 3552/1811/1802 339/1639/1631 1658/1633/1625
f 1234/1819/1810 1242/1664/1655 3554/1820/1811
f 671/1659/1651 3553/1816/1807 2716/1658/1650
f 640/1821/1812 3553/1816/1807 2708/1822/1813
f 3553/1816/1807 639/1823/1814 2708/1822/1813
f 1427/1824/1815 1165/1825/1816 3555/1826/1817
f 1242/1664/1655 2939/1815/1806 3554/1820/1811
f 609/1827/1687 3554/1820/1811 1233/1828/1818
f 3554/1820/1811 640/1821/1812 1233/1828/1818
f 1725/1829/1819 1482/1830/1820 3556/1831/1821
f 393/1832/1822 3555/1826/1817 1165/1825/1816
f 362/1833/1823 3555/1826/1817 1156/1834/1824
f 3555/1826/1817 361/1835/1825 1156/1834/1824
f 1969/1836/1826 1726/1807/1798 3557/1837/1827
f 610/1694/1685 3556/1831/1821 1482/1830/1820
f 579/1838/1828 3556/1831/1821 1474/1839/1829
f 3556/1831/1821 578/1840/1830 1474/1839/1829
f 2213/1841/1831 1970/1685/1676 3558/1842/1832
f 611/1808/1799 3557/1837/1827 1726/1807/1798
f 580/1843/1833 3557/1837/1827 1718/1844/1834
f 3557/1837/1827 579/1838/1828 1718/1844/1834
f 1231/1845/1835 2931/1787/1778 3559/1846/1836
f 612/1686/1677 3558/1842/1832 1970/1685/1676
f 581/1847/1837 3558/1842/1832 1962/1848/1838
f 3558/1842/1832 580/1843/1833 1962/1848/1838
f 2405/1849/1839 2162/1850/1840 3560/1851/1841
f 632/1780/1771 3559/1846/1836 2931/1787/1778
f 601/1852/1842 3559/1846/1836 2924/1853/1843
f 3559/1846/1836 600/1854/1844 2924/1853/1843
f 1669/1855/1845 1426/1856/1846 3561/1857/1847
f 405/1858/1848 3560/1851/1841 2162/1850/1840
f 374/1859/1849 3560/1851/1841 2154/1749/1740
f 3560/1851/1841 373/1757/1748 2154/1749/1740
f 2926/1860/1850 2702/1701/1692 3562/1861/1851
f 386/1862/1852 3561/1857/1847 1426/1856/1846
f 355/1863/1853 3561/1857/1847 1418/1789/1780
f 3561/1857/1847 354/1796/1787 1418/1789/1780
f 2407/1864/1854 2164/1865/1855 3563/1866/1856
f 615/1702/1693 3562/1861/1851 2702/1701/1692
f 584/1867/1857 3562/1861/1851 2694/1868/1858
f 3562/1861/1851 583/1869/1859 2694/1868/1858
f 1727/1870/1860 1484/1772/1763 3564/1871/1861
f 413/1872/1862 3563/1866/1856 2164/1865/1855
f 382/1791/1782 3563/1866/1856 2156/1873/1863
f 3563/1866/1856 381/1874/1864 2156/1873/1863
f 2707/1875/1865 2464/1876/1866 3565/1877/1867
f 618/1711/1702 3564/1871/1861 1484/1772/1763
f 587/1878/1868 3564/1871/1861 1476/1879/1869
f 3564/1871/1861 586/1880/1870 1476/1879/1869
f 2215/1881/1871 1972/1882/1872 3566/1883/1873
f 638/1812/1803 3565/1877/1867 2464/1876/1866
f 607/1884/1874 3565/1877/1867 2456/1885/1875
f 3565/1877/1867 606/1886/1876 2456/1885/1875
f 1671/1887/1877 1428/1888/1878 3567/1889/1879
f 620/1721/1712 3566/1883/1873 1972/1882/1872
f 589/1890/1880 3566/1883/1873 1964/1891/1881
f 3566/1883/1873 588/1892/1882 1964/1891/1881
f 2645/1893/1883 2402/1894/1884 3568/1895/1885
f 394/1896/1886 3567/1889/1879 1428/1888/1878
f 363/1746/1737 3567/1889/1879 1420/1897/1887
f 3567/1889/1879 362/1833/1823 1420/1897/1887
f 2928/1898/1888 2704/1899/1889 3569/1900/1890
f 390/1901/1891 3568/1895/1885 2402/1894/1884
f 359/1705/1696 3568/1895/1885 2394/1729/1720
f 3568/1895/1885 358/1736/1727 2394/1729/1720
f 2881/1902/1892 2650/1903/1893 3570/1904/1894
f 623/1775/1766 3569/1900/1890 2704/1899/1889
f 592/1905/1895 3569/1900/1890 2696/1906/1896
f 3569/1900/1890 591/1907/1897 2696/1906/1896
f 1485/1908/1898 1230/1752/1743 3571/1909/1899
f 407/1910/1900 3570/1904/1894 2650/1903/1893
f 376/1911/1901 3570/1904/1894 2642/1709/1700
f 3570/1904/1894 375/1716/1707 2642/1709/1700
f 2705/1912/1902 2462/1913/1903 3572/1914/1904
f 625/1753/1744 3571/1909/1899 1230/1752/1743
f 594/1915/1905 3571/1909/1899 1221/1916/1906
f 3571/1909/1899 593/1917/1907 1221/1916/1906
f 1973/1918/1908 1730/1764/1755 3573/1919/1909
f 630/1920/1910 3572/1914/1904 2462/1913/1903
f 599/1921/1911 3572/1914/1904 2454/1922/1912
f 3572/1914/1904 598/1923/1913 2454/1922/1912
f 1913/1924/1914 1670/1925/1915 3574/1926/1916
f 627/1765/1756 3573/1919/1909 1730/1764/1755
f 596/1927/1917 3573/1919/1909 1722/1928/1918
f 3573/1919/1909 595/1929/1919 1722/1928/1918
f 2461/1930/1920 2218/1931/1921 3575/1932/1922
f 387/1933/1923 3574/1926/1916 1670/1925/1915
f 356/1727/1718 3574/1926/1916 1662/1934/1924
f 3574/1926/1916 355/1863/1853 1662/1934/1924
f 2157/1935/1925 1914/1936/1926 3576/1937/1927
f 629/1674/1665 3575/1932/1922 2218/1931/1921
f 598/1923/1913 3575/1932/1922 2210/1938/1928
f 3575/1932/1922 597/1939/1929 2210/1938/1928
f 2930/1940/1930 2706/1781/1772 3577/1941/1931
f 388/1942/1932 3576/1937/1927 1914/1936/1926
f 357/1731/1722 3576/1937/1927 1906/1719/1710
f 3576/1937/1927 356/1727/1718 1906/1719/1710
f 1429/1943/1933 1167/1944/1934 3578/1945/1935
f 631/1782/1773 3577/1941/1931 2706/1781/1772
f 600/1854/1844 3577/1941/1931 2698/1946/1936
f 3577/1941/1931 599/1921/1911 2698/1946/1936
f 2879/1947/1937 2648/1948/1938 3579/1949/1939
f 401/1950/1940 3578/1945/1935 1167/1944/1934
f 370/1951/1941 3578/1945/1935 1158/1952/1942
f 3578/1945/1935 369/1953/1943 1158/1952/1942
f 1731/1954/1944 1488/1803/1794 3580/1955/1945
f 399/1956/1946 3579/1949/1939 2648/1948/1938
f 368/1679/1670 3579/1949/1939 2640/1957/1947
f 3579/1949/1939 367/1958/1948 2640/1957/1947
f 1675/1959/1949 1432/1960/1950 3581/1961/1951
f 634/1804/1795 3580/1955/1945 1488/1803/1794
f 603/1962/1952 3580/1955/1945 1480/1963/1953
f 3580/1955/1945 602/1964/1954 1480/1963/1953
f 1919/1965/1955 1676/1966/1956 3582/1967/1957
f 410/1968/1958 3581/1961/1951 1432/1960/1950
f 379/1969/1959 3581/1961/1951 1424/1970/1960
f 3581/1961/1951 378/1971/1961 1424/1970/1960
f 2463/1972/1962 2220/1813/1804 3583/1973/1963
f 411/1974/1964 3582/1967/1957 1676/1966/1956
f 380/1975/1965 3582/1967/1957 1668/1976/1966
f 3582/1967/1957 379/1969/1959 1668/1976/1966
f 1487/1977/1967 1232/1978/1968 3584/1979/1969
f 637/1814/1805 3583/1973/1963 2220/1813/1804
f 606/1886/1876 3583/1973/1963 2212/1980/1970
f 3583/1973/1963 605/1981/1971 2212/1980/1970
f 2932/1982/1972 2708/1822/1813 3585/1983/1973
f 633/1786/1777 3584/1979/1969 1232/1978/1968
f 602/1964/1954 3584/1979/1969 1223/1984/1974
f 3584/1979/1969 601/1852/1842 1223/1984/1974
f 1225/1985/1975 1233/1828/1818 3586/1986/1976
f 639/1823/1814 3585/1983/1973 2708/1822/1813
f 608/1987/1977 3585/1983/1973 2700/1988/1978
f 3585/1983/1973 607/1884/1874 2700/1988/1978
f 1473/1989/1979 1217/1990/1980 3587/1991/1981
f 1233/1828/1818 2932/1982/1972 3586/1986/1976
f 577/1992/1982 3586/1986/1976 1224/1993/1983
f 3586/1986/1976 608/1987/1977 1224/1993/1983
f 1477/1994/1984 1221/1916/1906 3588/1995/1985
f 577/1996/1982 3587/1991/1981 1217/1990/1980
f 546/1997/1986 3587/1991/1981 1208/1998/1987
f 3587/1991/1981 545/1999/1988 1208/1998/1987
f 1927/2000/1989 1684/2001/1990 3589/2002/1991
f 593/1917/1907 3588/1995/1985 1221/1916/1906
f 562/2003/1992 3588/1995/1985 1212/2004/1993
f 3588/1995/1985 561/2005/1994 1212/2004/1993
f 2167/2006/1995 1924/2007/1996 3590/2008/1997
f 443/2009/1998 3589/2002/1991 1684/2001/1990
f 412/2010/1999 3589/2002/1991 1676/1966/1956
f 3589/2002/1991 411/1974/1964 1676/1966/1956
f 2449/2011/2000 2206/2012/2001 3591/2013/2002
f 428/2014/2003 3590/2008/1997 1924/2007/1996
f 397/2015/2004 3590/2008/1997 1916/2016/2005
f 3590/2008/1997 396/2017/2006 1916/2016/2005
f 2693/2018/2007 2450/2019/2008 3592/2020/2009
f 581/1847/1837 3591/2013/2002 2206/2012/2001
f 550/2021/2010 3591/2013/2002 2198/2022/2011
f 3591/2013/2002 549/2023/2012 2198/2022/2011
f 2919/2024/2013 2694/1868/1858 3593/2025/2014
f 582/2026/2015 3592/2020/2009 2450/2019/2008
f 551/2027/2016 3592/2020/2009 2442/2028/2017
f 3592/2020/2009 550/2021/2010 2442/2028/2017
f 1723/2029/2018 1480/1963/1953 3594/2030/2019
f 583/1869/1859 3593/2025/2014 2694/1868/1858
f 552/2031/2020 3593/2025/2014 2686/2032/2021
f 3593/2025/2014 551/2027/2016 2686/2032/2021
f 1475/2033/2022 1219/2034/2023 3595/2035/2024
f 602/1964/1954 3594/2030/2019 1480/1963/1953
f 571/2036/2025 3594/2030/2019 1472/2037/2026
f 3594/2030/2019 570/2038/2027 1472/2037/2026
f 2415/2039/2028 2172/2040/2029 3596/2041/2030
f 585/2042/2031 3595/2035/2024 1219/2034/2023
f 554/2043/2032 3595/2035/2024 1210/2044/2033
f 3595/2035/2024 553/2045/2034 1210/2044/2033
f 1963/2046/2035 1720/2047/2036 3597/2048/2037
f 445/2049/2038 3596/2041/2030 2172/2040/2029
f 414/2050/2039 3596/2041/2030 2164/1865/1855
f 3596/2041/2030 413/1872/1862 2164/1865/1855
f 2207/2051/2040 1964/1891/1881 3598/2052/2041
f 587/1878/1868 3597/2048/2037 1720/2047/2036
f 556/2053/2042 3597/2048/2037 1712/2054/2043
f 3597/2048/2037 555/2055/2044 1712/2054/2043
f 2921/2056/2045 2696/1906/1896 3599/2057/2046
f 588/1892/1882 3598/2052/2041 1964/1891/1881
f 557/2058/2047 3598/2052/2041 1956/2059/2048
f 3598/2052/2041 556/2053/2042 1956/2059/2048
f 2695/2060/2049 2452/2061/2050 3600/2062/2051
f 591/1907/1897 3599/2057/2046 2696/1906/1896
f 560/2063/2052 3599/2057/2046 2688/2064/2053
f 3599/2057/2046 559/2065/2054 2688/2064/2053
f 2453/2066/2055 2210/1938/1928 3601/2067/2056
f 590/2068/2057 3600/2062/2051 2452/2061/2050
f 559/2065/2054 3600/2062/2051 2444/2069/2058
f 3600/2062/2051 558/2070/2059 2444/2069/2058
f 1220/2071/2060 2922/2072/2061 3602/2073/2062
f 597/1939/1929 3601/2067/2056 2210/1938/1928
f 566/2074/2063 3601/2067/2056 2202/2075/2064
f 3601/2067/2056 565/2076/2065 2202/2075/2064
f 1721/2077/2066 1478/2078/2067 3603/2079/2068
f 592/1905/1895 3602/2073/2062 2922/2072/2061
f 561/2005/1994 3602/2073/2062 2915/2080/2069
f 3602/2073/2062 560/2063/2052 2915/2080/2069
f 1171/2081/2070 1179/2082/2071 3604/2083/2072
f 594/1915/1905 3603/2079/2068 1478/2078/2067
f 563/2084/2073 3603/2079/2068 1470/2085/2074
f 3603/2079/2068 562/2003/1992 1470/2085/2074
f 1965/2086/2075 1722/1928/1918 3605/2087/2076
f 1179/2082/2071 2890/2088/2077 3604/2083/2072
f 385/2089/2078 3604/2083/2072 1170/2090/2079
f 3604/2083/2072 416/2091/2080 1170/2090/2079
f 2211/2092/2081 1968/2093/2082 3606/2094/2083
f 595/1929/1919 3605/2087/2076 1722/1928/1918
f 564/2095/2084 3605/2087/2076 1714/2096/2085
f 3605/2087/2076 563/2084/2073 1714/2096/2085
f 1719/2097/2086 1476/1879/1869 3607/2098/2087
f 604/2099/2088 3606/2094/2083 1968/2093/2082
f 573/2100/2089 3606/2094/2083 1960/2101/2090
f 3606/2094/2083 572/2102/2091 1960/2101/2090
f 2697/2103/2092 2454/1922/1912 3608/2104/2093
f 586/1880/1870 3607/2098/2087 1476/1879/1869
f 555/2055/2044 3607/2098/2087 1468/2105/2094
f 3607/2098/2087 554/2043/2032 1468/2105/2094
f 2923/2106/2095 2698/1946/1936 3609/2107/2096
f 598/1923/1913 3608/2104/2093 2454/1922/1912
f 567/2108/2097 3608/2104/2093 2446/2109/2098
f 3608/2104/2093 566/2074/2063 2446/2109/2098
f 2888/2110/2099 2658/2111/2100 3610/2112/2101
f 599/1921/1911 3609/2107/2096 2698/1946/1936
f 568/2113/2102 3609/2107/2096 2690/2114/2103
f 3609/2107/2096 567/2108/2097 2690/2114/2103
f 2699/2115/2104 2456/1885/1875 3611/2116/2105
f 439/2117/2106 3610/2112/2101 2658/2111/2100
f 408/2118/2107 3610/2112/2101 2650/1903/1893
f 3610/2112/2101 407/1910/1900 2650/1903/1893
f 1435/2119/2108 1174/2120/2109 3612/2121/2110
f 606/1886/1876 3611/2116/2105 2456/1885/1875
f 575/2122/2111 3611/2116/2105 2448/2123/2112
f 3611/2116/2105 574/2124/2113 2448/2123/2112
f 1967/2125/2114 1724/2126/2115 3613/2127/2116
f 425/2128/2117 3612/2121/2110 1174/2120/2109
f 394/1896/1886 3612/2121/2110 1165/1825/1816
f 3612/2121/2110 393/1832/1822 1165/1825/1816
f 2169/2129/2118 1926/2130/2119 3614/2131/2120
f 603/1962/1952 3613/2127/2116 1724/2126/2115
f 572/2102/2091 3613/2127/2116 1716/2132/2121
f 3613/2127/2116 571/2036/2025 1716/2132/2121
f 2455/2133/2122 2212/1980/1970 3615/2134/2123
f 436/2135/2124 3614/2131/2120 1926/2130/2119
f 405/1858/1848 3614/2131/2120 1918/2136/2125
f 3614/2131/2120 404/2137/2126 1918/2136/2125
f 2657/2138/2127 2414/2139/2128 3616/2140/2129
f 605/1981/1971 3615/2134/2123 2212/1980/1970
f 574/2124/2113 3615/2134/2123 2204/2141/2130
f 3615/2134/2123 573/2100/2089 2204/2141/2130
f 2925/2142/2131 2700/1988/1978 3617/2143/2132
f 438/2144/2133 3616/2140/2129 2414/2139/2128
f 407/1910/1900 3616/2140/2129 2406/2145/2134
f 3616/2140/2129 406/2146/2135 2406/2145/2134
f 1216/2147/2136 1224/1993/1983 3618/2148/2137
f 607/1884/1874 3617/2143/2132 2700/1988/1978
f 576/2149/2138 3617/2143/2132 2692/2150/2139
f 3617/2143/2132 575/2122/2111 2692/2150/2139
f 1467/2151/2140 1210/2044/2033 3619/2152/2141
f 1224/1993/1983 2925/2142/2131 3618/2148/2137
f 545/2153/1988 3618/2148/2137 1215/2154/2142
f 3618/2148/2137 576/2149/2138 1215/2154/2142
f 1715/2155/2143 1472/2037/2026 3620/2156/2144
f 553/2045/2034 3619/2152/2141 1210/2044/2033
f 522/2157/2145 3619/2152/2141 1201/2158/2146
f 3619/2152/2141 521/2159/2147 1201/2158/2146
f 1953/2160/2148 1710/2161/2149 3621/2162/2150
f 570/2038/2027 3620/2156/2144 1472/2037/2026
f 539/2163/2151 3620/2156/2144 1464/2164/2152
f 3620/2156/2144 538/2165/2153 1464/2164/2152
f 2175/2166/2154 1932/2167/2155 3622/2168/2156
f 547/2169/2157 3621/2162/2150 1710/2161/2149
f 516/2170/2158 3621/2162/2150 1702/2171/2159
f 3621/2162/2150 515/2172/2160 1702/2171/2159
f 2441/2173/2161 2198/2022/2011 3623/2174/2162
f 460/2175/2163 3622/2168/2156 1932/2167/2155
f 429/2176/2164 3622/2168/2156 1924/2007/1996
f 3622/2168/2156 428/2014/2003 1924/2007/1996
f 2665/2177/2165 2422/2178/2166 3624/2179/2167
f 549/2023/2012 3623/2174/2162 2198/2022/2011
f 518/2180/2168 3623/2174/2162 2190/2181/2169
f 3623/2174/2162 517/2182/2170 2190/2181/2169
f 2912/2183/2171 2686/2032/2021 3625/2184/2172
f 470/2185/2173 3624/2179/2167 2422/2178/2166
f 439/2117/2106 3624/2179/2167 2414/2139/2128
f 3624/2179/2167 438/2144/2133 2414/2139/2128
f 1209/2186/2174 2913/2187/2175 3626/2188/2176
f 551/2027/2016 3625/2184/2172 2686/2032/2021
f 520/2189/2177 3625/2184/2172 2678/2190/2178
f 3625/2184/2172 519/2191/2179 2678/2190/2178
f 1433/2192/2180 1172/2193/2181 3627/2194/2182
f 552/2031/2020 3626/2188/2176 2913/2187/2175
f 521/2159/2147 3626/2188/2176 2906/2195/2183
f 3626/2188/2176 520/2189/2177 2906/2195/2183
f 2423/2196/2184 2180/2197/2185 3628/2198/2186
f 417/2199/2187 3627/2194/2182 1172/2193/2181
f 386/1862/1852 3627/2194/2182 1163/2200/2188
f 3627/2194/2182 385/2201/2078 1163/2200/2188
f 1955/2202/2189 1712/2054/2043 3629/2203/2190
f 477/2204/2191 3628/2198/2186 2180/2197/2185
f 446/2205/2192 3628/2198/2186 2172/2040/2029
f 3628/2198/2186 445/2049/2038 2172/2040/2029
f 2199/2206/2193 1956/2059/2048 3630/2207/2194
f 555/2055/2044 3629/2203/2190 1712/2054/2043
f 524/2208/2195 3629/2203/2190 1704/2209/2196
f 3629/2203/2190 523/2210/2197 1704/2209/2196
f 2443/2211/2198 2200/2212/2199 3631/2213/2200
f 556/2053/2042 3630/2207/2194 1956/2059/2048
f 525/2214/2201 3630/2207/2194 1948/2215/2202
f 3630/2207/2194 524/2208/2195 1948/2215/2202
f 2685/2216/2203 2442/2028/2017 3632/2217/2204
f 557/2058/2047 3631/2213/2200 2200/2212/2199
f 526/2218/2205 3631/2213/2200 2192/2219/2206
f 3631/2213/2200 525/2214/2201 2192/2219/2206
f 2687/2220/2207 2444/2069/2058 3633/2221/2208
f 550/2021/2010 3632/2217/2204 2442/2028/2017
f 519/2191/2179 3632/2217/2204 2434/2222/2209
f 3632/2217/2204 518/2180/2168 2434/2222/2209
f 1211/2223/2210 2915/2080/2069 3634/2224/2211
f 558/2070/2059 3633/2221/2208 2444/2069/2058
f 527/2225/2212 3633/2221/2208 2436/2226/2213
f 3633/2221/2208 526/2218/2205 2436/2226/2213
f 1469/2227/2214 1212/2004/1993 3635/2228/2215
f 560/2063/2052 3634/2224/2211 2915/2080/2069
f 529/2229/2216 3634/2224/2211 2908/2230/2217
f 3634/2224/2211 528/2231/2218 2908/2230/2217
f 1713/2232/2219 1470/2085/2074 3636/2233/2220
f 561/2005/1994 3635/2228/2215 1212/2004/1993
f 530/2234/2221 3635/2228/2215 1203/2235/2222
f 3635/2228/2215 529/2229/2216 1203/2235/2222
f 1957/2236/2223 1714/2096/2085 3637/2237/2224
f 562/2003/1992 3636/2233/2220 1470/2085/2074
f 531/2238/2225 3636/2233/2220 1462/2239/2226
f 3636/2233/2220 530/2234/2221 1462/2239/2226
f 2201/2240/2227 1958/2241/2228 3638/2242/2229
f 563/2084/2073 3637/2237/2224 1714/2096/2085
f 532/2243/2230 3637/2237/2224 1706/2244/2231
f 3637/2237/2224 531/2238/2225 1706/2244/2231
f 2445/2245/2232 2202/2075/2064 3639/2246/2233
f 564/2095/2084 3638/2242/2229 1958/2241/2228
f 533/2247/2234 3638/2242/2229 1950/2248/2235
f 3638/2242/2229 532/2243/2230 1950/2248/2235
f 1213/2249/2236 2917/2250/2237 3640/2251/2238
f 565/2076/2065 3639/2246/2233 2202/2075/2064
f 534/2252/2239 3639/2246/2233 2194/2253/2240
f 3639/2246/2233 533/2247/2234 2194/2253/2240
f 1471/2254/2241 1214/2255/2242 3641/2256/2243
f 568/2113/2102 3640/2251/2238 2917/2250/2237
f 537/2257/2244 3640/2251/2238 2910/2258/2245
f 3640/2251/2238 536/2259/2246 2910/2258/2245
f 2895/2260/2247 2666/2261/2248 3642/2262/2249
f 569/2263/2250 3641/2256/2243 1214/2255/2242
f 538/2165/2153 3641/2256/2243 1205/2264/2251
f 3641/2256/2243 537/2257/2244 1205/2264/2251
f 1182/2265/2252 2892/2266/2253 3643/2267/2254
f 471/2268/2255 3642/2262/2249 2666/2261/2248
f 440/2269/2256 3642/2262/2249 2658/2111/2100
f 3642/2262/2249 439/2117/2106 2658/2111/2100
f 1709/2270/2257 1466/2271/2258 3644/2272/2259
f 456/2273/2260 3643/2267/2254 2892/2266/2253
f 425/2128/2117 3643/2267/2254 2885/2274/2261
f 3643/2267/2254 424/2275/2262 2885/2274/2261
f 1959/2276/2263 1716/2132/2121 3645/2277/2264
f 546/1997/1986 3644/2272/2259 1466/2271/2258
f 515/2172/2160 3644/2272/2259 1458/2278/2265
f 3644/2272/2259 514/2279/2266 1458/2278/2265
f 2177/2280/2267 1934/2281/2268 3646/2282/2269
f 571/2036/2025 3645/2277/2264 1716/2132/2121
f 540/2283/2270 3645/2277/2264 1708/2284/2271
f 3645/2277/2264 539/2163/2151 1708/2284/2271
f 2447/2285/2272 2204/2141/2130 3647/2286/2273
f 468/2287/2274 3646/2282/2269 1934/2281/2268
f 437/2288/2275 3646/2282/2269 1926/2130/2119
f 3646/2282/2269 436/2135/2124 1926/2130/2119
f 2691/2289/2276 2448/2123/2112 3648/2290/2277
f 573/2100/2089 3647/2286/2273 2204/2141/2130
f 542/2291/2278 3647/2286/2273 2196/2292/2279
f 3647/2286/2273 541/2293/2280 2196/2292/2279
f 2918/2294/2281 2692/2150/2139 3649/2295/2282
f 574/2124/2113 3648/2290/2277 2448/2123/2112
f 543/2296/2283 3648/2290/2277 2440/2297/2284
f 3648/2290/2277 542/2291/2278 2440/2297/2284
f 1207/2298/2285 1215/2154/2142 3650/2299/2286
f 575/2122/2111 3649/2295/2282 2692/2150/2139
f 544/2300/2287 3649/2295/2282 2684/2301/2288
f 3649/2295/2282 543/2296/2283 2684/2301/2288
f 1453/2302/2289 1194/2303/2290 3651/2304/2291
f 1215/2154/2142 2918/2294/2281 3650/2299/2286
f 513/2305/2292 3650/2299/2286 1206/2306/2293
f 3650/2299/2286 544/2300/2287 1206/2306/2293
f 2439/2307/2294 2196/2292/2279 3652/2308/2295
f 497/2309/2296 3651/2304/2291 1194/2303/2290
f 466/2310/2297 3651/2304/2291 1185/2311/2298
f 3651/2304/2291 465/2312/2299 1185/2311/2298
f 1945/2313/2300 1702/2171/2159 3653/2314/2301
f 541/2293/2280 3652/2308/2295 2196/2292/2279
f 510/2315/2302 3652/2308/2295 2188/2316/2303
f 3652/2308/2295 509/2317/2304 2188/2316/2303
f 1951/2318/2305 1708/2284/2271 3654/2319/2306
f 515/2172/2160 3653/2314/2301 1702/2171/2159
f 484/2320/2307 3653/2314/2301 1694/2321/2308
f 3653/2314/2301 483/2322/2309 1694/2321/2308
f 2427/2323/2310 2184/2324/2311 3655/2325/2312
f 539/2163/2151 3654/2319/2306 1708/2284/2271
f 508/2326/2313 3654/2319/2306 1700/2327/2314
f 3654/2319/2306 507/2328/2315 1700/2327/2314
f 2679/2329/2316 2436/2226/2213 3656/2330/2317
f 493/2331/2318 3655/2325/2312 2184/2324/2311
f 462/2332/2319 3655/2325/2312 2176/2333/2320
f 3655/2325/2312 461/2334/2321 2176/2333/2320
f 2905/2335/2322 2678/2190/2178 3657/2336/2323
f 526/2218/2205 3656/2330/2317 2436/2226/2213
f 495/2337/2324 3656/2330/2317 2428/2338/2325
f 3656/2330/2317 494/2339/2326 2428/2338/2325
f 1180/2340/2327 1188/2341/2328 3658/2342/2329
f 519/2191/2179 3657/2336/2323 2678/2190/2178
f 488/2343/2330 3657/2336/2323 2670/2344/2331
f 3657/2336/2323 487/2345/2332 2670/2344/2331
f 1459/2346/2333 1201/2158/2146 3659/2347/2334
f 1188/2341/2328 2897/2348/2335 3658/2342/2329
f 417/2349/2187 3658/2342/2329 1179/2082/2071
f 3658/2342/2329 448/2350/2336 1179/2082/2071
f 1697/2351/2337 1454/2352/2338 3660/2353/2339
f 521/2159/2147 3659/2347/2334 1201/2158/2146
f 490/2354/2340 3659/2347/2334 1192/2355/2341
f 3659/2347/2334 489/2356/2342 1192/2355/2341
f 1947/2357/2343 1704/2209/2196 3661/2358/2344
f 498/2359/2345 3660/2353/2339 1454/2352/2338
f 467/2360/2346 3660/2353/2339 1446/2361/2347
f 3660/2353/2339 466/2310/2297 1446/2361/2347
f 2191/2362/2348 1948/2215/2202 3662/2363/2349
f 523/2210/2197 3661/2358/2344 1704/2209/2196
f 492/2364/2350 3661/2358/2344 1696/2365/2351
f 3661/2358/2344 491/2366/2352 1696/2365/2351
f 1195/2367/2353 2903/2368/2354 3663/2369/2355
f 524/2208/2195 3662/2363/2349 1948/2215/2202
f 493/2331/2318 3662/2363/2349 1940/2370/2356
f 3662/2363/2349 492/2364/2350 1940/2370/2356
f 2669/2371/2357 2426/2372/2358 3664/2373/2359
f 504/2374/2360 3663/2369/2355 2903/2368/2354
f 473/2375/2361 3663/2369/2355 2896/2376/2362
f 3663/2369/2355 472/2377/2363 2896/2376/2362
f 1202/2378/2364 2908/2230/2217 3665/2379/2365
f 486/2380/2366 3664/2373/2359 2426/2372/2358
f 455/2381/2367 3664/2373/2359 2418/2382/2368
f 3664/2373/2359 454/2383/2369 2418/2382/2368
f 2907/2384/2370 2680/2385/2371 3666/2386/2372
f 528/2231/2218 3665/2379/2365 2908/2230/2217
f 497/2309/2296 3665/2379/2365 2901/2387/2373
f 3665/2379/2365 496/2388/2374 2901/2387/2373
f 2902/2389/2375 2674/2390/2376 3667/2391/2377
f 527/2225/2212 3666/2386/2372 2680/2385/2371
f 496/2388/2374 3666/2386/2372 2672/2392/2378
f 3666/2386/2372 495/2337/2324 2672/2392/2378
f 1705/2393/2379 1462/2239/2226 3668/2394/2380
f 503/2395/2381 3667/2391/2377 2674/2390/2376
f 472/2377/2363 3667/2391/2377 2666/2261/2248
f 3667/2391/2377 471/2268/2255 2666/2261/2248
f 1463/2396/2382 1205/2264/2251 3669/2397/2383
f 530/2234/2221 3668/2394/2380 1462/2239/2226
f 499/2398/2384 3668/2394/2380 1454/2352/2338
f 3668/2394/2380 498/2359/2345 1454/2352/2338
f 2193/2399/2385 1950/2248/2235 3670/2400/2386
f 537/2257/2244 3669/2397/2383 1205/2264/2251
f 506/2401/2387 3669/2397/2383 1196/2402/2388
f 3669/2397/2383 505/2403/2389 1196/2402/2388
f 2425/2404/2390 2182/2405/2391 3671/2406/2392
f 532/2243/2230 3670/2400/2386 1950/2248/2235
f 501/2407/2393 3670/2400/2386 1942/2408/2394
f 3670/2400/2386 500/2409/2395 1942/2408/2394
f 2671/2410/2396 2428/2338/2325 3672/2411/2397
f 485/2412/2398 3671/2406/2392 2182/2405/2391
f 454/2383/2369 3671/2406/2392 2174/2413/2399
f 3671/2406/2392 453/2414/2400 2174/2413/2399
f 2909/2415/2401 2682/2416/2402 3673/2417/2403
f 494/2339/2326 3672/2411/2397 2428/2338/2325
f 463/2418/2404 3672/2411/2397 2420/2419/2405
f 3672/2411/2397 462/2332/2319 2420/2419/2405
f 1204/2420/2406 2910/2258/2245 3674/2421/2407
f 535/2422/2408 3673/2417/2403 2682/2416/2402
f 504/2374/2360 3673/2417/2403 2674/2390/2376
f 3673/2417/2403 503/2395/2381 2674/2390/2376
f 1200/2423/2409 2906/2195/2183 3675/2424/2410
f 536/2259/2246 3674/2421/2407 2910/2258/2245
f 505/2403/2389 3674/2421/2407 2903/2368/2354
f 3674/2421/2407 504/2374/2360 2903/2368/2354
f 1937/2425/2411 1694/2321/2308 3676/2426/2412
f 520/2189/2177 3675/2424/2410 2906/2195/2183
f 489/2356/2342 3675/2424/2410 2899/2427/2413
f 3675/2424/2410 488/2343/2330 2899/2427/2413
f 1701/2428/2414 1458/2278/2265 3677/2429/2415
f 483/2322/2309 3676/2426/2412 1694/2321/2308
f 452/2430/2416 3676/2426/2412 1686/2431/2417
f 3676/2426/2412 451/2432/2418 1686/2431/2417
f 1939/2433/2419 1696/2365/2351 3678/2434/2420
f 514/2279/2266 3677/2429/2415 1458/2278/2265
f 483/2322/2309 3677/2429/2415 1450/2435/2421
f 3677/2429/2415 482/2436/2422 1450/2435/2421
f 1707/2437/2423 1464/2164/2152 3679/2438/2424
f 491/2366/2352 3678/2434/2420 1696/2365/2351
f 460/2175/2163 3678/2434/2420 1688/2439/2425
f 3678/2434/2420 459/2440/2426 1688/2439/2425
f 2195/2441/2427 1952/2442/2428 3680/2443/2429
f 538/2165/2153 3679/2438/2424 1464/2164/2152
f 507/2328/2315 3679/2438/2424 1456/2444/2430
f 3679/2438/2424 506/2401/2387 1456/2444/2430
f 2911/2445/2431 2684/2301/2288 3681/2446/2432
f 540/2283/2270 3680/2443/2429 1952/2442/2428
f 509/2317/2304 3680/2443/2429 1944/2447/2433
f 3680/2443/2429 508/2326/2313 1944/2447/2433
f 1198/2448/2434 1206/2306/2293 3682/2449/2435
f 543/2296/2283 3681/2446/2432 2684/2301/2288
f 512/2450/2436 3681/2446/2432 2676/2451/2437
f 3681/2446/2432 511/2452/2438 2676/2451/2437
f 2681/2453/2439 2438/2454/2440 3683/2455/2441
f 1206/2306/2293 2911/2445/2431 3682/2449/2435
f 481/2456/2442 3682/2449/2435 1197/2457/2443
f 3682/2449/2435 512/2450/2436 1197/2457/2443
f 1693/2458/2444 1450/2435/2421 3684/2459/2445
f 534/2252/2239 3683/2455/2441 2438/2454/2440
f 503/2395/2381 3683/2455/2441 2430/2460/2446
f 3683/2455/2441 502/2461/2447 2430/2460/2446
f 2904/2462/2448 2676/2451/2437 3685/2463/2449
f 482/2436/2422 3684/2459/2445 1450/2435/2421
f 451/2432/2418 3684/2459/2445 1442/2464/2450
f 3684/2459/2445 450/2465/2451 1442/2464/2450
f 2181/2466/2452 1938/2467/2453 3686/2468/2454
f 511/2452/2438 3685/2463/2449 2676/2451/2437
f 480/2469/2455 3685/2463/2449 2668/2470/2456
f 3685/2463/2449 479/2471/2457 2668/2470/2456
f 2435/2472/2458 2192/2219/2206 3687/2473/2459
f 484/2320/2307 3686/2468/2454 1938/2467/2453
f 453/2414/2400 3686/2468/2454 1930/2474/2460
f 3686/2468/2454 452/2430/2416 1930/2474/2460
f 1449/2475/2461 1190/2476/2462 3688/2477/2463
f 525/2214/2201 3687/2473/2459 2192/2219/2206
f 494/2339/2326 3687/2473/2459 2184/2324/2311
f 3687/2473/2459 493/2331/2318 2184/2324/2311
f 1189/2478/2464 1197/2457/2443 3689/2479/2465
f 481/2480/2442 3688/2477/2463 1190/2476/2462
f 450/2465/2451 3688/2477/2463 1181/2481/2466
f 3688/2477/2463 449/2482/2467 1181/2481/2466
f 1191/2483/2468 2899/2427/2413 3690/2484/2469
f 1197/2457/2443 2904/2462/2448 3689/2479/2465
f 449/2485/2467 3689/2479/2465 1188/2341/2328
f 3689/2479/2465 480/2469/2455 1188/2341/2328
f 2189/2486/2470 1946/2487/2471 3691/2488/2472
f 488/2343/2330 3690/2484/2469 2899/2427/2413
f 457/2489/2473 3690/2484/2469 2892/2266/2253
f 3690/2484/2469 456/2273/2260 2892/2266/2253
f 1695/2490/2474 1452/2491/2475 3692/2492/2476
f 516/2170/2158 3691/2488/2472 1946/2487/2471
f 485/2412/2398 3691/2488/2472 1938/2467/2453
f 3691/2488/2472 484/2320/2307 1938/2467/2453
f 1457/2493/2477 1199/2494/2478 3693/2495/2479
f 490/2354/2340 3692/2492/2476 1452/2491/2475
f 459/2440/2426 3692/2492/2476 1444/2496/2480
f 3692/2492/2476 458/2497/2481 1444/2496/2480
f 1949/2498/2482 1706/2244/2231 3694/2499/2483
f 513/2500/2292 3693/2495/2479 1199/2494/2478
f 482/2436/2422 3693/2495/2479 1190/2476/2462
f 3693/2495/2479 481/2480/2442 1190/2476/2462
f 2429/2501/2484 2186/2502/2485 3695/2503/2486
f 531/2238/2225 3694/2499/2483 1706/2244/2231
f 500/2409/2395 3694/2499/2483 1698/2504/2487
f 3694/2499/2483 499/2398/2384 1698/2504/2487
f 2677/2505/2488 2434/2222/2209 3696/2506/2489
f 501/2407/2393 3695/2503/2486 2186/2502/2485
f 470/2185/2173 3695/2503/2486 2178/2507/2490
f 3695/2503/2486 469/2508/2491 2178/2507/2490
f 2900/2509/2492 2672/2392/2378 3697/2510/2493
f 518/2180/2168 3696/2506/2489 2434/2222/2209
f 487/2345/2332 3696/2506/2489 2426/2372/2358
f 3696/2506/2489 486/2380/2366 2426/2372/2358
f 2898/2511/2494 2670/2344/2331 3698/2512/2495
f 495/2337/2324 3697/2510/2493 2672/2392/2378
f 464/2513/2496 3697/2510/2493 2664/2514/2497
f 3697/2510/2493 463/2418/2404 2664/2514/2497
f 1193/2515/2498 2901/2387/2373 3699/2516/2499
f 487/2345/2332 3698/2512/2495 2670/2344/2331
f 456/2273/2260 3698/2512/2495 2662/2517/2500
f 3698/2512/2495 455/2381/2367 2662/2517/2500
f 2437/2518/2501 2194/2253/2240 3700/2519/2502
f 496/2388/2374 3699/2516/2499 2901/2387/2373
f 465/2312/2299 3699/2516/2499 2894/2520/2503
f 3699/2516/2499 464/2513/2496 2894/2520/2503
f 1941/2521/2504 1698/2504/2487 3701/2522/2505
f 533/2247/2234 3700/2519/2502 2194/2253/2240
f 502/2461/2447 3700/2519/2502 2186/2502/2485
f 3700/2519/2502 501/2407/2393 2186/2502/2485
f 2183/2523/2506 1940/2370/2356 3702/2524/2507
f 499/2398/2384 3701/2522/2505 1698/2504/2487
f 468/2287/2274 3701/2522/2505 1690/2525/2508
f 3701/2522/2505 467/2360/2346 1690/2525/2508
f 2433/2526/2509 2190/2181/2169 3703/2527/2510
f 492/2364/2350 3702/2524/2507 1940/2370/2356
f 461/2334/2321 3702/2524/2507 1932/2167/2155
f 3702/2524/2507 460/2175/2163 1932/2167/2155
f 2673/2528/2511 2430/2460/2446 3704/2529/2512
f 517/2182/2170 3703/2527/2510 2190/2181/2169
f 486/2380/2366 3703/2527/2510 2182/2405/2391
f 3703/2527/2510 485/2412/2398 2182/2405/2391
f 1461/2530/2513 1203/2235/2222 3705/2531/2514
f 502/2461/2447 3704/2529/2512 2430/2460/2446
f 471/2268/2255 3704/2529/2512 2422/2178/2166
f 3704/2529/2512 470/2185/2173 2422/2178/2166
f 1451/2532/2515 1192/2355/2341 3706/2533/2516
f 529/2229/2216 3705/2531/2514 1203/2235/2222
f 498/2359/2345 3705/2531/2514 1194/2303/2290
f 3705/2531/2514 497/2309/2296 1194/2303/2290
f 1455/2534/2517 1196/2402/2388 3707/2535/2518
f 489/2356/2342 3706/2533/2516 1192/2355/2341
f 458/2497/2481 3706/2533/2516 1183/2536/2519
f 3706/2533/2516 457/2489/2473 1183/2536/2519
f 1699/2537/2520 1456/2444/2430 3708/2538/2521
f 505/2403/2389 3707/2535/2518 1196/2402/2388
f 474/2539/2522 3707/2535/2518 1187/2540/2523
f 3707/2535/2518 473/2375/2361 1187/2540/2523
f 1943/2541/2524 1700/2327/2314 3709/2542/2525
f 506/2401/2387 3708/2538/2521 1456/2444/2430
f 475/2543/2526 3708/2538/2521 1448/2544/2527
f 3708/2538/2521 474/2539/2522 1448/2544/2527
f 2187/2545/2528 1944/2447/2433 3710/2546/2529
f 507/2328/2315 3709/2542/2525 1700/2327/2314
f 476/2547/2530 3709/2542/2525 1692/2548/2531
f 3709/2542/2525 475/2543/2526 1692/2548/2531
f 2431/2549/2532 2188/2316/2303 3711/2550/2533
f 508/2326/2313 3710/2546/2529 1944/2447/2433
f 477/2204/2191 3710/2546/2529 1936/2551/2534
f 3710/2546/2529 476/2547/2530 1936/2551/2534
f 2675/2552/2535 2432/2553/2536 3712/2554/2537
f 509/2317/2304 3711/2550/2533 2188/2316/2303
f 478/2555/2538 3711/2550/2533 2180/2197/2185
f 3711/2550/2533 477/2204/2191 2180/2197/2185
f 2185/2556/2539 1942/2408/2394 3713/2557/2540
f 510/2315/2302 3712/2554/2537 2432/2553/2536
f 479/2471/2457 3712/2554/2537 2424/2558/2541
f 3712/2554/2537 478/2555/2538 2424/2558/2541
f 1703/2559/2542 1460/2560/2543 3714/2561/2544
f 500/2409/2395 3713/2557/2540 1942/2408/2394
f 469/2508/2491 3713/2557/2540 1934/2281/2268
f 3713/2557/2540 468/2287/2274 1934/2281/2268
f 1441/2562/2545 1181/2481/2466 3715/2563/2546
f 522/2157/2145 3714/2561/2544 1460/2560/2543
f 491/2366/2352 3714/2561/2544 1452/2491/2475
f 3714/2561/2544 490/2354/2340 1452/2491/2475
f 1685/2564/2547 1442/2464/2450 3716/2565/2548
f 449/2482/2467 3715/2563/2546 1181/2481/2466
f 418/2566/2549 3715/2563/2546 1172/2193/2181
f 3715/2563/2546 417/2199/2187 1172/2193/2181
f 2891/2567/2550 2662/2517/2500 3717/2568/2551
f 450/2465/2451 3716/2565/2548 1442/2464/2450
f 419/2569/2552 3716/2565/2548 1434/2570/2553
f 3716/2565/2548 418/2566/2549 1434/2570/2553
f 2173/2571/2554 1930/2474/2460 3718/2572/2555
f 455/2381/2367 3717/2568/2551 2662/2517/2500
f 424/2275/2262 3717/2568/2551 2654/2573/2556
f 3717/2568/2551 423/2574/2557 2654/2573/2556
f 1691/2575/2558 1448/2544/2527 3719/2576/2559
f 452/2430/2416 3718/2572/2555 1930/2474/2460
f 421/2577/2560 3718/2572/2555 1922/2578/2561
f 3718/2572/2555 420/2579/2562 1922/2578/2561
f 2689/2580/2563 2446/2109/2098 3720/2581/2564
f 474/2539/2522 3719/2576/2559 1448/2544/2527
f 443/2009/1998 3719/2576/2559 1440/2582/2565
f 3719/2576/2559 442/2583/2566 1440/2582/2565
f 1184/2584/2567 2894/2520/2503 3721/2585/2568
f 566/2074/2063 3720/2581/2564 2446/2109/2098
f 535/2422/2408 3720/2581/2564 2438/2454/2440
f 3720/2581/2564 534/2252/2239 2438/2454/2440
f 1689/2586/2569 1446/2361/2347 3722/2587/2570
f 464/2513/2496 3721/2585/2568 2894/2520/2503
f 433/2588/2571 3721/2585/2568 2887/2589/2572
f 3721/2585/2568 432/2590/2573 2887/2589/2572
f 1443/2591/2574 1183/2536/2519 3723/2592/2575
f 466/2310/2297 3722/2587/2570 1446/2361/2347
f 435/2593/2576 3722/2587/2570 1438/2594/2577
f 3722/2587/2570 434/2595/2578 1438/2594/2577
f 1687/2596/2579 1444/2496/2480 3724/2597/2580
f 457/2489/2473 3723/2592/2575 1183/2536/2519
f 426/2598/2581 3723/2592/2575 1174/2120/2109
f 3723/2592/2575 425/2128/2117 1174/2120/2109
f 2179/2599/2582 1936/2551/2534 3725/2600/2583
f 458/2497/2481 3724/2597/2580 1444/2496/2480
f 427/2601/2584 3724/2597/2580 1436/2602/2585
f 3724/2597/2580 426/2598/2581 1436/2602/2585
f 2417/2603/2586 2174/2413/2399 3726/2604/2587
f 476/2547/2530 3725/2600/2583 1936/2551/2534
f 445/2049/2038 3725/2600/2583 1928/2605/2588
f 3725/2600/2583 444/2606/2589 1928/2605/2588
f 1711/2607/2590 1468/2105/2094 3727/2608/2591
f 453/2414/2400 3726/2604/2587 2174/2413/2399
f 422/2609/2592 3726/2604/2587 2166/2610/2593
f 3726/2604/2587 421/2577/2560 2166/2610/2593
f 2663/2611/2594 2420/2419/2405 3728/2612/2595
f 554/2043/2032 3727/2608/2591 1468/2105/2094
f 523/2210/2197 3727/2608/2591 1460/2560/2543
f 3727/2608/2591 522/2157/2145 1460/2560/2543
f 2893/2613/2596 2664/2514/2497 3729/2614/2597
f 462/2332/2319 3728/2612/2595 2420/2419/2405
f 431/2615/2598 3728/2612/2595 2412/2616/2599
f 3728/2612/2595 430/2617/2600 2412/2616/2599
f 2914/2618/2601 2688/2064/2053 3730/2619/2602
f 463/2418/2404 3729/2614/2597 2664/2514/2497
f 432/2590/2573 3729/2614/2597 2656/2620/2603
f 3729/2614/2597 431/2615/2598 2656/2620/2603
f 2897/2348/2335 2668/2470/2456 3731/2621/2604
f 559/2065/2054 3730/2619/2602 2688/2064/2053
f 528/2231/2218 3730/2619/2602 2680/2385/2371
f 3730/2619/2602 527/2225/2212 2680/2385/2371
f 2203/2622/2605 1960/2101/2090 3732/2623/2606
f 479/2471/2457 3731/2621/2604 2668/2470/2456
f 448/2350/2336 3731/2621/2604 2660/2624/2607
f 3731/2621/2604 447/2625/2608 2660/2624/2607
f 2197/2626/2609 1954/2627/2610 3733/2628/2611
f 572/2102/2091 3732/2623/2606 1960/2101/2090
f 541/2293/2280 3732/2623/2606 1952/2442/2428
f 3732/2623/2606 540/2283/2270 1952/2442/2428
f 2667/2629/2612 2424/2558/2541 3734/2630/2613
f 548/2631/2614 3733/2628/2611 1954/2627/2610
f 517/2182/2170 3733/2628/2611 1946/2487/2471
f 3733/2628/2611 516/2170/2158 1946/2487/2471
f 2419/2632/2615 2176/2333/2320 3735/2633/2616
f 478/2555/2538 3734/2630/2613 2424/2558/2541
f 447/2625/2608 3734/2630/2613 2416/2634/2617
f 3734/2630/2613 446/2205/2192 2416/2634/2617
f 2661/2635/2618 2418/2382/2368 3736/2636/2619
f 461/2334/2321 3735/2633/2616 2176/2333/2320
f 430/2617/2600 3735/2633/2616 2168/2637/2620
f 3735/2633/2616 429/2176/2164 2168/2637/2620
f 1186/2638/2621 2896/2376/2362 3737/2639/2622
f 454/2383/2369 3736/2636/2619 2418/2382/2368
f 423/2574/2557 3736/2636/2619 2410/2640/2623
f 3736/2636/2619 422/2609/2592 2410/2640/2623
f 2916/2641/2624 2690/2114/2103 3738/2642/2625
f 472/2377/2363 3737/2639/2622 2896/2376/2362
f 441/2643/2626 3737/2639/2622 2889/2644/2627
f 3737/2639/2622 440/2269/2256 2889/2644/2627
f 1447/2645/2628 1187/2540/2523 3739/2646/2629
f 567/2108/2097 3738/2642/2625 2690/2114/2103
f 536/2259/2246 3738/2642/2625 2682/2416/2402
f 3738/2642/2625 535/2422/2408 2682/2416/2402
f 1929/2647/2630 1686/2431/2417 3740/2648/2631
f 473/2375/2361 3739/2646/2629 1187/2540/2523
f 442/2583/2566 3739/2646/2629 1178/2649/2632
f 3739/2646/2629 441/2643/2626 1178/2649/2632
f 1933/2650/2633 1690/2525/2508 3741/2651/2634
f 451/2432/2418 3740/2648/2631 1686/2431/2417
f 420/2579/2562 3740/2648/2631 1678/2652/2635
f 3740/2648/2631 419/2569/2552 1678/2652/2635
f 1931/2653/2636 1688/2439/2425 3742/2654/2637
f 467/2360/2346 3741/2651/2634 1690/2525/2508
f 436/2135/2124 3741/2651/2634 1682/2655/2638
f 3741/2651/2634 435/2593/2576 1682/2655/2638
f 1935/2656/2639 1692/2548/2531 3743/2657/2640
f 459/2440/2426 3742/2654/2637 1688/2439/2425
f 428/2014/2003 3742/2654/2637 1680/2658/2641
f 3742/2654/2637 427/2601/2584 1680/2658/2641
f 1465/2659/2642 1208/1998/1987 3744/2660/2643
f 475/2543/2526 3743/2657/2640 1692/2548/2531
f 444/2606/2589 3743/2657/2640 1684/2001/1990
f 3743/2657/2640 443/2009/1998 1684/2001/1990
f 2421/2661/2644 2178/2507/2490 3745/2662/2645
f 545/1999/1988 3744/2660/2643 1208/1998/1987
f 514/2279/2266 3744/2660/2643 1199/2494/2478
f 3744/2660/2643 513/2500/2292 1199/2494/2478
f 1445/2663/2646 1185/2311/2298 3746/2664/2647
f 469/2508/2491 3745/2662/2645 2178/2507/2490
f 438/2144/2133 3745/2662/2645 2170/2665/2648
f 3745/2662/2645 437/2288/2275 2170/2665/2648
f 2653/2666/2649 2410/2640/2623 3747/2667/2650
f 465/2312/2299 3746/2664/2647 1185/2311/2298
f 434/2595/2578 3746/2664/2647 1176/2668/2651
f 3746/2664/2647 433/2588/2571 1176/2668/2651
f 1677/2669/2652 1434/2570/2553 3748/2670/2653
f 422/2609/2592 3747/2667/2650 2410/2640/2623
f 391/2671/2654 3747/2667/2650 2402/1894/1884
f 3747/2667/2650 390/1901/1891 2402/1894/1884
f 2890/2088/2077 2660/2624/2607 3749/2672/2655
f 418/2566/2549 3748/2670/2653 1434/2570/2553
f 387/1933/1923 3748/2670/2653 1426/1856/1846
f 3748/2670/2653 386/1862/1852 1426/1856/1846
f 2165/2673/2656 1922/2578/2561 3750/2674/2657
f 447/2625/2608 3749/2672/2655 2660/2624/2607
f 416/2091/2080 3749/2672/2655 2652/2675/2658
f 3749/2672/2655 415/2676/2659 2652/2675/2658
f 1222/2677/2660 2924/1853/1843 3751/2678/2661
f 420/2579/2562 3750/2674/2657 1922/2578/2561
f 389/2679/2662 3750/2674/2657 1914/1936/1926
f 3750/2674/2657 388/1942/1932 1914/1936/1926
f 1479/2680/2663 1223/1984/1974 3752/2681/2664
f 600/1854/1844 3751/2678/2661 2924/1853/1843
f 569/2263/2250 3751/2678/2661 2917/2250/2237
f 3751/2678/2661 568/2113/2102 2917/2250/2237
f 2409/2682/2665 2166/2610/2593 3753/2683/2666
f 601/1852/1842 3752/2681/2664 1223/1984/1974
f 570/2038/2027 3752/2681/2664 1214/2255/2242
f 3752/2681/2664 569/2263/2250 1214/2255/2242
f 1173/2684/2667 2885/2274/2261 3754/2685/2668
f 421/2577/2560 3753/2683/2666 2166/2610/2593
f 390/1901/1891 3753/2683/2666 2158/2686/2669
f 3753/2683/2666 389/2679/2662 2158/2686/2669
f 2655/2687/2670 2412/2616/2599 3755/2688/2671
f 424/2275/2262 3754/2685/2668 2885/2274/2261
f 393/1832/1822 3754/2685/2668 2878/2689/2672
f 3754/2685/2668 392/2690/2673 2878/2689/2672
f 1679/2691/2674 1436/2602/2585 3756/2692/2675
f 430/2617/2600 3755/2688/2671 2412/2616/2599
f 399/1956/1946 3755/2688/2671 2404/2693/2676
f 3755/2688/2671 398/2694/2677 2404/2693/2676
f 1925/2695/2678 1682/2655/2638 3757/2696/2679
f 426/2598/2581 3756/2692/2675 1436/2602/2585
f 395/2697/2680 3756/2692/2675 1428/1888/1878
f 3756/2692/2675 394/1896/1886 1428/1888/1878
f 1923/2698/2681 1680/2658/2641 3758/2699/2682
f 435/2593/2576 3757/2696/2679 1682/2655/2638
f 404/2137/2126 3757/2696/2679 1674/2700/2683
f 3757/2696/2679 403/2701/2684 1674/2700/2683
f 2411/2702/2685 2168/2637/2620 3759/2703/2686
f 427/2601/2584 3758/2699/2682 1680/2658/2641
f 396/2017/2006 3758/2699/2682 1672/2704/2687
f 3758/2699/2682 395/2697/2680 1672/2704/2687
f 1717/2705/2688 1474/1839/1829 3760/2706/2689
f 429/2176/2164 3759/2703/2686 2168/2637/2620
f 398/2694/2677 3759/2703/2686 2160/2707/2690
f 3759/2703/2686 397/2015/2004 2160/2707/2690
f 2886/2708/2691 2656/2620/2603 3761/2709/2692
f 578/1840/1830 3760/2706/2689 1474/1839/1829
f 547/2169/2157 3760/2706/2689 1466/2271/2258
f 3760/2706/2689 546/1997/1986 1466/2271/2258
f 1218/2710/2693 2920/2711/2694 3762/2712/2695
f 431/2615/2598 3761/2709/2692 2656/2620/2603
f 400/2713/2696 3761/2709/2692 2648/1948/1938
f 3761/2709/2692 399/1956/1946 2648/1948/1938
f 1437/2714/2697 1176/2668/2651 3763/2715/2698
f 584/1867/1857 3762/2712/2695 2920/2711/2694
f 553/2045/2034 3762/2712/2695 2913/2187/2175
f 3762/2712/2695 552/2031/2020 2913/2187/2175
f 1681/2716/2699 1438/2594/2577 3764/2717/2700
f 433/2588/2571 3763/2715/2698 1176/2668/2651
f 402/2718/2701 3763/2715/2698 1167/1944/1934
f 3763/2715/2698 401/1950/1940 1167/1944/1934
f 1175/2719/2702 2887/2589/2572 3765/2720/2703
f 434/2595/2578 3764/2717/2700 1438/2594/2577
f 403/2701/2684 3764/2717/2700 1430/2721/2704
f 3764/2717/2700 402/2718/2701 1430/2721/2704
f 2205/2722/2705 1962/1848/1838 3766/2723/2706
f 432/2590/2573 3765/2720/2703 2887/2589/2572
f 401/1950/1940 3765/2720/2703 2880/2724/2707
f 3765/2720/2703 400/2713/2696 2880/2724/2707
f 2413/2725/2708 2170/2665/2648 3767/2726/2709
f 580/1843/1833 3766/2723/2706 1962/1848/1838
f 549/2023/2012 3766/2723/2706 1954/2627/2610
f 3766/2723/2706 548/2631/2614 1954/2627/2610
f 2171/2727/2710 1928/2605/2588 3768/2728/2711
f 437/2288/2275 3767/2726/2709 2170/2665/2648
f 406/2146/2135 3767/2726/2709 2162/1850/1840
f 3767/2726/2709 405/1858/1848 2162/1850/1840
f 1961/2729/2712 1718/1844/1834 3769/2730/2713
f 444/2606/2589 3768/2728/2711 1928/2605/2588
f 413/1872/1862 3768/2728/2711 1920/2731/2714
f 3768/2728/2711 412/2010/1999 1920/2731/2714
f 1177/2732/2715 2889/2644/2627 3770/2733/2716
f 579/1838/1828 3769/2730/2713 1718/1844/1834
f 548/2631/2614 3769/2730/2713 1710/2161/2149
f 3769/2730/2713 547/2169/2157 1710/2161/2149
f 1439/2734/2717 1178/2649/2632 3771/2735/2718
f 440/2269/2256 3770/2733/2716 2889/2644/2627
f 409/2736/2719 3770/2733/2716 2882/2737/2720
f 3770/2733/2716 408/2118/2107 2882/2737/2720
f 1683/2738/2721 1440/2582/2565 3772/2739/2722
f 441/2643/2626 3771/2735/2718 1178/2649/2632
f 410/1968/1958 3771/2735/2718 1169/2740/2723
f 3771/2735/2718 409/2736/2719 1169/2740/2723
f 2451/2741/2724 2208/2742/2725 3773/2743/2726
f 442/2583/2566 3772/2739/2722 1440/2582/2565
f 411/1974/1964 3772/2739/2722 1432/1960/1950
f 3772/2739/2722 410/1968/1958 1432/1960/1950
f 2209/2744/2727 1966/2745/2728 3774/2746/2729
f 589/1890/1880 3773/2743/2726 2208/2742/2725
f 558/2070/2059 3773/2743/2726 2200/2212/2199
f 3773/2743/2726 557/2058/2047 2200/2212/2199
f 2459/2747/2730 2216/1690/1681 3775/2748/2731
f 596/1927/1917 3774/2746/2729 1966/2745/2728
f 565/2076/2065 3774/2746/2729 1958/2241/2228
f 3774/2746/2729 564/2095/2084 1958/2241/2228
f 2659/2749/2732 2416/2634/2617 3776/2750/2733
f 621/1691/1682 3775/2748/2731 2216/1690/1681
f 590/2068/2057 3775/2748/2731 2208/2742/2725
f 3775/2748/2731 589/1890/1880 2208/2742/2725
f 1921/2751/2734 1678/2652/2635 3777/2752/2735
f 446/2205/2192 3776/2750/2733 2416/2634/2617
f 415/2676/2659 3776/2750/2733 2408/2753/2736
f 3776/2750/2733 414/2050/2039 2408/2753/2736
f 2884/2754/2737 2654/2573/2556 3778/2755/2738
f 419/2569/2552 3777/2752/2735 1678/2652/2635
f 388/1942/1932 3777/2752/2735 1670/1925/1915
f 3777/2752/2735 387/1933/1923 1670/1925/1915
f 1425/2756/2739 1163/2200/2188 3779/2757/2740
f 423/2574/2557 3778/2755/2738 2654/2573/2556
f 392/2690/2673 3778/2755/2738 2646/2758/2741
f 3778/2755/2738 391/2671/2654 2646/2758/2741
f 1162/2759/2742 1170/2090/2079 3780/2760/2743
f 385/2201/2078 3779/2757/2740 1163/2200/2188
f 354/1796/1787 3779/2757/2740 1154/2761/2744
f 3779/2757/2740 353/2762/2745 1154/2761/2744
f 1229/2763/2746 2929/2764/2747 3781/2765/2748
f 1170/2090/2079 2883/2766/2749 3780/2760/2743
f 353/2767/2745 3780/2760/2743 1161/2768/2750
f 3780/2760/2743 384/2769/2751 1161/2768/2750
f 2883/2766/2749 2652/2675/2658 3782/2770/2752
f 624/2771/2753 3781/2765/2748 2929/2764/2747
f 593/1917/1907 3781/2765/2748 2922/2072/2061
f 3781/2765/2748 592/1905/1895 2922/2072/2061
f 2401/2772/2754 2158/2686/2669 3783/2773/2755
f 415/2676/2659 3782/2770/2752 2652/2675/2658
f 384/2769/2751 3782/2770/2752 2644/1661/1653
f 3782/2770/2752 383/1667/1658 2644/1661/1653
f 2647/2774/2756 2404/2693/2676 3784/2775/2757
f 389/2679/2662 3783/2773/2755 2158/2686/2669
f 358/1736/1727 3783/2773/2755 2150/1725/1716
f 3783/2773/2755 357/1731/1722 2150/1725/1716
f 2877/2776/2758 2646/2758/2741 3785/2777/2759
f 398/2694/2677 3784/2775/2757 2404/2693/2676
f 367/1958/1948 3784/2775/2757 2396/2778/2760
f 3784/2775/2757 366/2779/2761 2396/2778/2760
f 1164/2780/2762 2878/2689/2672 3786/2781/2763
f 391/2671/2654 3785/2777/2759 2646/2758/2741
f 360/1741/1732 3785/2777/2759 2638/1698/1689
f 3785/2777/2759 359/1705/1696 2638/1698/1689
f 1481/2782/2764 1226/1695/1686 3787/2783/2765
f 392/2690/2673 3786/2781/2763 2878/2689/2672
f 361/1835/1825 3786/2781/2763 2871/1734/1725
f 3786/2781/2763 360/1741/1732 2871/1734/1725
f 2457/2784/2766 2214/2785/2767 3788/2786/2768
f 609/1696/1687 3787/2783/2765 1226/1695/1686
f 578/1840/1830 3787/2783/2765 1217/1990/1980
f 3787/2783/2765 577/1996/1982 1217/1990/1980
f 1915/2787/2769 1672/2704/2687 3789/2788/2770
f 613/1684/1675 3788/2786/2768 2214/2785/2767
f 582/2026/2015 3788/2786/2768 2206/2012/2001
f 3788/2786/2768 581/1847/1837 2206/2012/2001
f 1971/2789/2771 1728/1722/1713 3790/2790/2772
f 395/2697/2680 3789/2788/2770 1672/2704/2687
f 364/2791/2773 3789/2788/2770 1664/1739/1730
f 3789/2788/2770 363/1746/1737 1664/1739/1730
f 2403/2792/2774 2160/2707/2690 3791/2793/2775
f 619/1723/1714 3790/2790/2772 1728/1722/1713
f 588/1892/1882 3790/2790/2772 1720/2047/2036
f 3790/2790/2772 587/1878/1868 1720/2047/2036
f 2701/2794/2776 2458/2795/2777 3792/2796/2778
f 397/2015/2004 3791/2793/2775 2160/2707/2690
f 366/2779/2761 3791/2793/2775 2152/2797/2779
f 3791/2793/2775 365/2798/2780 2152/2797/2779
f 2715/2799/2781 2472/2800/2782 3793/2801/2783
f 614/2802/2784 3792/2796/2778 2458/2795/2777
f 583/1869/1859 3792/2796/2778 2450/2019/2008
f 3792/2796/2778 582/2026/2015 2450/2019/2008
f 1166/2803/2785 2880/2724/2707 3794/2804/2786
f 670/1646/1638 3793/2801/2783 2472/2800/2782
f 639/1823/1814 3793/2801/2783 2464/1876/1866
f 3793/2801/2783 638/1812/1803 2464/1876/1866
f 1483/2805/2787 1228/1712/1703 3795/2806/2788
f 400/2713/2696 3794/2804/2786 2880/2724/2707
f 369/1953/1943 3794/2804/2786 2873/1672/1663
f 3794/2804/2786 368/1679/1670 2873/1672/1663
f 1673/2807/2789 1430/2721/2704 3796/2808/2790
f 617/1713/1704 3795/2806/2788 1228/1712/1703
f 586/1880/1870 3795/2806/2788 1219/2034/2023
f 3795/2806/2788 585/2042/2031 1219/2034/2023
f 2159/2809/2791 1916/2016/2005 3797/2810/2792
f 402/2718/2701 3796/2808/2790 1430/2721/2704
f 371/1817/1808 3796/2808/2790 1422/2811/2793
f 3796/2808/2790 370/1951/1941 1422/2811/2793
f 2161/2812/2794 1918/2136/2125 3798/2813/2795
f 396/2017/2006 3797/2810/2792 1916/2016/2005
f 365/2798/2780 3797/2810/2792 1908/2814/2796
f 3797/2810/2792 364/2791/2773 1908/2814/2796
f 2217/2815/2797 1974/1675/1666 3799/2816/2798
f 404/2137/2126 3798/2813/2795 1918/2136/2125
f 373/1757/1748 3798/2813/2795 1910/2817/2799
f 3798/2813/2795 372/2818/2800 1910/2817/2799
f 2649/2819/2801 2406/2145/2134 3800/2820/2802
f 628/1676/1667 3799/2816/2798 1974/1675/1666
f 597/1939/1929 3799/2816/2798 1966/2745/2728
f 3799/2816/2798 596/1927/1917 1966/2745/2728
f 1227/2821/2803 2927/2822/2804 3801/2823/2805
f 406/2146/2135 3800/2820/2802 2406/2145/2134
f 375/1716/1707 3800/2820/2802 2398/2824/2806
f 3800/2820/2802 374/1859/1849 2398/2824/2806
f 1168/2825/2807 2882/2737/2720 3802/2826/2808
f 616/1700/1691 3801/2823/2805 2927/2822/2804
f 585/2042/2031 3801/2823/2805 2920/2711/2694
f 3801/2823/2805 584/1867/1857 2920/2711/2694
f 1431/2827/2809 1169/2740/2723 3803/2828/2810
f 408/2118/2107 3802/2826/2808 2882/2737/2720
f 377/2829/2811 3802/2826/2808 2875/2830/2812
f 3802/2826/2808 376/1911/1901 2875/2830/2812
f 1975/2831/2813 1732/2832/2814 3804/2833/2815
f 409/2736/2719 3803/2828/2810 1169/2740/2723
f 378/1971/1961 3803/2828/2810 1160/2834/2816
f 3803/2828/2810 377/2829/2811 1160/2834/2816
f 2703/2835/2817 2460/1776/1767 3805/2836/2818
f 635/1802/1793 3804/2833/2815 1732/2832/2814
f 604/2099/2088 3804/2833/2815 1724/2126/2115
f 3804/2833/2815 603/1962/1952 1724/2126/2115
f 2163/2837/2819 1920/2731/2714 3806/2838/2820
f 622/1689/1680 3805/2836/2818 2460/1776/1767
f 591/1907/1897 3805/2836/2818 2452/2061/2050
f 3805/2836/2818 590/2068/2057 2452/2061/2050
f 2219/2839/2821 1976/2840/2822 3807/2841/2823
f 412/2010/1999 3806/2838/2820 1920/2731/2714
f 381/1874/1864 3806/2838/2820 1912/2842/2824
f 3806/2838/2820 380/1975/1965 1912/2842/2824
f 2651/2843/2825 2408/2753/2736 3808/2844/2826
f 636/2845/2827 3807/2841/2823 1976/2840/2822
f 605/1981/1971 3807/2841/2823 1968/2093/2082
f 3807/2841/2823 604/2099/2088 1968/2093/2082
f 1917/2846/2828 1674/2700/2683 3809/2847/2829
f 414/2050/2039 3808/2844/2826 2408/2753/2736
f 383/1667/1658 3808/2844/2826 2400/1784/1775
f 3808/2844/2826 382/1791/1782 2400/1784/1775
f 1729/2848/2830 1486/2849/2831 3810/2850/2832
f 403/2701/2684 3809/2847/2829 1674/2700/2683
f 372/2818/2800 3809/2847/2829 1666/1810/1801
f 3809/2847/2829 371/1817/1808 1666/1810/1801
f 1417/2851/2833 1154/2761/2744 3811/2852/2834
f 626/1751/1742 3810/2850/2832 1486/2849/2831
f 595/1929/1919 3810/2850/2832 1478/2078/2067
f 3810/2850/2832 594/1915/1905 1478/2078/2067
f 1667/2853/2835 1424/1970/1960 3812/2854/2836
f 353/2762/2745 3811/2852/2834 1154/2761/2744
f 322/1799/1790 3811/2852/2834 1145/2855/2837
f 3811/2852/2834 321/2856/2838 1145/2855/2837
f 1238/2857/2839 2936/1581/1573 3813/2858/2840
f 378/1971/1961 3812/2854/2836 1424/1970/1960
f 347/2859/2841 3812/2854/2836 1416/2860/2842
f 3812/2854/2836 346/2861/2843 1416/2860/2842
f 1983/2862/2844 1740/2863/2845 3814/2864/2846
f 656/1582/1574 3813/2858/2840 2936/1581/1573
f 625/1753/1744 3813/2858/2840 2929/2764/2747
f 3813/2858/2840 624/2771/2753 2929/2764/2747
f 1159/2865/2847 2875/2830/2812 3815/2866/2848
f 667/1630/1622 3814/2864/2846 1740/2863/2845
f 636/2845/2827 3814/2864/2846 1732/2832/2814
f 3814/2864/2846 635/1802/1793 1732/2832/2814
f 2639/2867/2849 2396/2778/2760 3816/2868/2850
f 376/1911/1901 3815/2866/2848 2875/2830/2812
f 345/1596/1588 3815/2866/2848 2868/2869/2851
f 3815/2866/2848 344/1717/1708 2868/2869/2851
f 1236/2870/2852 2934/1542/1534 3817/2871/2853
f 366/2779/2761 3816/2868/2850 2396/2778/2760
f 335/2872/2854 3816/2868/2850 2388/2873/2855
f 3816/2868/2850 334/2874/2856 2388/2873/2855
f 1905/2875/2857 1662/1934/1924 3818/2876/2858
f 648/1536/1528 3817/2871/2853 2934/1542/1534
f 617/1713/1704 3817/2871/2853 2927/2822/2804
f 3817/2871/2853 616/1700/1691 2927/2822/2804
f 1421/2877/2859 1158/1952/1942 3819/2878/2860
f 355/1863/1853 3818/2876/2858 1662/1934/1924
f 324/1590/1582 3818/2876/2858 1654/2879/2861
f 3818/2876/2858 323/1797/1788 1654/2879/2861
f 2469/2880/2862 2226/1570/1562 3820/2881/2863
f 369/1953/1943 3819/2878/2860 1158/1952/1942
f 338/2882/2864 3819/2878/2860 1149/1539/1531
f 3819/2878/2860 337/1546/1538 1149/1539/1531
f 2227/2883/2865 1984/2884/2866 3821/2885/2867
f 661/1571/1563 3820/2881/2863 2226/1570/1562
f 630/1920/1910 3820/2881/2863 2218/1931/1921
f 3820/2881/2863 629/1674/1665 2218/1931/1921
f 2151/2886/2868 1908/2814/2796 3822/2887/2869
f 668/2888/2870 3821/2885/2867 1984/2884/2866
f 637/1814/1805 3821/2885/2867 1976/2840/2822
f 3821/2885/2867 636/2845/2827 1976/2840/2822
f 2465/2889/2871 2222/1529/1521 3823/2890/2872
f 364/2791/2773 3822/2887/2869 1908/2814/2796
f 333/2891/2873 3822/2887/2869 1900/1762/1753
f 3822/2887/2869 332/1747/1738 1900/1762/1753
f 2709/2892/2874 2466/1533/1525 3824/2893/2875
f 645/1523/1515 3823/2890/2872 2222/1529/1521
f 614/2802/2784 3823/2890/2872 2214/2785/2767
f 3823/2890/2872 613/1684/1675 2214/2785/2767
f 2872/2894/2876 2640/1957/1947 3825/2895/2877
f 646/1528/1520 3824/2893/2875 2466/1533/1525
f 615/1702/1693 3824/2893/2875 2458/2795/2777
f 3824/2893/2875 614/2802/2784 2458/2795/2777
f 2399/2896/2878 2156/1873/1863 3826/2897/2879
f 367/1958/1948 3825/2895/2877 2640/1957/1947
f 336/1681/1672 3825/2895/2877 2632/2898/2880
f 3825/2895/2877 335/2872/2854 2632/2898/2880
f 2223/2899/2881 1980/1561/1553 3827/2900/2882
f 381/1874/1864 3826/2897/2879 2156/1873/1863
f 350/1793/1784 3826/2897/2879 2148/2901/2883
f 3826/2897/2879 349/2902/2884 2148/2901/2883
f 1665/2903/2885 1422/2811/2793 3828/2904/2886
f 652/1556/1548 3827/2900/2882 1980/1561/1553
f 621/1691/1682 3827/2900/2882 1972/1882/1872
f 3827/2900/2882 620/1721/1712 1972/1882/1872
f 2935/2905/2887 2712/2906/2888 3829/2907/2889
f 370/1951/1941 3828/2904/2886 1422/2811/2793
f 339/1639/1631 3828/2904/2886 1414/2908/2890
f 3828/2904/2886 338/2882/2864 1414/2908/2890
f 2395/2909/2891 2152/2797/2779 3830/2910/2892
f 655/2911/2893 3829/2907/2889 2712/2906/2888
f 624/2771/2753 3829/2907/2889 2704/1899/1889
f 3829/2907/2889 623/1775/1766 2704/1899/1889
f 1663/2912/2894 1420/1897/1887 3831/2913/2895
f 365/2798/2780 3830/2910/2892 2152/2797/2779
f 334/2874/2856 3830/2910/2892 2144/2914/2896
f 3830/2910/2892 333/2891/2873 2144/2914/2896
f 2641/2915/2897 2398/2824/2806 3832/2916/2898
f 362/1833/1823 3831/2913/2895 1420/1897/1887
f 331/1575/1567 3831/2913/2895 1412/2917/2899
f 3831/2913/2895 330/2918/2900 1412/2917/2899
f 2713/2919/2901 2470/1622/1614 3833/2920/2902
f 374/1859/1849 3832/2916/2898 2398/2824/2806
f 343/1610/1602 3832/2916/2898 2390/2921/2903
f 3832/2916/2898 342/1758/1749 2390/2921/2903
f 2153/2922/2904 1910/2817/2799 3834/2923/2905
f 662/1569/1561 3833/2920/2902 2470/1622/1614
f 631/1782/1773 3833/2920/2902 2462/1913/1903
f 3833/2920/2902 630/1920/1910 2462/1913/1903
f 1423/2924/2906 1160/2834/2816 3835/2925/2907
f 372/2818/2800 3834/2923/2905 1910/2817/2799
f 341/1760/1751 3834/2923/2905 1902/2926/2908
f 3834/2923/2905 340/1818/1809 1902/2926/2908
f 1733/2927/2909 1490/1514/1506 3836/2928/2910
f 377/2829/2811 3835/2925/2907 1160/2834/2816
f 346/2861/2843 3835/2925/2907 1151/1588/1580
f 3835/2925/2907 345/1596/1588 1151/1588/1580
f 1911/2929/2911 1668/1976/1966 3837/2930/2912
f 642/1515/1507 3836/2928/2910 1490/1514/1506
f 611/1808/1799 3836/2928/2910 1482/1830/1820
f 3836/2928/2910 610/1694/1685 1482/1830/1820
f 2155/2931/2913 1912/2842/2824 3838/2932/2914
f 379/1969/1959 3837/2930/2912 1668/1976/1966
f 348/2933/2915 3837/2930/2912 1660/2934/2916
f 3837/2930/2912 347/2859/2841 1660/2934/2916
f 1153/2935/2917 1161/2768/2750 3839/2936/2918
f 380/1975/1965 3838/2932/2914 1912/2842/2824
f 349/2902/2884 3838/2932/2914 1904/2937/2919
f 3838/2932/2914 348/2933/2915 1904/2937/2919
f 1495/2938/2920 1241/1626/1618 3840/2939/2921
f 1161/2768/2750 2876/1660/1652 3839/2936/2918
f 321/2940/2838 3839/2936/2918 1152/2941/2922
f 3839/2936/2918 352/1668/1659 1152/2941/2922
f 1419/2942/2923 1156/1834/1824 3841/2943/2924
f 665/1627/1619 3840/2939/2921 1241/1626/1618
f 634/1804/1795 3840/2939/2921 1232/1978/1968
f 3840/2939/2921 633/1786/1777 1232/1978/1968
f 1737/2944/2925 1494/1606/1598 3842/2945/2926
f 361/1835/1825 3841/2943/2924 1156/1834/1824
f 330/2918/2900 3841/2943/2924 1147/2946/2927
f 3841/2943/2924 329/1742/1733 1147/2946/2927
f 1409/2947/2928 1145/2855/2837 3843/2948/2929
f 658/1607/1599 3842/2945/2926 1494/1606/1598
f 627/1765/1756 3842/2945/2926 1486/2849/2831
f 3842/2945/2926 626/1751/1742 1486/2849/2831
f 1903/2949/2930 1660/2934/2916 3844/2950/2931
f 321/2856/2838 3843/2948/2929 1145/2855/2837
f 290/2951/2932 3843/2948/2929 1136/1489/1481
f 3843/2948/2929 289/1494/1486 1136/1489/1481
f 2869/2952/2933 2636/1669/1660 3845/2953/2934
f 347/2859/2841 3844/2950/2931 1660/2934/2916
f 316/2954/2935 3844/2950/2931 1652/2955/2936
f 3844/2950/2931 315/2956/2937 1652/2955/2936
f 1991/2957/2938 1748/1482/1474 3846/2958/2939
f 351/1670/1661 3845/2953/2934 2636/1669/1660
f 320/2959/2940 3845/2953/2934 2628/1406/1398
f 3845/2953/2934 319/1413/1405 2628/1406/1398
f 2387/2960/2941 2144/2914/2896 3847/2961/2942
f 699/1465/1457 3846/2958/2939 1748/1482/1474
f 668/2888/2870 3846/2958/2939 1740/2863/2845
f 3846/2958/2939 667/1630/1622 1740/2863/2845
f 2942/2962/2943 2720/1419/1411 3848/2963/2944
f 333/2891/2873 3847/2961/2942 2144/2914/2896
f 302/1371/1363 3847/2961/2942 2136/2964/2945
f 3847/2961/2942 301/1768/1759 2136/2964/2945
f 2629/2965/2946 2386/1737/1728 3849/2966/2947
f 687/1420/1412 3848/2963/2944 2720/1419/1411
f 656/1582/1574 3848/2963/2944 2712/2906/2888
f 3848/2963/2944 655/2911/2893 2712/2906/2888
f 1249/2967/2948 2945/1504/1496 3850/2968/2949
f 326/1732/1723 3849/2966/2947 2386/1737/1728
f 295/2969/2950 3849/2966/2947 2378/2970/2951
f 3849/2966/2947 294/1652/1644 2378/2970/2951
f 1501/2971/2952 1248/1348/1340 3851/2972/2953
f 696/1459/1451 3850/2968/2949 2945/1504/1496
f 665/1627/1619 3850/2968/2949 2938/1778/1769
f 3850/2968/2949 664/1617/1609 2938/1778/1769
f 1655/2973/2954 1412/2917/2899 3852/2974/2955
f 689/1349/1341 3851/2972/2953 1248/1348/1340
f 658/1607/1599 3851/2972/2953 1239/1744/1735
f 3851/2972/2953 657/1580/1572 1239/1744/1735
f 1148/2975/2956 2866/1680/1671 3853/2976/2957
f 330/2918/2900 3852/2974/2955 1412/2917/2899
f 299/1577/1569 3852/2974/2955 1404/2977/2958
f 3852/2974/2955 298/2978/2959 1404/2977/2958
f 2145/2979/2960 1902/2926/2908 3854/2980/2961
f 336/1681/1672 3853/2976/2957 2866/1680/1671
f 305/1549/1541 3853/2976/2957 2859/2981/2962
f 3853/2976/2957 304/2982/2963 2859/2981/2962
f 2235/2983/2964 1992/1487/1479 3855/2984/2965
f 340/1818/1809 3854/2980/2961 1902/2926/2908
f 309/2985/2966 3854/2980/2961 1894/2986/2967
f 3854/2980/2961 308/1640/1632 1894/2986/2967
f 2631/2987/2968 2388/2873/2855 3856/2988/2969
f 700/1481/1473 3855/2984/2965 1992/1487/1479
f 669/1648/1640 3855/2984/2965 1984/2884/2866
f 3855/2984/2965 668/2888/2870 1984/2884/2866
f 2865/2989/2970 2632/2898/2880 3857/2990/2971
f 334/2874/2856 3856/2988/2969 2388/2873/2855
f 303/1359/1351 3856/2988/2969 2380/1363/1355
f 3856/2988/2969 302/1371/1363 2380/1363/1355
f 2719/2991/2972 2476/2992/2973 3858/2993/2974
f 335/2872/2854 3857/2990/2971 2632/2898/2880
f 304/2982/2963 3857/2990/2971 2624/1351/1343
f 3857/2990/2971 303/1359/1351 2624/1351/1343
f 2391/2994/2975 2148/2901/2883 3859/2995/2976
f 686/1408/1400 3858/2993/2974 2476/2992/2973
f 655/2911/2893 3858/2993/2974 2468/1770/1761
f 3858/2993/2974 654/1564/1556 2468/1770/1761
f 1657/2996/2977 1414/2908/2890 3860/2997/2978
f 349/2902/2884 3859/2995/2976 2148/2901/2883
f 318/2998/2979 3859/2995/2976 2140/2999/2980
f 3859/2995/2976 317/3000/2981 2140/2999/2980
f 2147/3001/2982 1904/2937/2919 3861/3002/2983
f 338/2882/2864 3860/2997/2978 1414/2908/2890
f 307/1642/1634 3860/2997/2978 1406/3003/2984
f 3860/2997/2978 306/1547/1539 1406/3003/2984
f 1411/3004/2985 1147/2946/2927 3862/3005/2986
f 348/2933/2915 3861/3002/2983 1904/2937/2919
f 317/3000/2981 3861/3002/2983 1896/3006/2987
f 3861/3002/2983 316/2954/2935 1896/3006/2987
f 2389/3007/2988 2146/1759/1750 3863/3008/2989
f 329/1742/1733 3862/3005/2986 1147/2946/2927
f 298/2978/2959 3862/3005/2986 1138/3009/2990
f 3862/3005/2986 297/1553/1545 1138/3009/2990
f 2633/3010/2991 2390/2921/2903 3864/3011/2992
f 341/1760/1751 3863/3008/2989 2146/1759/1750
f 310/3012/2993 3863/3008/2989 2138/3013/2994
f 3863/3008/2989 309/2985/2966 2138/3013/2994
f 2723/3014/2995 2480/1455/1447 3865/3015/2996
f 342/1758/1749 3864/3011/2992 2390/2921/2903
f 311/1613/1605 3864/3011/2992 2382/3016/2997
f 3864/3011/2992 310/3012/2993 2382/3016/2997
f 1150/3017/2998 2868/2869/2851 3866/3018/2999
f 702/1456/1448 3865/3015/2996 2480/1455/1447
f 671/1659/1651 3865/3015/2996 2472/2800/2782
f 3865/3015/2996 670/1646/1638 2472/2800/2782
f 2377/3019/3000 2134/1653/1645 3867/3020/3001
f 344/1717/1708 3866/3018/2999 2868/2869/2851
f 313/1435/1427 3866/3018/2999 2861/3021/3002
f 3866/3018/2999 312/1611/1603 2861/3021/3002
f 1144/3022/3003 1152/2941/2922 3868/3023/3004
f 293/1591/1583 3867/3020/3001 2134/1653/1645
f 262/1249/1243 3867/3020/3001 2126/3024/3005
f 3867/3020/3001 261/3025/3006 2126/3024/3005
f 1653/3026/3007 1410/1798/1789 3869/3027/3008
f 1152/2941/2922 2869/2952/2933 3868/3023/3004
f 289/3028/1486 3868/3023/3004 1143/3029/3009
f 3868/3023/3004 320/2959/2940 1143/3029/3009
f 1989/3030/3010 1746/1442/1434 3870/3031/3011
f 322/1799/1790 3869/3027/3008 1410/1798/1789
f 291/1394/1386 3869/3027/3008 1402/3032/3012
f 3869/3027/3008 290/2951/2932 1402/3032/3012
f 1659/3033/3013 1416/2860/2842 3871/3034/3014
f 691/1443/1435 3870/3031/3011 1746/1442/1434
f 660/1601/1593 3870/3031/3011 1738/1755/1746
f 3870/3031/3011 659/1605/1597 1738/1755/1746
f 2635/3035/3015 2392/1792/1783 3872/3036/3016
f 346/2861/2843 3871/3034/3014 1416/2860/2842
f 315/2956/2937 3871/3034/3014 1408/3037/3017
f 3871/3034/3014 314/1597/1589 1408/3037/3017
f 2863/3038/3018 2630/1706/1697 3873/3039/3019
f 350/1793/1784 3872/3036/3016 2392/1792/1783
f 319/1413/1405 3872/3036/3016 2384/3040/3020
f 3872/3036/3016 318/2998/2979 2384/3040/3020
f 1897/3041/3021 1654/2879/2861 3874/3042/3022
f 327/1707/1698 3873/3039/3019 2630/1706/1697
f 296/1388/1380 3873/3039/3019 2622/3043/3023
f 3873/3039/3019 295/2969/2950 2622/3043/3023
f 1256/3044/3024 2950/1259/1253 3875/3045/3025
f 323/1797/1788 3874/3042/3022 1654/2879/2861
f 292/1593/1585 3874/3042/3022 1646/1386/1378
f 3874/3042/3022 291/1394/1386 1646/1386/1378
f 1645/3046/3026 1402/3032/3012 3876/3047/3027
f 720/1260/1254 3875/3045/3025 2950/1259/1253
f 689/1349/1341 3875/3045/3025 2943/1573/1565
f 3875/3045/3025 688/1418/1410 2943/1573/1565
f 2381/3048/3028 2138/3013/2994 3877/3049/3029
f 290/2951/2932 3876/3047/3027 1402/3032/3012
f 259/1318/1311 3876/3047/3027 1394/3050/3030
f 3876/3047/3027 258/1495/1487 1394/3050/3030
f 2856/3051/3031 2622/3043/3023 3878/3052/3032
f 309/2985/2966 3877/3049/3029 2138/3013/2994
f 278/3053/3033 3877/3049/3029 2130/3054/3034
f 3877/3049/3029 277/3055/3035 2130/3054/3034
f 2379/3056/3036 2136/2964/2945 3879/3057/3037
f 295/2969/2950 3878/3052/3032 2622/3043/3023
f 264/1391/1383 3878/3052/3032 2614/3058/3038
f 3878/3052/3032 263/3059/3039 2614/3058/3038
f 2621/3060/3040 2378/2970/2951 3880/3061/3041
f 301/1768/1759 3879/3057/3037 2136/2964/2945
f 270/1373/1365 3879/3057/3037 2128/3062/3042
f 3879/3057/3037 269/1425/1417 2128/3062/3042
f 2139/3063/3043 1896/3006/2987 3881/3064/3044
f 294/1652/1644 3880/3061/3041 2378/2970/2951
f 263/3059/3039 3880/3061/3041 2370/1242/1236
f 3880/3061/3041 262/1249/1243 2370/1242/1236
f 2860/3065/3045 2626/1612/1604 3882/3066/3046
f 316/2954/2935 3881/3064/3044 1896/3006/2987
f 285/1310/1303 3881/3064/3044 1888/1234/1228
f 3881/3064/3044 284/1240/1234 1888/1234/1228
f 1403/3067/3047 1138/3009/2990 3883/3068/3048
f 311/1613/1605 3882/3066/3046 2626/1612/1604
f 280/3069/3049 3882/3066/3046 2618/3070/3050
f 3882/3066/3046 279/3071/3051 2618/3070/3050
f 1647/3072/3052 1404/2977/2958 3884/3073/3053
f 297/1553/1545 3883/3068/3048 1138/3009/2990
f 266/1300/1293 3883/3068/3048 1129/3074/3054
f 3883/3068/3048 265/1389/1381 1129/3074/3054
f 1751/3075/3055 1508/3076/3056 3885/3077/3057
f 298/2978/2959 3884/3073/3053 1404/2977/2958
f 267/3078/3058 3884/3073/3053 1396/1292/1285
f 3884/3073/3053 266/1300/1293 1396/1292/1285
f 2133/3079/3059 1890/1592/1584 3886/3080/3060
f 714/3081/3061 3885/3077/3057 1508/3076/3056
f 683/1400/1392 3885/3077/3057 1500/1502/1494
f 3885/3077/3057 682/1431/1423 1500/1502/1494
f 2729/3082/3062 2486/3083/3063 3887/3084/3064
f 292/1593/1585 3886/3080/3060 1890/1592/1584
f 261/3025/3006 3886/3080/3060 1882/3085/3065
f 3886/3080/3060 260/1395/1387 1882/3085/3065
f 2725/3086/3066 2482/3087/3067 3888/3088/3068
f 726/1284/1277 3887/3084/3064 2486/3083/3063
f 695/1461/1453 3887/3084/3064 2478/1615/1607
f 3887/3084/3064 694/1450/1442 2478/1615/1607
f 2237/3089/3069 1994/1245/1239 3889/3090/3070
f 710/3091/3071 3888/3088/3068 2482/3087/3067
f 679/1379/1371 3888/3088/3068 2474/1526/1518
f 3888/3088/3068 678/1365/1357 2474/1526/1518
f 1139/3092/3072 2859/2981/2962 3890/3093/3073
f 708/1187/1181 3889/3090/3070 1994/1245/1239
f 677/1367/1359 3889/3090/3070 1986/1517/1509
f 3889/3090/3070 676/1353/1345 1986/1517/1509
f 1405/3094/3074 1140/1548/1540 3891/3095/3075
f 304/2982/2963 3890/3093/3073 2859/2981/2962
f 273/1199/1193 3890/3093/3073 2852/1223/1217
f 3890/3093/3073 272/1230/1224 2852/1223/1217
f 1649/3096/3076 1406/3003/2984 3892/3097/3077
f 305/1549/1541 3891/3095/3075 1140/1548/1540
f 274/1225/1219 3891/3095/3075 1131/1191/1185
f 3891/3095/3075 273/1199/1193 1131/1191/1185
f 1749/3098/3078 1506/3099/3079 3893/3100/3080
f 306/1547/1539 3892/3097/3077 1406/3003/2984
f 275/3101/3081 3892/3097/3077 1398/1216/1210
f 3892/3097/3077 274/1225/1219 1398/1216/1210
f 1891/3102/3082 1648/1576/1568 3894/3103/3083
f 706/1177/1171 3893/3100/3080 1506/3099/3079
f 675/1355/1347 3893/3100/3080 1498/1506/1498
f 3893/3100/3080 674/1342/1334 1498/1506/1498
f 2383/3104/3084 2140/2999/2980 3895/3105/3085
f 299/1577/1569 3894/3103/3083 1648/1576/1568
f 268/1427/1419 3894/3103/3083 1640/3106/3086
f 3894/3103/3083 267/3078/3058 1640/3106/3086
f 2625/3107/3087 2382/3016/2997 3896/3108/3088
f 317/3000/2981 3895/3105/3085 2140/2999/2980
f 286/1253/1247 3895/3105/3085 2132/1304/1297
f 3895/3105/3085 285/1310/1303 2132/1304/1297
f 1252/3109/3089 1260/1339/1331 3897/3110/3090
f 310/3012/2993 3896/3108/3088 2382/3016/2997
f 279/3071/3051 3896/3108/3088 2374/3111/3091
f 3896/3108/3088 278/3053/3033 2374/3111/3091
f 1141/3112/3092 2861/3021/3002 3898/3113/3093
f 1260/1339/1331 2953/1492/1484 3897/3110/3090
f 673/3114/1336 3897/3110/3090 1251/1655/1647
f 3897/3110/3090 704/1499/1491 1251/1655/1647
f 2137/3115/3094 1894/2986/2967 3899/3116/3095
f 312/1611/1603 3898/3113/3093 2861/3021/3002
f 281/1438/1430 3898/3113/3093 2854/3117/3096
f 3898/3113/3093 280/3069/3049 2854/3117/3096
f 1651/3118/3097 1408/3037/3017 3900/3119/3098
f 308/1640/1632 3899/3116/3095 1894/2986/2967
f 277/3055/3035 3899/3116/3095 1886/3120/3099
f 3899/3116/3095 276/3121/3100 1886/3120/3099
f 2727/3122/3101 2484/1307/1300 3901/3123/3102
f 314/1597/1589 3900/3119/3098 1408/3037/3017
f 283/3124/3103 3900/3119/3098 1400/3125/3104
f 3900/3119/3098 282/1436/1428 1400/3125/3104
f 1893/3126/3105 1650/1641/1633 3902/3127/3106
f 718/1182/1176 3901/3123/3102 2484/1307/1300
f 687/1420/1412 3901/3123/3102 2476/2992/2973
f 3901/3123/3102 686/1408/1400 2476/2992/2973
f 1895/3128/3107 1652/2955/2936 3903/3129/3108
f 307/1642/1634 3902/3127/3106 1650/1641/1633
f 276/3121/3100 3902/3127/3106 1642/3130/3109
f 3902/3127/3106 275/3101/3081 1642/3130/3109
f 2627/3131/3110 2384/3040/3020 3904/3132/3111
f 315/2956/2937 3903/3129/3108 1652/2955/2936
f 284/1240/1234 3903/3129/3108 1644/3133/3112
f 3903/3129/3108 283/3124/3103 1644/3133/3112
f 1519/3134/3113 1268/1138/1134 3905/3135/3114
f 318/2998/2979 3904/3132/3111 2384/3040/3020
f 287/1280/1273 3904/3132/3111 2376/1247/1241
f 3904/3132/3111 286/1253/1247 2376/1247/1241
f 1135/3136/3115 1143/3029/3009 3906/3137/3116
f 761/1113/1109 3905/3135/3114 1268/1138/1134
f 730/1327/1320 3905/3135/3114 1259/1463/1455
f 3905/3135/3114 729/1471/1463 1259/1463/1455
f 2737/3138/3117 2494/1122/1118 3907/3139/3118
f 1143/3029/3009 2862/1405/1397 3906/3137/3116
f 257/3140/1263 3906/3137/3116 1134/1197/1191
f 3906/3137/3116 288/1414/1406 1134/1197/1191
f 1637/3141/3119 1394/3050/3030 3908/3142/3120
f 758/1123/1119 3907/3139/3118 2494/1122/1118
f 727/1296/1289 3907/3139/3118 2486/3083/3063
f 3907/3139/3118 726/1284/1277 2486/3083/3063
f 2489/3143/3121 2246/1040/1036 3909/3144/3122
f 258/1495/1487 3908/3142/3120 1394/3050/3030
f 227/1321/1314 3908/3142/3120 1386/3145/3123
f 3908/3142/3120 226/1270/1264 1386/3145/3123
f 2125/3146/3124 1882/3085/3065 3910/3147/3125
f 741/1041/1037 3909/3144/3122 2246/1040/1036
f 710/3091/3071 3909/3144/3122 2238/1357/1349
f 3909/3144/3122 709/1244/1238 2238/1357/1349
f 2369/3148/3126 2126/3024/3005 3911/3149/3127
f 260/1395/1387 3910/3147/3125 1882/3085/3065
f 229/3150/3128 3910/3147/3125 1874/3151/3129
f 3910/3147/3125 228/1319/1312 1874/3151/3129
f 2615/3152/3130 2372/1372/1364 3912/3153/3131
f 261/3025/3006 3911/3149/3127 2126/3024/3005
f 230/1161/1155 3911/3149/3127 2118/3154/3132
f 3911/3149/3127 229/3150/3128 2118/3154/3132
f 2849/3155/3133 2614/3058/3038 3913/3156/3134
f 270/1373/1365 3912/3153/3131 2372/1372/1364
f 239/3157/3135 3912/3153/3131 2364/3158/3136
f 3912/3153/3131 238/3159/3137 2364/3158/3136
f 1885/3160/3138 1642/3130/3109 3914/3161/3139
f 263/3059/3039 3913/3156/3134 2614/3058/3038
f 232/3162/3140 3913/3156/3134 2606/3163/3141
f 3913/3156/3134 231/1250/1244 2606/3163/3141
f 1395/3164/3142 1129/3074/3054 3915/3165/3143
f 275/3101/3081 3914/3161/3139 1642/3130/3109
f 244/3166/3144 3914/3161/3139 1634/3167/3145
f 3914/3161/3139 243/1226/1220 1634/3167/3145
f 1267/3168/3146 2959/1114/1110 3916/3169/3147
f 265/1389/1381 3915/3165/3143 1129/3074/3054
f 234/1302/1295 3915/3165/3143 1120/3170/3148
f 3915/3165/3143 233/3171/3149 1120/3170/3148
f 1883/3172/3150 1640/3106/3086 3917/3173/3151
f 760/1049/1045 3916/3169/3147 2959/1114/1110
f 729/1471/1463 3916/3169/3147 2952/1497/1489
f 3916/3169/3147 728/1294/1287 2952/1497/1489
f 2251/3174/3152 2008/1019/1015 3918/3175/3153
f 267/3078/3058 3917/3173/3151 1640/3106/3086
f 236/1172/1166 3917/3173/3151 1632/1085/1081
f 3917/3173/3151 235/1092/1088 1632/1085/1081
f 2371/3176/3154 2128/3062/3042 3919/3177/3155
f 764/1020/1016 3918/3175/3153 2008/1019/1015
f 733/1290/1283 3918/3175/3153 2000/1479/1471
f 3918/3175/3153 732/1485/1477 2000/1479/1471
f 2733/3178/3156 2490/1045/1041 3920/3179/3157
f 269/1425/1417 3919/3177/3155 2128/3062/3042
f 238/3159/3137 3919/3177/3155 2120/3180/3158
f 3919/3177/3155 237/3181/3159 2120/3180/3158
f 2851/3182/3160 2616/1360/1352 3921/3183/3161
f 742/1039/1035 3920/3179/3157 2490/1045/1041
f 711/1376/1368 3920/3179/3157 2482/3087/3067
f 3920/3179/3157 710/3091/3071 2482/3087/3067
f 1761/3184/3162 1518/1104/1100 3922/3185/3163
f 271/1361/1353 3921/3183/3161 2616/1360/1352
f 240/1232/1226 3921/3183/3161 2608/3186/3164
f 3921/3183/3161 239/3157/3135 2608/3186/3164
f 2373/3187/3165 2130/3054/3034 3923/3188/3166
f 754/1099/1095 3922/3185/3163 1518/1104/1100
f 723/1195/1189 3922/3185/3163 1510/1469/1461
f 3922/3185/3163 722/1264/1258 1510/1469/1461
f 2956/3189/3167 2736/1087/1083 3924/3190/3168
f 277/3055/3035 3923/3188/3166 2130/3054/3034
f 246/1142/1138 3923/3188/3166 2122/3191/3169
f 3923/3188/3166 245/3192/3170 2122/3191/3169
f 1128/3193/3171 2850/1390/1382 3925/3194/3172
f 751/1088/1084 3924/3190/3168 2736/1087/1083
f 720/1260/1254 3924/3190/3168 2728/1411/1403
f 3924/3190/3168 719/1306/1299 2728/1411/1403
f 2129/3195/3173 1886/3120/3099 3926/3196/3174
f 264/1391/1383 3925/3194/3172 2850/1390/1382
f 233/3171/3149 3925/3194/3172 2843/3197/3175
f 3925/3194/3172 232/3162/3140 2843/3197/3175
f 1759/3198/3176 1516/1066/1062 3927/3199/3177
f 276/3121/3100 3926/3196/3174 1886/3120/3099
f 245/3192/3170 3926/3196/3174 1878/3200/3178
f 3926/3196/3174 244/3166/3144 1878/3200/3178
f 2617/3201/3179 2374/3111/3091 3928/3202/3180
f 746/1067/1063 3927/3199/3177 1516/1066/1062
f 715/1315/1308 3927/3199/3177 1508/3076/3056
f 3927/3199/3177 714/3081/3061 1508/3076/3056
f 2007/3203/3181 1764/3204/3182 3929/3205/3183
f 278/3053/3033 3928/3202/3180 2374/3111/3091
f 247/3206/3184 3928/3202/3180 2366/1135/1131
f 3928/3202/3180 246/1142/1138 2366/1135/1131
f 1132/3207/3185 2854/3117/3096 3930/3208/3186
f 763/1275/1268 3929/3205/3183 1764/3204/3182
f 732/1485/1477 3929/3205/3183 1756/1475/1467
f 3929/3205/3183 731/1325/1318 1756/1475/1467
f 1399/3209/3187 1133/1437/1429 3931/3210/3188
f 280/3069/3049 3930/3208/3186 2854/3117/3096
f 249/3211/3189 3930/3208/3186 2847/3212/3190
f 3930/3208/3186 248/3213/3191 2847/3212/3190
f 1757/3214/3192 1514/1025/1021 3932/3215/3193
f 281/1438/1430 3931/3210/3188 1133/1437/1429
f 250/3216/3194 3931/3210/3188 1124/3217/3195
f 3931/3210/3188 249/3211/3189 1124/3217/3195
f 1887/3218/3196 1644/3133/3112 3933/3219/3197
f 738/1026/1022 3932/3215/3193 1514/1025/1021
f 707/1189/1183 3932/3215/3193 1506/3099/3079
f 3932/3215/3193 706/1177/1171 1506/3099/3079
f 2127/3220/3198 1884/1426/1418 3934/3221/3199
f 283/3124/3103 3933/3219/3197 1644/3133/3112
f 252/1148/1144 3933/3219/3197 1636/1047/1043
f 3933/3219/3197 251/1055/1051 1636/1047/1043
f 1643/3222/3200 1400/3125/3104 3935/3223/3201
f 268/1427/1419 3934/3221/3199 1884/1426/1418
f 237/3181/3159 3934/3221/3199 1876/1166/1160
f 3934/3221/3199 236/1172/1166 1876/1166/1160
f 1515/3224/3202 1264/1082/1078 3936/3225/3203
f 282/1436/1428 3935/3223/3201 1400/3125/3104
f 251/1055/1051 3935/3223/3201 1392/3226/3204
f 3935/3223/3201 250/3216/3194 1392/3226/3204
f 2853/3227/3205 2618/3070/3050 3937/3228/3206
f 745/1083/1079 3936/3225/3203 1264/1082/1078
f 714/3081/3061 3936/3225/3203 1255/1422/1414
f 3936/3225/3203 713/1219/1213 1255/1422/1414
f 2954/3229/3207 2734/3230/3208 3938/3231/3209
f 279/3071/3051 3937/3228/3206 2618/3070/3050
f 248/3213/3191 3937/3228/3206 2610/3232/3210
f 3937/3228/3206 247/3206/3184 2610/3232/3210
f 1385/3233/3211 1118/1271/1265 3939/3234/3212
f 743/1044/1040 3938/3231/3209 2734/3230/3208
f 712/1221/1215 3938/3231/3209 2726/1369/1361
f 3938/3231/3209 711/1376/1368 2726/1369/1361
f 2363/3235/3213 2120/3180/3158 3940/3236/3214
f 225/1272/1201 3939/3234/3212 1118/1271/1265
f 194/3237/3215 3939/3234/3212 1109/3238/3216
f 3939/3234/3212 193/3239/3217 1109/3238/3216
f 2743/3240/3218 2500/931/927 3941/3241/3219
f 237/3181/3159 3940/3236/3214 2120/3180/3158
f 206/960/956 3940/3236/3214 2112/3242/3220
f 3940/3236/3214 205/1173/1167 2112/3242/3220
f 2361/3243/3221 2118/3154/3132 3942/3244/3222
f 782/926/922 3941/3241/3219 2500/931/927
f 751/1088/1084 3941/3241/3219 2492/1298/1291
f 3941/3241/3219 750/1078/1074 2492/1298/1291
f 2117/3245/3223 1874/3151/3129 3943/3246/3224
f 229/3150/3128 3942/3244/3222 2118/3154/3132
f 198/1164/1158 3942/3244/3222 2110/3247/3225
f 3942/3244/3222 197/3248/3226 2110/3247/3225
f 1873/3249/3227 1630/1320/1313 3944/3250/3228
f 228/1319/1312 3943/3246/3224 1874/3151/3129
f 197/3248/3226 3943/3246/3224 1866/3251/3229
f 3943/3246/3224 196/3252/3230 1866/3251/3229
f 2842/3253/3231 2606/3163/3141 3945/3254/3232
f 227/1321/1314 3944/3250/3228 1630/1320/1313
f 196/3252/3230 3944/3250/3228 1622/3255/3233
f 3944/3250/3228 195/3256/3234 1622/3255/3233
f 2844/3257/3235 2608/3186/3164 3946/3258/3236
f 231/1250/1244 3945/3254/3232 2606/3163/3141
f 200/3259/3237 3945/3254/3232 2598/3260/3238
f 3945/3254/3232 199/1162/1156 2598/3260/3238
f 1387/3261/3239 1120/3170/3148 3947/3262/3240
f 239/3157/3135 3946/3258/3236 2608/3186/3164
f 208/3263/3241 3946/3258/3236 2600/938/934
f 3946/3258/3236 207/945/941 2600/938/934
f 1629/3264/3242 1386/3145/3123 3948/3265/3243
f 233/3171/3149 3947/3262/3240 1120/3170/3148
f 202/3266/3244 3947/3262/3240 1111/3267/3245
f 3947/3262/3240 201/3268/3246 1111/3267/3245
f 1877/3269/3247 1634/3167/3145 3949/3270/3248
f 226/1270/1264 3948/3265/3243 1386/3145/3123
f 195/3256/3234 3948/3265/3243 1378/3271/3249
f 3948/3265/3243 194/3237/3215 1378/3271/3249
f 1391/3272/3250 1124/3217/3195 3950/3273/3251
f 243/1226/1220 3949/3270/3248 1634/3167/3145
f 212/3274/3252 3949/3270/3248 1626/3275/3253
f 3949/3270/3248 211/3276/3254 1626/3275/3253
f 1633/3277/3255 1390/1227/1221 3951/3278/3256
f 249/3211/3189 3950/3273/3251 1124/3217/3195
f 218/3279/3257 3950/3273/3251 1115/3280/3258
f 3950/3273/3251 217/3281/3259 1115/3280/3258
f 2607/3282/3260 2364/3158/3136 3952/3283/3261
f 242/1200/1194 3951/3278/3256 1390/1227/1221
f 211/3276/3254 3951/3278/3256 1382/933/929
f 3951/3278/3256 210/940/936 1382/933/929
f 1119/3284/3262 2843/3197/3175 3953/3285/3263
f 238/3159/3137 3952/3283/3261 2364/3158/3136
f 207/945/941 3952/3283/3261 2356/953/949
f 3952/3283/3261 206/960/956 2356/953/949
f 1121/3286/3264 2845/1231/1225 3954/3287/3265
f 232/3162/3140 3953/3285/3263 2843/3197/3175
f 201/3268/3246 3953/3285/3263 2836/3288/3266
f 3953/3285/3263 200/3259/3237 2836/3288/3266
f 2261/3289/3267 2018/3290/3268 3955/3291/3269
f 240/1232/1226 3954/3287/3265 2845/1231/1225
f 209/3292/3270 3954/3287/3265 2838/3293/3271
f 3954/3287/3265 208/3263/3241 2838/3293/3271
f 1272/3294/3272 2962/904/900 3956/3295/3273
f 804/714/711 3955/3291/3269 2018/3290/3268
f 773/889/885 3955/3291/3269 2010/1111/1107
f 3955/3291/3269 772/1117/1113 2010/1111/1107
f 2257/3296/3274 2014/951/947 3957/3297/3275
f 776/905/901 3956/3295/3273 2962/904/900
f 745/1083/1079 3956/3295/3273 2955/1211/1205
f 3956/3295/3273 744/1218/1212 2955/1211/1205
f 2121/3298/3276 1878/3200/3178 3958/3299/3277
f 788/897/893 3957/3297/3275 2014/951/947
f 757/1283/1276 3957/3297/3275 2006/1204/1198
f 3957/3297/3275 756/1108/1104 2006/1204/1198
f 2365/3300/3278 2122/3191/3169 3959/3301/3279
f 244/3166/3144 3958/3299/3277 1878/3200/3178
f 213/3302/3280 3958/3299/3277 1870/3303/3281
f 3958/3299/3277 212/3274/3252 1870/3303/3281
f 2747/3304/3282 2504/877/873 3960/3305/3283
f 245/3192/3170 3959/3301/3279 2122/3191/3169
f 214/1144/1140 3959/3301/3279 2114/3306/3284
f 3959/3301/3279 213/3302/3280 2114/3306/3284
f 2846/3307/3285 2610/3232/3210 3961/3308/3286
f 798/878/874 3960/3305/3283 2504/877/873
f 767/1169/1163 3960/3305/3283 2496/1323/1316
f 3960/3305/3283 766/1158/1152 2496/1323/1316
f 1123/3309/3287 2847/3212/3190 3962/3310/3288
f 247/3206/3184 3961/3308/3286 2610/3232/3210
f 216/3311/3289 3961/3308/3286 2602/977/973
f 3961/3308/3286 215/984/980 2602/977/973
f 1389/3312/3290 1122/1201/1195 3963/3313/3291
f 248/3213/3191 3962/3310/3288 2847/3212/3190
f 217/3281/3259 3962/3310/3288 2840/3314/3292
f 3962/3310/3288 216/3311/3289 2840/3314/3292
f 1635/3315/3293 1392/3226/3204 3964/3316/3294
f 241/1202/1196 3963/3313/3291 1122/1201/1195
f 210/940/936 3963/3313/3291 1113/3317/3295
f 3963/3313/3291 209/3292/3270 1113/3317/3295
f 2961/3318/3296 2742/955/951 3965/3319/3297
f 250/3216/3194 3964/3316/3294 1392/3226/3204
f 219/1057/1053 3964/3316/3294 1384/3320/3298
f 3964/3316/3294 218/3279/3257 1384/3320/3298
f 2015/3321/3299 1772/995/991 3966/3322/3300
f 775/956/952 3965/3319/3297 2742/955/951
f 744/1218/1212 3965/3319/3297 2734/3230/3208
f 3965/3319/3297 743/1044/1040 2734/3230/3208
f 1631/3323/3301 1388/1301/1294 3967/3324/3302
f 795/996/992 3966/3322/3300 1772/995/991
f 764/1020/1016 3966/3322/3300 1764/3204/3182
f 3966/3322/3300 763/1275/1268 1764/3204/3182
f 2611/3325/3303 2368/1254/1248 3968/3326/3304
f 234/1302/1295 3967/3324/3302 1388/1301/1294
f 203/1095/1091 3967/3324/3302 1380/3327/3305
f 3967/3324/3302 202/3266/3244 1380/3327/3305
f 2501/3328/3306 2258/1003/999 3969/3329/3307
f 254/1255/1249 3968/3326/3304 2368/1254/1248
f 223/867/863 3968/3326/3304 2360/885/881
f 3968/3326/3304 222/892/888 2360/885/881
f 1117/3330/3308 1125/1208/1202 3970/3331/3309
f 789/950/946 3969/3329/3307 2258/1003/999
f 758/1123/1119 3969/3329/3307 2250/1278/1271
f 3969/3329/3307 757/1283/1276 2250/1278/1271
f 1377/3332/3310 1109/3238/3216 3971/3333/3311
f 1125/1208/1202 2848/1119/1115 3970/3331/3309
f 193/3334/3217 3970/3331/3309 1116/3335/3312
f 3970/3331/3309 224/1128/1124 1116/3335/3312
f 1779/3336/3313 1536/3337/3314 3972/3338/3315
f 193/3239/3217 3971/3333/3311 1109/3238/3216
f 162/749/746 3971/3333/3311 1100/3339/3316
f 3971/3333/3311 161/3340/3317 1100/3339/3316
f 1865/3341/3318 1622/3255/3233 3973/3342/3319
f 826/828/824 3972/3338/3315 1536/3337/3314
f 795/996/992 3972/3338/3315 1528/1267/1261
f 3972/3338/3315 794/881/877 1528/1267/1261
f 2109/3343/3320 1866/3251/3229 3974/3344/3321
f 195/3256/3234 3973/3342/3319 1622/3255/3233
f 164/3345/3322 3973/3342/3319 1614/3346/3323
f 3973/3342/3319 163/3347/3324 1614/3346/3323
f 2511/3348/3325 2268/849/845 3975/3349/3326
f 196/3252/3230 3974/3344/3321 1866/3251/3229
f 165/3350/3327 3974/3344/3321 1858/3351/3328
f 3974/3344/3321 164/3345/3322 1858/3351/3328
f 2017/3352/3329 1774/715/712 3976/3353/3330
f 829/790/786 3975/3349/3326 2268/849/845
f 798/878/874 3975/3349/3326 2260/1150/1146
f 3975/3349/3326 797/999/995 2260/1150/1146
f 2835/3354/3331 2598/3260/3238 3977/3355/3332
f 803/716/713 3976/3353/3330 1774/715/712
f 772/1117/1113 3976/3353/3330 1766/1022/1018
f 3976/3353/3330 771/871/867 1766/1022/1018
f 1108/3356/3333 1116/3335/3312 3978/3357/3334
f 199/1162/1156 3977/3355/3332 2598/3260/3238
f 168/3358/3335 3977/3355/3332 2590/3359/3336
f 3977/3355/3332 167/3360/3337 2590/3359/3336
f 1379/3361/3338 1111/3267/3245 3979/3362/3339
f 1116/3335/3312 2841/859/855 3978/3357/3334
f 161/3363/3317 3978/3357/3334 1107/3364/3340
f 3978/3357/3334 192/868/864 1107/3364/3340
f 2111/3365/3341 1868/1174/1168 3980/3366/3342
f 201/3268/3246 3979/3362/3339 1111/3267/3245
f 170/3367/3343 3979/3362/3339 1102/3368/3344
f 3979/3362/3339 169/3369/3345 1102/3368/3344
f 2597/3370/3346 2354/1163/1157 3981/3371/3347
f 204/1093/1089 3980/3366/3342 1868/1174/1168
f 173/3372/3348 3980/3366/3342 1860/3373/3349
f 3980/3366/3342 172/3374/3350 1860/3373/3349
f 2353/3375/3351 2110/3247/3225 3982/3376/3352
f 198/1164/1158 3981/3371/3347 2354/1163/1157
f 167/3360/3337 3981/3371/3347 2346/3377/3353
f 3981/3371/3347 166/3378/3354 2346/3377/3353
f 1621/3379/3355 1378/3271/3249 3983/3380/3356
f 197/3248/3226 3982/3376/3352 2110/3247/3225
f 166/3378/3354 3982/3376/3352 2102/3381/3357
f 3982/3376/3352 165/3350/3327 2102/3381/3357
f 1867/3382/3358 1624/1094/1090 3984/3383/3359
f 194/3237/3215 3983/3380/3356 1378/3271/3249
f 163/3347/3324 3983/3380/3356 1370/742/739
f 3983/3380/3356 162/749/746 1370/742/739
f 1110/3384/3360 2836/3288/3266 3985/3385/3361
f 203/1095/1091 3984/3383/3359 1624/1094/1090
f 172/3374/3350 3984/3383/3359 1616/3386/3362
f 3984/3383/3359 171/3387/3363 1616/3386/3362
f 1112/3388/3364 2838/3293/3271 3986/3389/3365
f 200/3259/3237 3985/3385/3361 2836/3288/3266
f 169/3369/3345 3985/3385/3361 2829/3390/3366
f 3985/3385/3361 168/3358/3335 2829/3390/3366
f 1381/3391/3367 1113/3317/3295 3987/3392/3368
f 208/3263/3241 3986/3389/3365 2838/3293/3271
f 177/3393/3369 3986/3389/3365 2831/855/851
f 3986/3389/3365 176/862/858 2831/855/851
f 1283/3394/3370 2971/780/776 3988/3395/3371
f 209/3292/3270 3987/3392/3368 1113/3317/3295
f 178/942/938 3987/3392/3368 1104/3396/3372
f 3987/3392/3368 177/3393/3369 1104/3396/3372
f 1623/3397/3373 1380/3327/3305 3989/3398/3374
f 816/775/771 3988/3395/3371 2971/780/776
f 785/1098/1094 3988/3395/3371 2964/1053/1049
f 3988/3395/3371 784/935/931 2964/1053/1049
f 2113/3399/3375 1870/3303/3281 3990/3400/3376
f 202/3266/3244 3989/3398/3374 1380/3327/3305
f 171/3387/3363 3989/3398/3374 1372/3401/3377
f 3989/3398/3374 170/3367/3343 1372/3401/3377
f 2357/3402/3378 2114/3306/3284 3991/3403/3379
f 212/3274/3252 3990/3400/3376 1870/3303/3281
f 181/3404/3380 3990/3400/3376 1862/3405/3381
f 3990/3400/3376 180/3406/3382 1862/3405/3381
f 2601/3407/3383 2358/1143/1139 3992/3408/3384
f 213/3302/3280 3991/3403/3379 2114/3306/3284
f 182/967/963 3991/3403/3379 2106/3409/3385
f 3991/3403/3379 181/3404/3380 2106/3409/3385
f 1869/3410/3386 1626/3275/3253 3993/3411/3387
f 214/1144/1140 3992/3408/3384 2358/1143/1139
f 183/987/983 3992/3408/3384 2350/962/958
f 3992/3408/3384 182/967/963 2350/962/958
f 1114/3412/3388 2840/3314/3292 3994/3413/3389
f 211/3276/3254 3993/3411/3387 1626/3275/3253
f 180/3406/3382 3993/3411/3387 1618/832/828
f 3993/3411/3387 179/838/834 1618/832/828
f 1383/3414/3390 1115/3280/3258 3995/3415/3391
f 216/3311/3289 3994/3413/3389 2840/3314/3292
f 185/3416/3392 3994/3413/3389 2833/3417/3393
f 3994/3413/3389 184/985/981 2833/3417/3393
f 1627/3418/3394 1384/3320/3298 3996/3419/3395
f 217/3281/3259 3995/3415/3391 1115/3280/3258
f 186/3420/3396 3995/3415/3391 1106/3421/3397
f 3995/3415/3391 185/3416/3392 1106/3421/3397
f 1533/3422/3398 1284/739/736 3997/3423/3399
f 218/3279/3257 3996/3419/3395 1384/3320/3298
f 187/3424/3400 3996/3419/3395 1376/3425/3401
f 3996/3419/3395 186/3420/3396 1376/3425/3401
f 1871/3426/3402 1628/1056/1052 3998/3427/3403
f 817/740/737 3997/3423/3399 1284/739/736
f 786/991/987 3997/3423/3399 1275/1090/1086
f 3997/3423/3399 785/1098/1094 1275/1090/1086
f 2359/3428/3404 2116/1132/1128 3999/3429/3405
f 219/1057/1053 3998/3427/3403 1628/1056/1052
f 188/910/906 3998/3427/3403 1620/3430/3406
f 3998/3427/3403 187/3424/3400 1620/3430/3406
f 1285/3431/3407 2973/3432/3408 4000/3433/3409
f 221/1133/1129 3999/3429/3405 2116/1132/1128
f 190/894/890 3999/3429/3405 2108/702/699
f 3999/3429/3405 189/709/706 2108/702/699
f 2355/3434/3410 2112/3242/3220 4001/3435/3411
f 824/817/813 4000/3433/3409 2973/3432/3408
f 793/883/879 4000/3433/3409 2966/1106/1102
f 4000/3433/3409 792/973/969 2966/1106/1102
f 1529/3436/3412 1280/767/763 4002/3437/3413
f 205/1173/1167 4001/3435/3411 2112/3242/3220
f 174/834/830 4001/3435/3411 2104/3438/3414
f 4001/3435/3411 173/3372/3348 2104/3438/3414
f 1369/3439/3415 1100/3339/3316 4003/3440/3416
f 801/768/764 4002/3437/3413 1280/767/763
f 770/873/869 4002/3437/3413 1271/1146/1142
f 4002/3437/3413 769/1152/1010 1271/1146/1142
f 1615/3441/3417 1372/3401/3377 4004/3442/3418
f 161/3340/3317 4003/3440/3416 1100/3339/3316
f 130/752/749 4003/3440/3416 1091/3443/3419
f 4003/3440/3416 129/3444/3420 1091/3443/3419
f 2595/3445/3421 2352/893/889 4005/3446/3422
f 170/3367/3343 4004/3442/3418 1372/3401/3377
f 139/3447/3423 4004/3442/3418 1364/540/537
f 4004/3442/3418 138/546/543 1364/540/537
f 2101/3448/3424 1858/3351/3328 4006/3449/3425
f 190/894/890 4005/3446/3422 2352/893/889
f 159/786/782 4005/3446/3422 2344/553/550
f 4005/3446/3422 158/560/557 2344/553/550
f 1539/3450/3426 1291/585/582 4007/3451/3427
f 164/3345/3322 4006/3449/3425 1858/3351/3328
f 133/3452/3428 4006/3449/3425 1850/800/796
f 4006/3449/3425 132/806/802 1850/800/796
f 2830/3453/3429 2592/946/942 4008/3454/3430
f 841/586/583 4007/3451/3427 1291/585/582
f 810/823/819 4007/3451/3427 1282/958/954
f 4007/3451/3427 809/734/731 1282/958/954
f 2828/3455/3431 2590/3359/3336 4009/3456/3432
f 175/947/943 4008/3454/3430 2592/946/942
f 144/590/587 4008/3454/3430 2584/3457/3433
f 4008/3454/3430 143/835/831 2584/3457/3433
f 1101/3458/3434 2829/3390/3366 4010/3459/3435
f 167/3360/3337 4009/3456/3432 2590/3359/3336
f 136/3460/3436 4009/3456/3432 2582/570/567
f 4009/3456/3432 135/577/574 2582/570/567
f 1371/3461/3437 1102/3368/3344 4011/3462/3438
f 168/3358/3335 4010/3459/3435 2829/3390/3366
f 137/3463/3439 4010/3459/3435 2822/3464/3440
f 4010/3459/3435 136/3460/3436 2822/3464/3440
f 1781/3465/3441 1538/3466/3442 4012/3467/3443
f 169/3369/3345 4011/3462/3438 1102/3368/3344
f 138/546/543 4011/3462/3438 1093/3468/3444
f 4011/3462/3438 137/3463/3439 1093/3468/3444
f 1294/3469/3445 2980/3470/3446 4013/3471/3447
f 834/3472/3448 4012/3467/3443 1538/3466/3442
f 803/716/713 4012/3467/3443 1530/865/861
f 4012/3467/3443 802/766/762 1530/865/861
f 1099/3473/3449 1107/3364/3340 4014/3474/3450
f 856/656/653 4013/3471/3447 2980/3470/3446
f 825/830/826 4013/3471/3447 2973/3432/3408
f 4013/3471/3447 824/817/813 2973/3432/3408
f 2347/3475/3451 2104/3438/3414 4015/3476/3452
f 1107/3364/3340 2834/777/773 4014/3474/3450
f 129/3477/3420 4014/3474/3450 1098/3478/3453
f 4014/3474/3450 160/784/780 1098/3478/3453
f 2589/3479/3454 2346/3377/3353 4016/3480/3455
f 173/3372/3348 4015/3476/3452 2104/3438/3414
f 142/542/539 4015/3476/3452 2096/3481/3456
f 4015/3476/3452 141/3482/3457 2096/3481/3456
f 2105/3483/3458 1862/3405/3381 4017/3484/3459
f 166/3378/3354 4016/3480/3455 2346/3377/3353
f 135/577/574 4016/3480/3455 2338/588/585
f 4016/3480/3455 134/594/591 2338/588/585
f 1288/3485/3460 1296/700/697 4018/3486/3461
f 180/3406/3382 4017/3484/3459 1862/3405/3381
f 149/3487/3462 4017/3484/3459 1854/3488/3463
f 4017/3484/3459 148/839/835 1854/3488/3463
f 1373/3489/3464 1104/3396/3372 4019/3490/3465
f 1296/700/697 2981/850/846 4018/3486/3461
f 801/3491/764 4018/3486/3461 1287/1008/1004
f 4018/3486/3461 832/857/853 1287/1008/1004
f 1617/3492/3466 1374/941/937 4020/3493/3467
f 177/3393/3369 4019/3490/3465 1104/3396/3372
f 146/3494/3468 4019/3490/3465 1095/3495/3469
f 4019/3490/3465 145/863/859 1095/3495/3469
f 1375/3496/3470 1106/3421/3397 4021/3497/3471
f 178/942/938 4020/3493/3467 1374/941/937
f 147/841/837 4020/3493/3467 1366/3498/3472
f 4020/3493/3467 146/3494/3468 1366/3498/3472
f 2103/3499/3473 1860/3373/3349 4022/3500/3474
f 185/3416/3392 4021/3497/3471 1106/3421/3397
f 154/599/596 4021/3497/3471 1097/3501/3475
f 4021/3497/3471 153/3502/3476 1097/3501/3475
f 2349/3503/3477 2106/3409/3385 4023/3504/3478
f 172/3374/3350 4022/3500/3474 1860/3373/3349
f 141/3482/3457 4022/3500/3474 1852/629/626
f 4022/3500/3474 140/636/633 1852/629/626
f 1857/3505/3479 1614/3346/3323 4024/3506/3480
f 181/3404/3380 4023/3504/3478 2106/3409/3385
f 150/970/966 4023/3504/3478 2098/3507/3481
f 4023/3504/3478 149/3487/3462 2098/3507/3481
f 1785/3508/3482 1542/627/624 4025/3509/3483
f 163/3347/3324 4024/3506/3480 1614/3346/3323
f 132/806/802 4024/3506/3480 1606/3510/3484
f 4024/3506/3480 131/750/747 1606/3510/3484
f 1105/3511/3485 2833/3417/3393 4026/3512/3486
f 850/622/619 4025/3509/3483 1542/627/624
f 819/798/794 4025/3509/3483 1534/982/978
f 4025/3509/3483 818/738/735 1534/982/978
f 2269/3513/3487 2026/556/553 4027/3514/3488
f 184/985/981 4026/3512/3486 2833/3417/3393
f 153/3502/3476 4026/3512/3486 2826/644/641
f 4026/3512/3486 152/651/648 2826/644/641
f 1619/3515/3489 1376/3425/3401 4028/3516/3490
f 836/549/546 4027/3514/3488 2026/556/553
f 805/727/724 4027/3514/3488 2018/3290/3268
f 4027/3514/3488 804/714/711 2018/3290/3268
f 1863/3517/3491 1620/3430/3406 4029/3518/3492
f 186/3420/3396 4028/3516/3490 1376/3425/3401
f 155/3519/3493 4028/3516/3490 1368/592/589
f 4028/3516/3490 154/599/596 1368/592/589
f 2107/3520/3494 1864/909/905 4030/3521/3495
f 187/3424/3400 4029/3518/3492 1620/3430/3406
f 156/674/671 4029/3518/3492 1612/3522/3496
f 4029/3518/3492 155/3519/3493 1612/3522/3496
f 2345/3523/3497 2102/3381/3357 4031/3524/3498
f 188/910/906 4030/3521/3495 1864/909/905
f 157/711/708 4030/3521/3495 1856/666/663
f 4030/3521/3495 156/674/671 1856/666/663
f 1787/3525/3499 1544/669/666 4032/3526/3500
f 165/3350/3327 4031/3524/3498 2102/3381/3357
f 134/594/591 4031/3524/3498 2094/3527/3501
f 4031/3524/3498 133/3452/3428 2094/3527/3501
f 2832/3528/3502 2594/986/982 4033/3529/3503
f 858/670/667 4032/3526/3500 1544/669/666
f 827/845/841 4032/3526/3500 1536/3337/3314
f 4032/3526/3500 826/828/824 1536/3337/3314
f 1859/3530/3504 1616/3386/3362 4034/3531/3505
f 183/987/983 4033/3529/3503 2594/986/982
f 152/651/648 4033/3529/3503 2586/3532/3506
f 4033/3529/3503 151/968/964 2586/3532/3506
f 1361/3533/3507 1091/3443/3419 4035/3534/3508
f 171/3387/3363 4034/3531/3505 1616/3386/3362
f 140/636/633 4034/3531/3505 1608/3535/3509
f 4034/3531/3505 139/3447/3423 1608/3535/3509
f 1791/3536/3510 1548/3537/3511 4036/3538/3512
f 129/3444/3420 4035/3534/3508 1091/3443/3419
f 98/3539/3513 4035/3534/3508 1082/481/479
f 4035/3534/3508 97/489/487 1082/481/479
f 1841/3540/3514 1598/3541/3515 4037/3542/3516
f 874/411/409 4036/3538/3512 1548/3537/3511
f 843/664/661 4036/3538/3512 1540/815/811
f 4036/3538/3512 842/584/581 1540/815/811
f 1789/3543/3517 1546/3544/3518 4038/3545/3519
f 99/3546/3520 4037/3542/3516 1598/3541/3515
f 68/268/267 4037/3542/3516 1590/294/293
f 4037/3542/3516 67/302/301 1590/294/293
f 2337/3547/3521 2094/3527/3501 4039/3548/3522
f 866/501/499 4038/3545/3519 1546/3544/3518
f 835/551/548 4038/3545/3519 1538/3466/3442
f 4038/3545/3519 834/3472/3448 1538/3466/3442
f 1090/3549/3523 1098/3478/3453 4040/3550/3524
f 133/3452/3428 4039/3548/3522 2094/3527/3501
f 102/596/593 4039/3548/3522 2086/3551/3525
f 4039/3548/3522 101/807/803 2086/3551/3525
f 1299/3552/3526 2983/3553/3527 4041/3554/3528
f 1098/3478/3453 2827/3555/3529 4040/3550/3524
f 97/3556/487 4040/3550/3524 1089/3557/3530
f 4040/3550/3524 128/3558/3531 1089/3557/3530
f 2521/3559/3532 2278/394/392 4042/3560/3533
f 872/3561/3534 4041/3554/3528 2983/3553/3527
f 841/586/583 4041/3554/3528 2976/729/726
f 4041/3554/3528 840/573/570 2976/729/726
f 1545/3562/3535 1298/502/500 4043/3563/3536
f 869/388/386 4042/3560/3533 2278/394/392
f 838/568/565 4042/3560/3533 2270/718/715
f 4042/3560/3533 837/555/552 2270/718/715
f 1605/3564/3537 1362/751/748 4044/3565/3538
f 865/503/368 4043/3563/3536 1298/502/500
f 834/3472/3448 4043/3563/3536 1289/760/757
f 4043/3563/3536 833/765/696 1289/760/757
f 1851/3566/3539 1608/3535/3509 4045/3567/3540
f 130/752/749 4044/3565/3538 1362/751/748
f 99/3546/3520 4044/3565/3538 1354/3568/3541
f 4044/3565/3538 98/3539/3513 1354/3568/3541
f 1609/3569/3542 1366/3498/3472 4046/3570/3543
f 139/3447/3423 4045/3567/3540 1608/3535/3509
f 108/472/470 4045/3567/3540 1600/415/413
f 4045/3567/3540 107/422/420 1600/415/413
f 2341/3571/3544 2098/3507/3481 4047/3572/3545
f 146/3494/3468 4046/3570/3543 1366/3498/3472
f 115/514/511 4046/3570/3543 1358/3573/3546
f 4046/3570/3543 114/3574/3547 1358/3573/3546
f 1365/3575/3548 1095/3495/3469 4048/3576/3549
f 149/3487/3462 4047/3572/3545 2098/3507/3481
f 118/3577/3550 4047/3572/3545 2090/516/513
f 4047/3572/3545 117/523/520 2090/516/513
f 1363/3578/3551 1093/3468/3444 4049/3579/3552
f 145/863/859 4048/3576/3549 1095/3495/3469
f 114/3574/3547 4048/3576/3549 1086/455/453
f 4048/3576/3549 113/462/460 1086/455/453
f 2825/3580/3553 2586/3532/3506 4050/3581/3554
f 137/3463/3439 4049/3579/3552 1093/3468/3444
f 106/376/374 4049/3579/3552 1084/3582/3555
f 4049/3579/3552 105/3583/3556 1084/3582/3555
f 1092/3584/3557 2822/3464/3440 4051/3585/3558
f 151/968/964 4050/3581/3554 2586/3532/3506
f 120/537/534 4050/3581/3554 2578/396/394
f 4050/3581/3554 119/405/403 2578/396/394
f 2585/3586/3559 2342/969/965 4052/3587/3560
f 136/3460/3436 4051/3585/3558 2822/3464/3440
f 105/3583/3556 4051/3585/3558 2815/3588/3561
f 4051/3585/3558 104/578/575 2815/3588/3561
f 1853/3589/3562 1610/840/836 4053/3590/3563
f 150/970/966 4052/3587/3560 2342/969/965
f 119/405/403 4052/3587/3560 2334/3591/3564
f 4052/3587/3560 118/3577/3550 2334/3591/3564
f 2097/3592/3565 1854/3488/3463 4054/3593/3566
f 147/841/837 4053/3590/3563 1610/840/836
f 116/3594/3567 4053/3590/3563 1602/505/502
f 4053/3590/3563 115/514/511 1602/505/502
f 1551/3595/3568 1304/496/494 4055/3596/3569
f 148/839/835 4054/3593/3566 1854/3488/3463
f 117/523/520 4054/3593/3566 1846/3597/3570
f 4054/3593/3566 116/3594/3567 1846/3597/3570
f 1849/3598/3571 1606/3510/3484 4056/3599/3572
f 889/497/495 4055/3596/3569 1304/496/494
f 858/670/667 4055/3596/3569 1295/820/816
f 4055/3596/3569 857/827/823 1295/820/816
f 1303/3600/3573 2987/3601/3574 4057/3602/3575
f 131/750/747 4056/3599/3572 1606/3510/3484
f 100/809/805 4056/3599/3572 1598/3541/3515
f 4056/3599/3572 99/3546/3520 1598/3541/3515
f 2037/3603/3576 1794/3604/3577 4058/3605/3578
f 888/3606/3579 4057/3602/3575 2987/3601/3574
f 857/827/823 4057/3602/3575 2980/3470/3446
f 4057/3602/3575 856/656/653 2980/3470/3446
f 1367/3607/3580 1097/3501/3475 4059/3608/3581
f 883/3609/3582 4058/3605/3578 1794/3604/3577
f 852/802/798 4058/3605/3578 1786/788/784
f 4058/3605/3578 851/626/623 1786/788/784
f 2279/3610/3583 2036/518/515 4060/3611/3584
f 153/3502/3476 4059/3608/3581 1097/3501/3475
f 122/601/598 4059/3608/3581 1088/408/406
f 4059/3608/3581 121/417/415 1088/408/406
f 1855/3612/3585 1612/3522/3496 4061/3613/3586
f 876/519/516 4060/3611/3584 2036/518/515
f 845/606/603 4060/3611/3584 2028/754/751
f 4060/3611/3584 844/662/659 2028/754/751
f 2339/3614/3587 2096/3481/3456 4062/3615/3588
f 155/3519/3493 4061/3613/3586 1612/3522/3496
f 124/432/430 4061/3613/3586 1604/420/418
f 4061/3613/3586 123/427/425 1604/420/418
f 2343/3616/3589 2100/710/707 4063/3617/3590
f 141/3482/3457 4062/3615/3588 2096/3481/3456
f 110/527/524 4062/3615/3588 2088/460/458
f 4062/3615/3588 109/467/465 2088/460/458
f 2281/3618/3591 2038/3619/3592 4064/3620/3593
f 157/711/708 4063/3617/3590 2100/710/707
f 126/562/559 4063/3617/3590 2092/430/428
f 4063/3617/3590 125/437/435 2092/430/428
f 2827/3555/3529 2588/785/781 4065/3621/3594
f 884/3622/3595 4064/3620/3593 2038/3619/3592
f 853/642/639 4064/3620/3593 2030/794/790
f 4064/3620/3593 852/802/798 2030/794/790
f 2823/3623/3596 2584/3457/3433 4066/3624/3597
f 159/786/782 4065/3621/3594 2588/785/781
f 128/3558/3531 4065/3621/3594 2580/475/473
f 4065/3621/3594 127/483/481 2580/475/473
f 1308/3625/3598 2990/3626/3599 4067/3627/3600
f 143/835/831 4066/3624/3597 2584/3457/3433
f 112/398/396 4066/3624/3597 2576/3628/3601
f 4066/3624/3597 111/543/540 2576/3628/3601
f 1597/3629/3602 1354/3568/3541 4068/3630/3603
f 904/214/213 4067/3627/3600 2990/3626/3599
f 873/413/411 4067/3627/3600 2983/3553/3527
f 4067/3627/3600 872/3561/3534 2983/3553/3527
f 1801/3631/3604 1558/3632/3605 4069/3633/3606
f 98/3539/3513 4068/3630/3603 1354/3568/3541
f 67/302/301 4068/3630/3603 1346/3634/3607
f 4068/3630/3603 66/490/488 1346/3634/3607
f 2773/3635/3608 2530/319/318 4070/3636/3609
f 914/248/247 4069/3633/3606 1558/3632/3605
f 883/3609/3582 4069/3633/3606 1550/620/617
f 4069/3633/3606 882/457/455 1550/620/617
f 2085/3637/3610 1842/808/804 4071/3638/3611
f 902/320/319 4070/3636/3609 2530/319/318
f 871/572/569 4070/3636/3609 2522/558/555
f 4070/3636/3609 870/393/391 2522/558/555
f 2573/3639/3612 2330/595/592 4072/3640/3613
f 100/809/805 4071/3638/3611 1842/808/804
f 69/3641/3614 4071/3638/3611 1834/262/261
f 4071/3638/3611 68/268/267 1834/262/261
f 2993/3642/3615 2778/3643/3616 4073/3644/3617
f 102/596/593 4072/3640/3613 2330/595/592
f 71/3645/3618 4072/3640/3613 2322/271/270
f 4072/3640/3613 70/277/276 2322/271/270
f 1083/3646/3619 2815/3588/3561 4074/3647/3620
f 919/3648/3621 4073/3644/3617 2778/3643/3616
f 888/3606/3579 4073/3644/3617 2770/649/646
f 4073/3644/3617 887/655/652 2770/649/646
f 2047/3649/3622 1804/345/344 4075/3650/3623
f 104/578/575 4074/3647/3620 2815/3588/3561
f 73/291/290 4074/3647/3620 2808/281/280
f 4074/3647/3620 72/288/287 2808/281/280
f 1797/3651/3624 1554/3652/3625 4076/3653/3626
f 923/219/218 4075/3650/3623 1804/345/344
f 892/678/675 4075/3650/3623 1796/676/673
f 4075/3650/3623 891/685/682 1796/676/673
f 2045/3654/3627 1802/3655/3628 4077/3656/3629
f 898/338/337 4076/3653/3626 1554/3652/3625
f 867/384/382 4076/3653/3626 1546/3544/3518
f 4076/3653/3626 866/501/499 1546/3544/3518
f 2291/3657/3630 2048/350/349 4078/3658/3631
f 915/3659/3632 4077/3656/3629 1802/3655/3628
f 884/3622/3595 4077/3656/3629 1794/3604/3577
f 4077/3656/3629 883/3609/3582 1794/3604/3577
f 2535/3660/3633 2292/3661/3634 4079/3662/3635
f 924/344/343 4078/3658/3631 2048/350/349
f 893/695/692 4078/3658/3631 2040/672/669
f 4078/3658/3631 892/678/675 2040/672/669
f 2779/3663/3636 2536/3664/3637 4080/3665/3638
f 925/349/348 4079/3662/3635 2292/3661/3634
f 894/690/687 4079/3662/3635 2284/688/685
f 4079/3662/3635 893/695/692 2284/688/685
f 2816/3666/3639 2576/3628/3601 4081/3667/3640
f 926/3668/3641 4080/3665/3638 2536/3664/3637
f 895/447/445 4080/3665/3638 2528/683/680
f 4080/3665/3638 894/690/687 2528/683/680
f 2539/3669/3642 2296/3670/3643 4082/3671/3644
f 111/543/540 4081/3667/3640 2576/3628/3601
f 80/401/399 4081/3667/3640 2568/237/236
f 4081/3667/3640 79/243/242 2568/237/236
f 2579/3672/3645 2336/561/558 4083/3673/3646
f 941/3674/3647 4082/3671/3644 2296/3670/3643
f 910/439/437 4082/3671/3644 2288/470/468
f 4082/3671/3644 909/477/475 2288/470/468
f 1601/3675/3648 1358/3573/3546 4084/3676/3649
f 126/562/559 4083/3673/3646 2336/561/558
f 95/486/484 4083/3673/3646 2328/328/327
f 4083/3673/3646 94/334/333 2328/328/327
f 2089/3677/3650 1846/3597/3570 4085/3678/3651
f 114/3574/3547 4084/3676/3649 1358/3573/3546
f 83/264/263 4084/3676/3649 1350/252/251
f 4084/3676/3649 82/260/259 1350/252/251
f 1799/3679/3652 1556/3680/3653 4086/3681/3654
f 116/3594/3567 4085/3678/3651 1846/3597/3570
f 85/353/352 4085/3678/3651 1838/223/222
f 4085/3678/3651 84/231/230 1838/223/222
f 1803/3682/3655 1560/220/219 4087/3683/3656
f 906/3684/3657 4086/3681/3654 1556/3680/3653
f 875/661/658 4086/3681/3654 1548/3537/3511
f 4086/3681/3654 874/411/409 1548/3537/3511
f 2577/3685/3658 2334/3591/3564 4088/3686/3659
f 922/221/220 4087/3683/3656 1560/220/219
f 891/685/682 4087/3683/3656 1552/659/656
f 4087/3683/3656 890/495/493 1552/659/656
f 1312/3687/3660 2994/297/296 4089/3688/3661
f 118/3577/3550 4088/3686/3659 2334/3591/3564
f 87/283/282 4088/3686/3659 2326/233/232
f 4088/3686/3659 86/239/238 2326/233/232
f 1081/3689/3662 1089/3557/3530 4090/3690/3663
f 920/298/297 4089/3688/3661 2994/297/296
f 889/497/495 4089/3688/3661 2987/3601/3574
f 4089/3688/3661 888/3606/3579 2987/3601/3574
f 2777/3691/3664 2534/3692/3665 4091/3693/3666
f 1089/3557/3530 2820/474/472 4090/3690/3663
f 65/3694/490 4090/3690/3663 1080/3695/3667
f 4090/3690/3663 96/484/482 1080/3695/3667
f 2329/3696/3668 2086/3551/3525 4092/3697/3669
f 918/3698/3670 4091/3693/3666 2534/3692/3665
f 887/655/652 4091/3693/3666 2526/638/635
f 4091/3693/3666 886/508/505 2526/638/635
f 2043/3699/3671 1800/226/225 4093/3700/3672
f 101/807/803 4092/3697/3669 2086/3551/3525
f 70/277/276 4092/3697/3669 2078/3701/3673
f 4092/3697/3669 69/3641/3614 2078/3701/3673
f 2289/3702/3674 2046/3703/3675 4094/3704/3676
f 907/227/226 4093/3700/3672 1800/226/225
f 876/519/516 4093/3700/3672 1792/653/650
f 4093/3700/3672 875/661/658 1792/653/650
f 1603/3705/3677 1360/600/597 4095/3706/3678
f 916/3707/3679 4094/3704/3676 2046/3703/3675
f 885/510/507 4094/3704/3676 2038/3619/3592
f 4094/3704/3676 884/3622/3595 2038/3619/3592
f 2814/3708/3680 2574/579/576 4096/3709/3681
f 122/601/598 4095/3706/3678 1360/600/597
f 91/308/307 4095/3706/3678 1352/3710/3682
f 4095/3706/3678 90/418/416 1352/3710/3682
f 1355/3711/3683 1084/3582/3555 4097/3712/3684
f 103/580/577 4096/3709/3681 2574/579/576
f 72/288/287 4096/3709/3681 2566/3713/3685
f 4096/3709/3681 71/3645/3618 2566/3713/3685
f 2989/3714/3686 2774/215/214 4098/3715/3687
f 105/3583/3556 4097/3712/3684 1084/3582/3555
f 74/378/376 4097/3712/3684 1075/286/285
f 4097/3712/3684 73/291/290 1075/286/285
f 1345/3716/3688 1073/491/489 4099/3717/3689
f 903/216/215 4098/3715/3687 2774/215/214
f 872/3561/3534 4098/3715/3687 2766/564/561
f 4098/3715/3687 871/572/569 2766/564/561
f 1589/3718/3690 1346/3634/3607 4100/3719/3691
f 65/492/490 4099/3717/3689 1073/491/489
f 34/3720/3692 4099/3717/3689 1060/3721/3693
f 4099/3717/3689 33/3722/3694 1060/3721/3693
f 2053/3723/3695 1810/3724/3696 4101/3725/3697
f 66/490/488 4100/3719/3691 1346/3634/3607
f 35/304/303 4100/3719/3691 1335/3726/3698
f 4100/3719/3691 34/3720/3692 1335/3726/3698
f 2295/3727/3699 2052/3728/3700 4102/3729/3701
f 947/3730/3702 4101/3725/3697 1810/3724/3696
f 916/3707/3679 4101/3725/3697 1802/3655/3628
f 4101/3725/3697 915/3659/3632 1802/3655/3628
f 2543/3731/3703 2300/3732/3704 4103/3733/3705
f 940/180/180 4102/3729/3701 2052/3728/3700
f 909/477/475 4102/3729/3701 2044/512/509
f 4102/3729/3701 908/225/224 2044/512/509
f 2783/3734/3706 2540/3735/3707 4104/3736/3708
f 957/3737/3709 4103/3733/3705 2300/3732/3704
f 926/3668/3641 4103/3733/3705 2292/3661/3634
f 4103/3733/3705 925/349/348 2292/3661/3634
f 3000/3738/3710 2786/3739/3711 4105/3740/3712
f 942/3741/3713 4104/3736/3708 2540/3735/3707
f 911/532/529 4104/3736/3708 2532/435/433
f 4104/3736/3708 910/439/437 2532/435/433
f 1319/3742/3714 2999/3743/3715 4106/3744/3716
f 951/125/125 4105/3740/3712 2786/3739/3711
f 920/298/297 4105/3740/3712 2778/3643/3616
f 4105/3740/3712 919/3648/3621 2778/3643/3616
f 1349/3745/3717 1077/463/461 4107/3746/3718
f 944/3747/3719 4106/3744/3716 2999/3743/3715
f 913/250/249 4106/3744/3716 2992/444/442
f 4106/3744/3716 912/450/448 2992/444/442
f 1809/3748/3720 1566/3749/3721 4108/3750/3722
f 81/399/397 4107/3746/3718 1077/463/461
f 50/167/167 4107/3746/3718 1066/51/51
f 4107/3746/3718 49/60/60 1066/51/51
f 2049/3751/3723 1806/3752/3724 4109/3753/3725
f 946/3754/3726 4108/3750/3722 1566/3749/3721
f 915/3659/3632 4108/3750/3722 1558/3632/3605
f 4108/3750/3722 914/248/247 1558/3632/3605
f 2297/3755/3727 2054/3756/3728 4110/3757/3729
f 931/3758/3730 4109/3753/3725 1806/3752/3724
f 900/361/360 4109/3753/3725 1798/374/372
f 4109/3753/3725 899/381/379 1798/374/372
f 2537/3759/3731 2294/202/202 4111/3760/3732
f 948/3761/3733 4110/3757/3729 2054/3756/3728
f 917/507/504 4110/3757/3729 2046/3703/3675
f 4110/3757/3729 916/3707/3679 2046/3703/3675
f 2785/3762/3734 2542/126/126 4112/3763/3735
f 933/187/187 4111/3760/3732 2294/202/202
f 902/320/319 4111/3760/3732 2286/386/384
f 4111/3760/3732 901/359/358 2286/386/384
f 2807/3764/3736 2566/3713/3685 4113/3765/3737
f 950/127/127 4112/3763/3735 2542/126/126
f 919/3648/3621 4112/3763/3735 2534/3692/3665
f 4112/3763/3735 918/3698/3670 2534/3692/3665
f 1076/3766/3738 2810/400/398 4114/3767/3739
f 71/3645/3618 4113/3765/3737 2566/3713/3685
f 40/149/149 4113/3765/3737 2555/97/97
f 4113/3765/3737 39/105/105 2555/97/97
f 1563/3768/3740 1318/114/114 4115/3769/3741
f 80/401/399 4114/3767/3739 2810/400/398
f 49/60/60 4114/3767/3739 2802/122/122
f 4114/3767/3739 48/131/131 2802/122/122
f 1591/3770/3742 1348/377/375 4116/3771/3743
f 937/54/54 4115/3769/3741 1318/114/114
f 906/3684/3657 4115/3769/3741 1309/403/401
f 4115/3769/3741 905/410/408 1309/403/401
f 2083/3772/3744 1840/433/431 4117/3773/3745
f 74/378/376 4116/3771/3743 1348/377/375
f 43/256/255 4116/3771/3743 1338/3774/3746
f 4116/3771/3743 42/292/291 1338/3774/3746
f 2079/3775/3747 1836/473/471 4118/3776/3748
f 92/428/426 4117/3773/3745 1840/433/431
f 61/136/136 4117/3773/3745 1832/3777/3749
f 4117/3773/3745 60/309/308 1832/3777/3749
f 2321/3778/3750 2078/3701/3673 4119/3779/3751
f 76/423/421 4118/3776/3748 1836/473/471
f 45/35/35 4118/3776/3748 1826/19/19
f 4118/3776/3748 44/28/28 1826/19/19
f 1317/3780/3752 2997/55/55 4120/3781/3753
f 69/3641/3614 4119/3779/3751 2078/3701/3673
f 38/279/278 4119/3779/3751 2067/3782/3754
f 4119/3779/3751 37/269/268 2067/3782/3754
f 2998/3783/3755 2784/3784/3756 4121/3785/3757
f 936/56/56 4120/3781/3753 2997/55/55
f 905/410/408 4120/3781/3753 2990/3626/3599
f 4120/3781/3753 904/214/213 2990/3626/3599
f 1078/3786/3758 2812/538/535 4122/3787/3759
f 943/3788/3760 4121/3785/3757 2784/3784/3756
f 912/450/448 4121/3785/3757 2776/525/522
f 4121/3785/3757 911/532/529 2776/525/522
f 2787/3789/3761 2544/195/195 4123/3790/3762
f 88/406/404 4122/3787/3759 2812/538/535
f 57/315/314 4122/3787/3759 2805/3791/3763
f 4122/3787/3759 56/284/283 2805/3791/3763
f 1595/3792/3764 1352/3710/3682 4124/3793/3765
f 958/196/196 4123/3790/3762 2544/195/195
f 927/326/325 4123/3790/3762 2536/3664/3637
f 4123/3790/3762 926/3668/3641 2536/3664/3637
f 1807/3794/3766 1564/331/330 4125/3795/3767
f 90/418/416 4124/3793/3765 1352/3710/3682
f 59/118/118 4124/3793/3765 1344/58/58
f 4124/3793/3765 58/67/67 1344/58/58
f 1072/3796/3768 1080/3695/3667 4126/3797/3769
f 938/113/113 4125/3795/3767 1564/331/330
f 907/227/226 4125/3795/3767 1556/3680/3653
f 4125/3795/3767 906/3684/3657 1556/3680/3653
f 2541/3798/3770 2298/3799/3771 4127/3800/3772
f 1080/3695/3667 2813/3801/3773 4126/3797/3769
f 33/3802/3694 4126/3797/3769 1071/3803/3774
f 4126/3797/3769 64/3804/3775 1071/3803/3774
f 2567/3805/3776 2324/528/525 4128/3806/3777
f 949/3807/3778 4127/3800/3772 2298/3799/3771
f 918/3698/3670 4127/3800/3772 2290/499/497
f 4127/3800/3772 917/507/504 2290/499/497
f 2813/3801/3773 2572/485/483 4129/3808/3779
f 78/468/466 4128/3806/3777 2324/528/525
f 47/47/47 4128/3806/3777 2314/33/33
f 4128/3806/3777 46/41/41 2314/33/33
f 1805/3809/3780 1562/3810/3781 4130/3811/3782
f 95/486/484 4129/3808/3779 2572/485/483
f 64/3804/3775 4129/3808/3779 2564/3812/3783
f 4129/3808/3779 63/335/334 2564/3812/3783
f 3009/206/206 2796/3813/3784 4131/3814/3785
f 930/4/4 4130/3811/3782 1562/3810/3781
f 899/381/379 4130/3811/3782 1554/3652/3625
f 4130/3811/3782 898/338/337 1554/3652/3625
f 1577/3815/3786 1335/3726/3698 4132/3816/3787
f 991/3817/3788 4131/3814/3785 2796/3813/3784
f 960/209/208 4131/3814/3785 2788/317/316
f 4131/3814/3785 959/194/194 2788/317/316
f 2061/3818/3789 1818/3819/3790 4133/3820/3791
f 34/3720/3692 4132/3816/3787 1335/3726/3698
f 3/3821/3792 4132/3816/3787 1334/3822/3793
f 4132/3816/3787 2/3823/3794 1334/3822/3793
f 2303/3824/3795 2060/3825/3796 4134/3826/3797
f 979/3827/3798 4133/3820/3791 1818/3819/3790
f 948/3761/3733 4133/3820/3791 1810/3724/3696
f 4133/3820/3791 947/3730/3702 1810/3724/3696
f 2547/3828/3799 2304/3829/3800 4135/3830/3801
f 972/3831/3802 4134/3826/3797 2060/3825/3796
f 941/3674/3647 4134/3826/3797 2052/3728/3700
f 4134/3826/3797 940/180/180 2052/3728/3700
f 2791/3832/3803 2548/3833/3804 4136/3834/3805
f 973/3835/3806 4135/3830/3801 2304/3829/3800
f 942/3741/3713 4135/3830/3801 2296/3670/3643
f 4135/3830/3801 941/3674/3647 2296/3670/3643
f 3005/3836/3807 2792/3837/3808 4137/3838/3809
f 974/3839/3810 4136/3834/3805 2548/3833/3804
f 943/3788/3760 4136/3834/3805 2540/3735/3707
f 4136/3834/3805 942/3741/3713 2540/3735/3707
f 3003/3840/3811 2790/3841/3812 4138/3842/3813
f 975/3843/3814 4137/3838/3809 2792/3837/3808
f 944/3747/3719 4137/3838/3809 2784/3784/3756
f 4137/3838/3809 943/3788/3760 2784/3784/3756
f 1573/3844/3815 1329/3845/3816 4139/3846/3817
f 967/3847/3818 4138/3842/3813 2790/3841/3812
f 936/56/56 4138/3842/3813 2782/204/204
f 4138/3842/3813 935/213/212 2782/204/204
f 1819/3848/3819 1576/3849/3820 4140/3850/3821
f 977/3851/3822 4139/3846/3817 1329/3845/3816
f 946/3754/3726 4139/3846/3817 1320/241/240
f 4139/3846/3817 945/247/246 1320/241/240
f 2057/3852/3823 1814/3853/3824 4141/3854/3825
f 986/3855/3826 4140/3850/3821 1576/3849/3820
f 955/175/175 4140/3850/3821 1568/211/210
f 4140/3850/3821 954/162/162 1568/211/210
f 2305/3856/3827 2062/3857/3828 4142/3858/3829
f 963/3859/3830 4141/3854/3825 1814/3853/3824
f 932/189/189 4141/3854/3825 1806/3752/3724
f 4141/3854/3825 931/3758/3730 1806/3752/3724
f 2549/3860/3831 2306/3861/3832 4143/3862/3833
f 980/3863/3834 4142/3858/3829 2062/3857/3828
f 949/3807/3778 4142/3858/3829 2054/3756/3728
f 4142/3858/3829 948/3761/3733 2054/3756/3728
f 2553/3864/3835 2311/278/277 4144/3865/3836
f 981/3866/3837 4143/3862/3833 2306/3861/3832
f 950/127/127 4143/3862/3833 2298/3799/3771
f 4143/3862/3833 949/3807/3778 2298/3799/3771
f 1328/3867/3838 3006/3868/3839 4145/3869/3840
f 38/279/278 4144/3865/3836 2311/278/277
f 7/108/108 4144/3865/3836 2310/3870/3841
f 4144/3865/3836 6/3871/3842 2310/3870/3841
f 3007/3872/3843 2794/3873/3844 4146/3874/3845
f 976/3875/3846 4145/3869/3840 3006/3868/3839
f 945/247/246 4145/3869/3840 2999/3743/3715
f 4145/3869/3840 944/3747/3719 2999/3743/3715
f 1580/3876/3847 1338/3774/3746 4147/3877/3848
f 983/3878/3849 4146/3874/3845 2794/3873/3844
f 952/157/157 4146/3874/3845 2786/3739/3711
f 4146/3874/3845 951/125/125 2786/3739/3711
f 1824/3879/3850 1582/255/254 4148/3880/3851
f 42/292/291 4147/3877/3848 1338/3774/3746
f 11/3881/3852 4147/3877/3848 1337/3882/3853
f 4147/3877/3848 10/143/143 1337/3882/3853
f 1813/3883/3854 1570/3884/3855 4149/3885/3856
f 43/256/255 4148/3880/3851 1582/255/254
f 12/31/31 4148/3880/3851 1581/3886/3857
f 4148/3880/3851 11/3881/3852 1581/3886/3857
f 2551/3887/3858 2308/3888/3859 4150/3889/3860
f 962/3890/3861 4149/3885/3856 1570/3884/3855
f 931/3758/3730 4149/3885/3856 1562/3810/3781
f 4149/3885/3856 930/4/4 1562/3810/3781
f 2789/3891/3862 2546/3892/3863 4151/3893/3864
f 989/3894/3865 4150/3889/3860 2308/3888/3859
f 958/196/196 4150/3889/3860 2300/3732/3704
f 4150/3889/3860 957/3737/3709 2300/3732/3704
f 1067/3895/3866 2805/3791/3763 4152/3896/3867
f 966/3897/3868 4151/3893/3864 2546/3892/3863
f 935/213/212 4151/3893/3864 2538/311/310
f 4151/3893/3864 934/201/201 2538/311/310
f 1058/3898/3869 1071/3803/3774 4153/3899/3870
f 56/284/283 4152/3896/3867 2805/3791/3763
f 25/3900/3871 4152/3896/3867 2804/3901/3872
f 4152/3896/3867 24/100/100 2804/3901/3872
f 1821/3902/3873 1579/303/302 4154/3903/3874
f 1071/3803/3774 2806/3904/3875 4153/3899/3870
f 1/3905/3876 4153/3899/3870 1070/3906/3877
f 4153/3899/3870 32/3907/3878 1070/3906/3877
f 1817/3908/3879 1574/3909/3880 4155/3910/3881
f 35/304/303 4154/3903/3874 1579/303/302
f 4/17/17 4154/3903/3874 1578/3911/3882
f 4154/3903/3874 3/3821/3792 1578/3911/3882
f 1333/3912/3883 1060/3721/3693 4156/3913/3884
f 978/3914/3885 4155/3910/3881 1574/3909/3880
f 947/3730/3702 4155/3910/3881 1566/3749/3721
f 4155/3910/3881 946/3754/3726 1566/3749/3721
f 2074/3915/3886 1832/3777/3749 4157/3916/3887
f 33/3722/3694 4156/3913/3884 1060/3721/3693
f 2/3823/3794 4156/3913/3884 1059/3917/3888
f 4156/3913/3884 1/3918/3876 1059/3917/3888
f 2309/3919/3889 2067/3782/3754 4158/3920/3890
f 60/309/308 4157/3916/3887 1832/3777/3749
f 29/138/138 4157/3916/3887 1831/3921/3891
f 4157/3916/3887 28/119/119 1831/3921/3891
f 1342/3922/3892 1069/314/313 4159/3923/3893
f 37/269/268 4158/3920/3890 2067/3782/3754
f 6/3871/3842 4158/3920/3890 2066/3924/3894
f 4158/3920/3890 5/15/15 2066/3924/3894
f 2806/3904/3875 2564/3812/3783 4160/3925/3895
f 57/315/314 4159/3923/3893 1069/314/313
f 26/70/70 4159/3923/3893 1068/3926/3896
f 4159/3923/3893 25/3900/3871 1068/3926/3896
f 2307/3927/3897 2064/3928/3898 4161/3929/3899
f 63/335/334 4160/3925/3895 2564/3812/3783
f 32/3907/3878 4160/3925/3895 2563/3930/3900
f 4160/3925/3895 31/75/75 2563/3930/3900
f 2683/3931/3901 2440/2297/2284 4162/3932/3902
f 988/3933/3903 4161/3929/3899 2064/3928/3898
f 957/3737/3709 4161/3929/3899 2056/342/341
f 4161/3929/3899 956/173/173 2056/342/341
f 4163/3934/3904 1026/3935/3905 3202/3936/3906
f 542/2291/2278 4162/3932/3902 2440/2297/2284
f 511/2452/2438 4162/3932/3902 2432/2553/2536
f 4162/3932/3902 510/2315/2302 2432/2553/2536
f 1057/3937/3907 4163/3934/3904 3202/3936/3906
f 4164/3938/3908 1057/3937/3907 3201/3939/3909
f 4163/3934/3904 993/3940/3910 3010/3941/3911
f 1053/3942/3912 4164/3938/3908 3201/3939/3909
f 3037/3943/3913 993/3940/3910 4164/3938/3908
f 3033/3944/3914 993/3940/3910 4165/3945/3915
f 4165/3945/3915 1053/3942/3912 3200/3946/3916
f 3041/3947/3917 4164/3938/3908 993/3940/3910
f 1049/3948/3918 4165/3945/3915 3200/3946/3916
f 3029/3949/3919 993/3940/3910 4166/3950/3920
f 4166/3950/3920 1049/3948/3918 3199/3951/3921
f 3037/3943/3913 4165/3945/3915 993/3940/3910
f 1045/3952/3922 4166/3950/3920 3199/3951/3921
f 3025/3953/3923 993/3940/3910 4167/3954/3924
f 4167/3954/3924 1045/3952/3922 3198/3955/3925
f 3033/3944/3914 4166/3950/3920 993/3940/3910
f 1041/3956/3926 4167/3954/3924 3198/3955/3925
f 3021/3957/3927 993/3940/3910 4168/3958/3928
f 4168/3958/3928 1041/3956/3926 3197/3959/3929
f 3029/3949/3919 4167/3954/3924 993/3940/3910
f 1037/3960/3930 4168/3958/3928 3197/3959/3929
f 3017/3961/3931 993/3940/3910 4169/3962/3932
f 4169/3962/3932 1037/3960/3930 3196/3963/3933
f 3025/3953/3923 4168/3958/3928 993/3940/3910
f 1033/3964/3934 4169/3962/3932 3196/3963/3933
f 3013/3965/3935 993/3940/3910 4170/3966/3936
f 4170/3966/3936 1033/3964/3934 3195/3967/3937
f 3021/3957/3927 4169/3962/3932 993/3940/3910
f 1029/3968/3938 4170/3966/3936 3195/3967/3937
f 3040/3969/3939 993/3940/3910 4171/3970/3940
f 4171/3970/3940 1029/3968/3938 3194/3971/3941
f 3017/3961/3931 4170/3966/3936 993/3940/3910
f 1056/3972/3942 4171/3970/3940 3194/3971/3941
f 3036/3973/3943 993/3940/3910 4172/3974/3944
f 4172/3974/3944 1056/3972/3942 3193/3975/3945
f 3013/3965/3935 4171/3970/3940 993/3940/3910
f 1052/3976/3946 4172/3974/3944 3193/3975/3945
f 3032/3977/3947 993/3940/3910 4173/3978/3948
f 4173/3978/3948 1052/3976/3946 3192/3979/3949
f 3040/3969/3939 4172/3974/3944 993/3940/3910
f 1048/3980/3950 4173/3978/3948 3192/3979/3949
f 3028/3981/3951 993/3940/3910 4174/3982/3952
f 4174/3982/3952 1048/3980/3950 3191/3983/3953
f 3036/3973/3943 4173/3978/3948 993/3940/3910
f 1044/3984/3954 4174/3982/3952 3191/3983/3953
f 3024/3985/3955 993/3940/3910 4175/3986/3956
f 4175/3986/3956 1044/3984/3954 3190/3987/3957
f 3032/3977/3947 4174/3982/3952 993/3940/3910
f 1040/3988/3958 4175/3986/3956 3190/3987/3957
f 3020/3989/3959 993/3940/3910 4176/3990/3960
f 4176/3990/3960 1040/3988/3958 3189/3991/3961
f 3028/3981/3951 4175/3986/3956 993/3940/3910
f 1036/3992/3962 4176/3990/3960 3189/3991/3961
f 3016/3993/3963 993/3940/3910 4177/3994/3964
f 4177/3994/3964 1036/3992/3962 3188/3995/3965
f 3024/3985/3955 4176/3990/3960 993/3940/3910
f 1032/3996/3966 4177/3994/3964 3188/3995/3965
f 3012/3997/3967 993/3940/3910 4178/3998/3968
f 4178/3998/3968 1032/3996/3966 3187/3999/3969
f 3020/3989/3959 4177/3994/3964 993/3940/3910
f 1028/4000/3970 4178/3998/3968 3187/3999/3969
f 3039/4001/3971 993/3940/3910 4179/4002/3972
f 4179/4002/3972 1028/4000/3970 3186/4003/3973
f 3016/3993/3963 4178/3998/3968 993/3940/3910
f 1055/4004/3974 4179/4002/3972 3186/4003/3973
f 3035/4005/3975 993/3940/3910 4180/4006/3976
f 4180/4006/3976 1055/4004/3974 3185/4007/3977
f 3012/3997/3967 4179/4002/3972 993/3940/3910
f 1051/4008/3978 4180/4006/3976 3185/4007/3977
f 3031/4009/3979 993/3940/3910 4181/4010/3980
f 4181/4010/3980 1051/4008/3978 3184/4011/3981
f 3039/4001/3971 4180/4006/3976 993/3940/3910
f 1047/4012/3982 4181/4010/3980 3184/4011/3981
f 3027/4013/3983 993/3940/3910 4182/4014/3984
f 4182/4014/3984 1047/4012/3982 3183/4015/3985
f 3035/4005/3975 4181/4010/3980 993/3940/3910
f 1043/4016/3986 4182/4014/3984 3183/4015/3985
f 3023/4017/3987 993/3940/3910 4183/4018/3988
f 4183/4018/3988 1043/4016/3986 3182/4019/3989
f 3031/4009/3979 4182/4014/3984 993/3940/3910
f 1039/4020/3990 4183/4018/3988 3182/4019/3989
f 3019/4021/3991 993/3940/3910 4184/4022/3992
f 4184/4022/3992 1039/4020/3990 3181/4023/3993
f 3027/4013/3983 4183/4018/3988 993/3940/3910
f 1035/4024/3994 4184/4022/3992 3181/4023/3993
f 3015/4025/3995 993/3940/3910 4185/4026/3996
f 4185/4026/3996 1035/4024/3994 3180/4027/3997
f 3023/4017/3987 4184/4022/3992 993/3940/3910
f 1031/4028/3998 4185/4026/3996 3180/4027/3997
f 3011/4029/3999 993/3940/3910 4186/4030/4000
f 4186/4030/4000 1031/4028/3998 3179/4031/4001
f 3019/4021/3991 4185/4026/3996 993/3940/3910
f 1027/4032/4002 4186/4030/4000 3179/4031/4001
f 3038/4033/4003 993/3940/3910 4187/4034/4004
f 4187/4034/4004 1027/4032/4002 3178/4035/4005
f 3015/4025/3995 4186/4030/4000 993/3940/3910
f 1054/4036/4006 4187/4034/4004 3178/4035/4005
f 3034/4037/4007 993/3940/3910 4188/4038/4008
f 4188/4038/4008 1054/4036/4006 3177/4039/4009
f 3011/4029/3999 4187/4034/4004 993/3940/3910
f 1050/4040/4010 4188/4038/4008 3177/4039/4009
f 3030/4041/4011 993/3940/3910 4189/4042/4012
f 4189/4042/4012 1050/4040/4010 3176/4043/4013
f 3038/4033/4003 4188/4038/4008 993/3940/3910
f 1046/4044/4014 4189/4042/4012 3176/4043/4013
f 3026/4045/4015 993/3940/3910 4190/4046/4016
f 4190/4046/4016 1046/4044/4014 3175/4047/4017
f 3034/4037/4007 4189/4042/4012 993/3940/3910
f 1042/4048/4018 4190/4046/4016 3175/4047/4017
f 3022/4049/4019 993/3940/3910 4191/4050/4020
f 4191/4050/4020 1042/4048/4018 3174/4051/4021
f 3030/4041/4011 4190/4046/4016 993/3940/3910
f 1038/4052/4022 4191/4050/4020 3174/4051/4021
f 3018/4053/4023 993/3940/3910 4192/4054/4024
f 4192/4054/4024 1038/4052/4022 3173/4055/4025
f 3026/4045/4015 4191/4050/4020 993/3940/3910
f 1034/4056/4026 4192/4054/4024 3173/4055/4025
f 3014/4057/4027 993/3940/3910 4193/4058/4028
f 4193/4058/4028 1034/4056/4026 3172/4059/4029
f 3022/4049/4019 4192/4054/4024 993/3940/3910
f 1030/4060/4030 4193/4058/4028 3172/4059/4029
f 3010/4061/3911 993/3940/3910 4194/4062/4031
f 4194/4062/4031 1030/4060/4030 3171/4063/4032
f 3018/4053/4023 4193/4058/4028 993/3940/3910
f 1026/4064/3905 4194/4062/4031 3171/4063/4032
f 3074/4065/4033 3043/4066/4034 4195/4067/4035
f 3014/4057/4027 4194/4062/4031 993/3940/3910
f 3043/4066/4034 4196/4068/4036 3070/4069/4037
f 1025/4070/4038 4195/4067/4035 3138/4071/4039
f 4195/4067/4035 1021/4072/4040 3138/4071/4039
f 4195/4067/4035 3043/4066/4034 3070/4069/4037
f 3043/4066/4034 3066/4073/4041 4196/4068/4036
f 3043/4066/4034 3049/4074/4042 4208/4075/4043
f 4196/4068/4036 1017/4076/4044 3137/4077/4045
f 4220/4078/4046 1014/4079/4047 3113/4080/4048
f 3043/4066/4034 4197/4081/4049 3066/4073/4041
f 1021/4072/4040 4196/4068/4036 3137/4077/4045
f 3043/4066/4034 3062/4082/4050 4197/4081/4049
f 4207/4083/4051 1004/4084/4052 3126/4085/4053
f 4197/4081/4049 1013/4086/4054 3136/4087/4055
f 3043/4066/4034 4198/4088/4056 3062/4082/4050
f 1017/4076/4044 4197/4081/4049 3136/4087/4055
f 3043/4066/4034 3058/4089/4057 4198/4088/4056
f 4207/4083/4051 3043/4066/4034 3053/4090/4058
f 4226/4091/4059 1025/4070/4038 3107/4092/4060
f 4220/4078/4046 3043/4066/4034 3063/4093/4061
f 4198/4088/4056 1009/4094/4062 3135/4095/4063
f 3043/4066/4034 4199/4096/4064 3058/4089/4057
f 1013/4086/4054 4198/4088/4056 3135/4095/4063
f 3043/4066/4034 3054/4097/4065 4199/4096/4064
f 4226/4091/4059 3043/4066/4034 3074/4065/4033
f 4199/4096/4064 1005/4098/4066 3134/4099/4067
f 4219/4100/4068 1018/4101/4069 3114/4102/4070
f 3043/4066/4034 4200/4103/4071 3054/4097/4065
f 1009/4094/4062 4199/4096/4064 3134/4099/4067
f 3043/4066/4034 3050/4104/4072 4200/4103/4071
f 4206/4105/4073 1008/4106/4074 3127/4107/4075
f 4200/4103/4071 1001/4108/4076 3133/4109/4077
f 4219/4100/4068 3043/4066/4034 3067/4110/4078
f 3043/4066/4034 4201/4111/4079 3050/4104/4072
f 1005/4098/4066 4200/4103/4071 3133/4109/4077
f 3043/4066/4034 3046/4112/4080 4201/4111/4079
f 3043/4066/4034 3057/4113/4081 4206/4105/4073
f 4201/4111/4079 997/4114/4082 3132/4115/4083
f 4218/4116/4084 1022/4117/4085 3115/4118/4086
f 3043/4066/4034 4202/4119/4087 3046/4112/4080
f 1001/4108/4076 4201/4111/4079 3132/4115/4083
f 3043/4066/4034 3073/4120/4088 4202/4119/4087
f 4205/4121/4089 1012/4122/4090 3128/4123/4091
f 4202/4119/4087 1024/4124/4092 3131/4125/4093
f 4218/4116/4084 3043/4066/4034 3071/4126/4094
f 3043/4066/4034 4203/4127/4095 3073/4120/4088
f 997/4114/4082 4202/4119/4087 3131/4125/4093
f 3043/4066/4034 3069/4128/4096 4203/4127/4095
f 3043/4066/4034 3061/4129/4097 4205/4121/4089
f 4203/4127/4095 1020/4130/4098 3130/4131/4099
f 4217/4132/4100 995/4133/4101 3116/4134/4102
f 3043/4066/4034 4204/4135/4103 3069/4128/4096
f 1024/4124/4092 4203/4127/4095 3130/4131/4099
f 3043/4066/4034 3065/4136/4104 4204/4135/4103
f 4204/4135/4103 1016/4137/4105 3129/4138/4106
f 4217/4132/4100 3043/4066/4034 3044/4139/4107
f 3043/4066/4034 4205/4121/4089 3065/4136/4104
f 1020/4130/4098 4204/4135/4103 3129/4138/4106
f 4216/4140/4108 999/4141/4109 3117/4142/4110
f 3043/4066/4034 4206/4105/4073 3061/4129/4097
f 1016/4137/4105 4205/4121/4089 3128/4123/4091
f 4216/4140/4108 3043/4066/4034 3048/4143/4111
f 3057/4113/4081 3043/4066/4034 4207/4083/4051
f 1012/4122/4090 4206/4105/4073 3127/4107/4075
f 4215/4144/4112 1003/4145/4113 3118/4146/4114
f 3043/4066/4034 4208/4075/4043 3053/4090/4058
f 1008/4106/4074 4207/4083/4051 3126/4085/4053
f 4208/4075/4043 1000/4147/4115 3125/4148/4116
f 4215/4144/4112 3043/4066/4034 3052/4149/4117
f 3043/4066/4034 4209/4150/4118 3049/4074/4042
f 1004/4084/4052 4208/4075/4043 3125/4148/4116
f 3043/4066/4034 3045/4151/4119 4209/4150/4118
f 4209/4150/4118 996/4152/4120 3124/4153/4121
f 4214/4154/4122 1007/4155/4123 3119/4156/4124
f 3043/4066/4034 4210/4157/4125 3045/4151/4119
f 1000/4147/4115 4209/4150/4118 3124/4153/4121
f 3043/4066/4034 3072/4158/4126 4210/4157/4125
f 4214/4154/4122 3043/4066/4034 3056/4159/4127
f 4210/4157/4125 1023/4160/4128 3123/4161/4129
f 3043/4066/4034 4211/4162/4130 3072/4158/4126
f 996/4152/4120 4210/4157/4125 3123/4161/4129
f 3043/4066/4034 3068/4163/4131 4211/4162/4130
f 4213/4164/4132 1011/4165/4133 3120/4166/4134
f 4211/4162/4130 1019/4167/4135 3122/4168/4136
f 3043/4066/4034 4212/4169/4137 3068/4163/4131
f 1023/4160/4128 4211/4162/4130 3122/4168/4136
f 3043/4066/4034 3064/4170/4138 4212/4169/4137
f 4213/4164/4132 3043/4066/4034 3060/4171/4139
f 4212/4169/4137 1015/4172/4140 3121/4173/4141
f 3064/4170/4138 3043/4066/4034 4213/4164/4132
f 1019/4167/4135 4212/4169/4137 3121/4173/4141
f 4225/4174/4142 994/4175/4143 3108/4176/4144
f 3060/4171/4139 3043/4066/4034 4214/4154/4122
f 1015/4172/4140 4213/4164/4132 3120/4166/4134
f 3056/4159/4127 3043/4066/4034 4215/4144/4112
f 1011/4165/4133 4214/4154/4122 3119/4156/4124
f 4225/4174/4142 3043/4066/4034 3042/4177/4145
f 3052/4149/4117 3043/4066/4034 4216/4140/4108
f 1007/4155/4123 4215/4144/4112 3118/4146/4114
f 4224/4178/4146 998/4179/4147 3109/4180/4148
f 3048/4143/4111 3043/4066/4034 4217/4132/4100
f 1003/4145/4113 4216/4140/4108 3117/4142/4110
f 3044/4139/4107 3043/4066/4034 4218/4116/4084
f 999/4141/4109 4217/4132/4100 3116/4134/4102
f 4224/4178/4146 3043/4066/4034 3047/4181/4149
f 3071/4126/4094 3043/4066/4034 4219/4100/4068
f 995/4133/4101 4218/4116/4084 3115/4118/4086
f 4223/4182/4150 1002/4183/4151 3110/4184/4152
f 3067/4110/4078 3043/4066/4034 4220/4078/4046
f 1022/4117/4085 4219/4100/4068 3114/4102/4070
f 3043/4066/4034 4221/4185/4153 3063/4093/4061
f 1018/4101/4069 4220/4078/4046 3113/4080/4048
f 3043/4066/4034 3059/4186/4154 4221/4185/4153
f 4223/4182/4150 3043/4066/4034 3051/4187/4155
f 4221/4185/4153 1010/4188/4156 3112/4189/4157
f 3043/4066/4034 4222/4190/4158 3059/4186/4154
f 1014/4079/4047 4221/4185/4153 3112/4189/4157
f 3043/4066/4034 3055/4191/4159 4222/4190/4158
f 4222/4190/4158 1006/4192/4160 3111/4193/4161
f 3055/4191/4159 3043/4066/4034 4223/4182/4150
f 1010/4188/4156 4222/4190/4158 3111/4193/4161
f 3051/4187/4155 3043/4066/4034 4224/4178/4146
f 1006/4192/4160 4223/4182/4150 3110/4184/4152
f 3047/4181/4149 3043/4066/4034 4225/4174/4142
f 1002/4183/4151 4224/4178/4146 3109/4180/4148
f 3042/4194/4145 3043/4066/4034 4226/4091/4059
f 998/4179/4147 4225/4174/4142 3108/4176/4144
f 3075/4195/4162 3107/4092/4060 4227/4196/4163
f 994/4197/4143 4226/4091/4059 3107/4092/4060
f 3079/4198/4164 3108/4176/4144 4228/4199/4165
f 3107/4092/4060 3106/4200/4166 4227/4196/4163
f 961/4201/1 4227/4196/4163 1332/198/198
f 4227/4196/4163 992/4202/4167 1332/198/198
f 3083/4203/4168 3109/4180/4148 4229/4204/4169
f 3108/4176/4144 3075/4205/4162 4228/4199/4165
f 962/3890/3861 4228/4199/4165 1325/3/3
f 4228/4199/4165 961/1/1 1325/3/3
f 3087/4206/4170 3110/4184/4152 4230/4207/4171
f 3109/4180/4148 3079/4198/4164 4229/4204/4169
f 963/3859/3830 4229/4204/4169 1570/3884/3855
f 4229/4204/4169 962/3890/3861 1570/3884/3855
f 3091/4208/4172 3111/4193/4161 4231/4209/4173
f 3110/4184/4152 3083/4203/4168 4230/4207/4171
f 964/186/186 4230/4207/4171 1814/3853/3824
f 4230/4207/4171 963/3859/3830 1814/3853/3824
f 3095/4210/4174 3112/4189/4157 4232/4211/4175
f 3111/4193/4161 3087/4206/4170 4231/4209/4173
f 965/200/200 4231/4209/4173 2058/177/177
f 4231/4209/4173 964/186/186 2058/177/177
f 3099/4212/4176 3113/4080/4048 4233/4213/4177
f 3112/4189/4157 3091/4208/4172 4232/4211/4175
f 966/3897/3868 4232/4211/4175 2302/191/191
f 4232/4211/4175 965/200/200 2302/191/191
f 3103/4214/4178 3114/4102/4070 4234/4215/4179
f 3113/4080/4048 3095/4210/4174 4233/4213/4177
f 967/3847/3818 4233/4213/4177 2546/3892/3863
f 4233/4213/4177 966/3897/3868 2546/3892/3863
f 3076/4216/4180 3115/4118/4086 4235/4217/4181
f 3114/4102/4070 3099/4212/4176 4234/4215/4179
f 968/53/53 4234/4215/4179 2790/3841/3812
f 4234/4215/4179 967/3847/3818 2790/3841/3812
f 3080/4218/4182 3116/4134/4102 4236/4219/4183
f 3115/4118/4086 3103/4214/4178 4235/4217/4181
f 969/112/112 4235/4217/4181 3004/45/45
f 4235/4217/4181 968/53/53 3004/45/45
f 3084/4220/4184 3117/4142/4110 4237/4221/4185
f 3116/4134/4102 3076/4216/4180 4236/4219/4183
f 970/330/329 4236/4219/4183 1327/103/103
f 4236/4219/4183 969/112/112 1327/103/103
f 3088/4222/4186 3118/4146/4114 4238/4223/4187
f 3117/4142/4110 3080/4218/4182 4237/4221/4185
f 971/179/179 4237/4221/4185 1572/322/321
f 4237/4221/4185 970/330/329 1572/322/321
f 3092/4224/4188 3119/4156/4124 4239/4225/4189
f 3118/4146/4114 3084/4220/4184 4238/4223/4187
f 972/3831/3802 4238/4223/4187 1816/170/170
f 4238/4223/4187 971/179/179 1816/170/170
f 3096/4226/4190 3120/4166/4134 4240/4227/4191
f 3119/4156/4124 3088/4222/4186 4239/4225/4189
f 973/3835/3806 4239/4225/4189 2060/3825/3796
f 4239/4225/4189 972/3831/3802 2060/3825/3796
f 3100/4228/4192 3121/4173/4141 4241/4229/4193
f 3120/4166/4134 3092/4224/4188 4240/4227/4191
f 974/3839/3810 4240/4227/4191 2304/3829/3800
f 4240/4227/4191 973/3835/3806 2304/3829/3800
f 3104/4230/4194 3122/4168/4136 4242/4231/4195
f 3121/4173/4141 3096/4226/4190 4241/4229/4193
f 975/3843/3814 4241/4229/4193 2548/3833/3804
f 4241/4229/4193 974/3839/3810 2548/3833/3804
f 3077/4232/4196 3123/4161/4129 4243/4233/4197
f 3122/4168/4136 3100/4228/4192 4242/4231/4195
f 976/3875/3846 4242/4231/4195 2792/3837/3808
f 4242/4231/4195 975/3843/3814 2792/3837/3808
f 3081/4234/4198 3124/4153/4121 4244/4235/4199
f 3123/4161/4129 3104/4230/4194 4243/4233/4197
f 977/3851/3822 4243/4233/4197 3006/3868/3839
f 4243/4233/4197 976/3875/3846 3006/3868/3839
f 3085/4236/4200 3125/4148/4116 4245/4237/4201
f 3124/4153/4121 3077/4232/4196 4244/4235/4199
f 978/3914/3885 4244/4235/4199 1329/3845/3816
f 4244/4235/4199 977/3851/3822 1329/3845/3816
f 3089/4238/4202 3126/4085/4053 4246/4239/4203
f 3125/4148/4116 3081/4234/4198 4245/4237/4201
f 979/3827/3798 4245/4237/4201 1574/3909/3880
f 4245/4237/4201 978/3914/3885 1574/3909/3880
f 3093/4240/4204 3127/4107/4075 4247/4241/4205
f 3126/4085/4053 3085/4236/4200 4246/4239/4203
f 980/3863/3834 4246/4239/4203 1818/3819/3790
f 4246/4239/4203 979/3827/3798 1818/3819/3790
f 3097/4242/4206 3128/4123/4091 4248/4243/4207
f 3127/4107/4075 3089/4238/4202 4247/4241/4205
f 981/3866/3837 4247/4241/4205 2062/3857/3828
f 4247/4241/4205 980/3863/3834 2062/3857/3828
f 3101/4244/4208 3129/4138/4106 4249/4245/4209
f 3128/4123/4091 3093/4240/4204 4248/4243/4207
f 982/124/124 4248/4243/4207 2306/3861/3832
f 4248/4243/4207 981/3866/3837 2306/3861/3832
f 3105/4246/4210 3130/4131/4099 4250/4247/4211
f 3129/4138/4106 3097/4242/4206 4249/4245/4209
f 983/3878/3849 4249/4245/4209 2550/116/116
f 4249/4245/4209 982/124/124 2550/116/116
f 3078/4248/4212 3131/4125/4093 4251/4249/4213
f 3130/4131/4099 3101/4244/4208 4250/4247/4211
f 984/154/154 4250/4247/4211 2794/3873/3844
f 4250/4247/4211 983/3878/3849 2794/3873/3844
f 3082/4250/4214 3132/4115/4083 4252/4251/4215
f 3131/4125/4093 3105/4246/4210 4251/4249/4213
f 985/161/161 4251/4249/4213 3008/147/147
f 4251/4249/4213 984/154/154 3008/147/147
f 3086/4252/4216 3133/4109/4077 4253/4253/4217
f 3132/4115/4083 3078/4248/4212 4252/4251/4215
f 986/3855/3826 4252/4251/4215 1331/152/152
f 4252/4251/4215 985/161/161 1331/152/152
f 3090/4254/4218 3134/4099/4067 4254/4255/4219
f 3133/4109/4077 3082/4250/4214 4253/4253/4217
f 987/172/172 4253/4253/4217 1576/3849/3820
f 4253/4253/4217 986/3855/3826 1576/3849/3820
f 3094/4256/4220 3135/4095/4063 4255/4257/4221
f 3134/4099/4067 3086/4252/4216 4254/4255/4219
f 988/3933/3903 4254/4255/4219 1820/165/165
f 4254/4255/4219 987/172/172 1820/165/165
f 3098/4258/4222 3136/4087/4055 4256/4259/4223
f 3135/4095/4063 3090/4254/4218 4255/4257/4221
f 989/3894/3865 4255/4257/4221 2064/3928/3898
f 4255/4257/4221 988/3933/3903 2064/3928/3898
f 3102/4260/4224 3137/4077/4045 4257/4261/4225
f 3136/4087/4055 3094/4256/4220 4256/4259/4223
f 990/193/193 4256/4259/4223 2308/3888/3859
f 4256/4259/4223 989/3894/3865 2308/3888/3859
f 3106/4200/4166 3138/4071/4039 4258/4262/4226
f 3137/4077/4045 3098/4258/4222 4257/4261/4225
f 991/3817/3788 4257/4261/4225 2552/184/184
f 4257/4261/4225 990/193/193 2552/184/184
f 4259/4263/4227 2/3823/3794 1059/3917/3888
f 3138/4071/4039 3102/4260/4224 4258/4262/4226
f 992/4202/4167 4258/4262/4226 2796/3813/3784
f 4258/4262/4226 991/3817/3788 2796/3813/3784
f 1/3918/3876 4259/4263/4227 1059/3917/3888
f 3139/4264/4228 3171/4063/4032 4259/4263/4227
f 4260/4265/4229 3/3821/3792 1334/3822/3793
f 3143/4266/4230 3171/4063/4032 1030/4060/4030
f 2/3823/3794 4260/4265/4229 1334/3822/3793
f 3143/4266/4230 3172/4059/4029 4260/4265/4229
f 4261/4267/4231 4/17/17 1578/3911/3882
f 3147/4268/4232 3172/4059/4029 1034/4056/4026
f 3/3821/3792 4261/4267/4231 1578/3911/3882
f 3147/4268/4232 3173/4055/4025 4261/4267/4231
f 4262/4269/4233 5/15/15 1822/16/16
f 3151/4270/4234 3173/4055/4025 1038/4052/4022
f 4/17/17 4262/4269/4233 1822/16/16
f 3151/4270/4234 3174/4051/4021 4262/4269/4233
f 4263/4271/4235 6/3871/3842 2066/3924/3894
f 3155/4272/4236 3174/4051/4021 1042/4048/4018
f 5/15/15 4263/4271/4235 2066/3924/3894
f 3155/4272/4236 3175/4047/4017 4263/4271/4235
f 4264/4273/4237 7/108/108 2310/3870/3841
f 3159/4274/4238 3175/4047/4017 1046/4044/4014
f 6/3871/3842 4264/4273/4237 2310/3870/3841
f 3159/4274/4238 3176/4043/4013 4264/4273/4237
f 4265/4275/4239 8/106/106 2554/107/107
f 3163/4276/4240 3176/4043/4013 1050/4040/4010
f 7/108/108 4265/4275/4239 2554/107/107
f 3163/4276/4240 3177/4039/4009 4265/4275/4239
f 4266/4277/4241 9/145/145 2798/150/150
f 3167/4278/4242 3177/4039/4009 1054/4036/4006
f 8/106/106 4266/4277/4241 2798/150/150
f 3167/4278/4242 3178/4035/4005 4266/4277/4241
f 4267/4279/4243 10/143/143 1062/144/144
f 3140/4280/4244 3178/4035/4005 1027/4032/4002
f 9/145/145 4267/4279/4243 1062/144/144
f 3140/4280/4244 3179/4031/4001 4267/4279/4243
f 4268/4281/4245 11/3881/3852 1337/3882/3853
f 3144/4282/4246 3179/4031/4001 1031/4028/3998
f 10/143/143 4268/4281/4245 1337/3882/3853
f 3144/4282/4246 3180/4027/3997 4268/4281/4245
f 4269/4283/4247 12/31/31 1581/3886/3857
f 3148/4284/4248 3180/4027/3997 1035/4024/3994
f 11/3881/3852 4269/4283/4247 1581/3886/3857
f 3148/4284/4248 3181/4023/3993 4269/4283/4247
f 4270/4285/4249 13/29/29 1825/30/30
f 3152/4286/4250 3181/4023/3993 1039/4020/3990
f 12/31/31 4270/4285/4249 1825/30/30
f 3152/4286/4250 3182/4019/3989 4270/4285/4249
f 4271/4287/4251 14/36/36 2069/37/37
f 3156/4288/4252 3182/4019/3989 1043/4016/3986
f 13/29/29 4271/4287/4251 2069/37/37
f 3156/4288/4252 3183/4015/3985 4271/4287/4251
f 4272/4289/4253 15/42/42 2313/43/43
f 3160/4290/4254 3183/4015/3985 1047/4012/3982
f 14/36/36 4272/4289/4253 2313/43/43
f 3160/4290/4254 3184/4011/3981 4272/4289/4253
f 4273/4291/4255 16/48/48 2557/49/49
f 3164/4292/4256 3184/4011/3981 1051/4008/3978
f 15/42/42 4273/4291/4255 2557/49/49
f 3164/4292/4256 3185/4007/3977 4273/4291/4255
f 4274/4293/4257 17/63/63 2801/132/132
f 3168/4294/4258 3185/4007/3977 1055/4004/3974
f 16/48/48 4274/4293/4257 2801/132/132
f 3168/4294/4258 3186/4003/3973 4274/4293/4257
f 4275/4295/4259 18/61/61 1065/62/62
f 3141/4296/4260 3186/4003/3973 1028/4000/3970
f 17/63/63 4275/4295/4259 1065/62/62
f 3141/4296/4260 3187/3999/3969 4275/4295/4259
f 4276/4297/4261 19/24/24 1340/168/168
f 3145/4298/4262 3187/3999/3969 1032/3996/3966
f 18/61/61 4276/4297/4261 1340/168/168
f 3145/4298/4262 3188/3995/3965 4276/4297/4261
f 4277/4299/4263 20/22/22 1584/23/23
f 3149/4300/4264 3188/3995/3965 1036/3992/3962
f 19/24/24 4277/4299/4263 1584/23/23
f 3149/4300/4264 3189/3991/3961 4277/4299/4263
f 4278/4301/4265 21/82/82 1828/83/83
f 3153/4302/4266 3189/3991/3961 1040/3988/3958
f 20/22/22 4278/4301/4265 1828/83/83
f 3153/4302/4266 3190/3987/3957 4278/4301/4265
f 4279/4303/4267 22/88/88 2072/89/89
f 3157/4304/4268 3190/3987/3957 1044/3984/3954
f 21/82/82 4279/4303/4267 2072/89/89
f 3157/4304/4268 3191/3983/3953 4279/4303/4267
f 4280/4305/4269 23/94/94 2316/95/95
f 3161/4306/4270 3191/3983/3953 1048/3980/3950
f 22/88/88 4280/4305/4269 2316/95/95
f 3161/4306/4270 3192/3979/3949 4280/4305/4269
f 4281/4307/4271 24/100/100 2560/101/101
f 3165/4308/4272 3192/3979/3949 1052/3976/3946
f 23/94/94 4281/4307/4271 2560/101/101
f 3165/4308/4272 3193/3975/3945 4281/4307/4271
f 4282/4309/4273 25/3900/3871 2804/3901/3872
f 3169/4310/4274 3193/3975/3945 1056/3972/3942
f 24/100/100 4282/4309/4273 2804/3901/3872
f 3169/4310/4274 3194/3971/3941 4282/4309/4273
f 4283/4311/4275 26/70/70 1068/3926/3896
f 3142/4312/4276 3194/3971/3941 1029/3968/3938
f 25/3900/3871 4283/4311/4275 1068/3926/3896
f 3142/4312/4276 3195/3967/3937 4283/4311/4275
f 4284/4313/4277 27/68/68 1343/69/69
f 3146/4314/4278 3195/3967/3937 1033/3964/3934
f 26/70/70 4284/4313/4277 1343/69/69
f 3146/4314/4278 3196/3963/3933 4284/4313/4277
f 4285/4315/4279 28/119/119 1587/120/120
f 3150/4316/4280 3196/3963/3933 1037/3960/3930
f 27/68/68 4285/4315/4279 1587/120/120
f 3150/4316/4280 3197/3959/3929 4285/4315/4279
f 4286/4317/4281 29/138/138 1831/3921/3891
f 3154/4318/4282 3197/3959/3929 1041/3956/3926
f 28/119/119 4286/4317/4281 1831/3921/3891
f 3154/4318/4282 3198/3955/3925 4286/4317/4281
f 4287/4319/4283 30/77/77 2075/137/137
f 3158/4320/4284 3198/3955/3925 1045/3952/3922
f 29/138/138 4287/4319/4283 2075/137/137
f 3158/4320/4284 3199/3951/3921 4287/4319/4283
f 4288/4321/4285 31/75/75 2319/76/76
f 3162/4322/4286 3199/3951/3921 1049/3948/3918
f 30/77/77 4288/4321/4285 2319/76/76
f 3162/4322/4286 3200/3946/3916 4288/4321/4285
f 4289/4323/4287 32/3907/3878 2563/3930/3900
f 3166/4324/4288 3200/3946/3916 1053/3942/3912
f 31/75/75 4289/4323/4287 2563/3930/3900
f 3166/4324/4288 3201/3939/3909 4289/4323/4287
f 4290/4325/4289 1/3905/3876 1070/3906/3877
f 3170/4326/4290 3201/3939/3909 1057/3937/3907
f 32/3907/3878 4290/4325/4289 1070/3906/3877
f 3170/4326/4290 3202/3936/3906 4290/4325/4289
f 3041/3947/3917 993/3940/3910 4163/3934/3904
f 3139/4327/4228 3202/3936/3906 1026/3935/3905
f 1569/5/5 1325/3/3 3203/2/2
f 961/1/1 1324/4328/197 3203/2/2
f 3203/2/2 1316/7/7 930/4/4
f 3203/2/2 1324/4328/197 929/6/6
f 2065/8/8 37/269/268 1823/9/9
f 1827/11/11 52/81/81 1585/12/12
f 36/14/14 1821/3902/3873 3204/10/10
f 5/15/15 2065/8/8 3204/10/10
f 3204/10/10 1821/3902/3873 4/17/17
f 2068/18/18 45/35/35 1826/19/19
f 51/21/21 1583/158/158 3205/13/13
f 20/22/22 1827/11/11 3205/13/13
f 3205/13/13 1583/158/158 19/24/24
f 2312/25/25 46/41/41 2070/26/26
f 44/28/28 1824/3879/3850 3206/20/20
f 13/29/29 2068/18/18 3206/20/20
f 3206/20/20 1824/3879/3850 12/31/31
f 2556/32/32 47/47/47 2314/33/33
f 45/35/35 2068/18/18 3207/27/27
f 14/36/36 2312/25/25 3207/27/27
f 3207/27/27 2068/18/18 13/29/29
f 2800/38/38 48/131/131 2558/39/39
f 46/41/41 2312/25/25 3208/34/34
f 15/42/42 2556/32/32 3208/34/34
f 3208/34/34 2312/25/25 14/36/36
f 1326/44/44 969/112/112 3004/45/45
f 47/47/47 2556/32/32 3209/40/40
f 16/48/48 2800/38/38 3209/40/40
f 3209/40/40 2556/32/32 15/42/42
f 1339/50/50 50/167/167 1066/51/51
f 968/53/53 3003/3840/3811 3210/46/46
f 937/54/54 1326/44/44 3210/46/46
f 3210/46/46 3003/3840/3811 936/56/56
f 1586/57/57 59/118/118 1344/58/58
f 49/60/60 1064/121/121 3211/52/52
f 18/61/61 1339/50/50 3211/52/52
f 3211/52/52 1064/121/121 17/63/63
f 2562/64/64 63/335/334 2320/65/65
f 58/67/67 1342/3922/3892 3212/59/59
f 27/68/68 1586/57/57 3212/59/59
f 3212/59/59 1342/3922/3892 26/70/70
f 2071/71/71 53/87/87 1829/72/72
f 62/74/74 2318/128/128 3213/66/66
f 31/75/75 2562/64/64 3213/66/66
f 3213/66/66 2318/128/128 30/77/77
f 2315/78/78 54/93/93 2073/79/79
f 52/81/81 1827/11/11 3214/73/73
f 21/82/82 2071/71/71 3214/73/73
f 3214/73/73 1827/11/11 20/22/22
f 2559/84/84 55/99/99 2317/85/85
f 53/87/87 2071/71/71 3215/80/80
f 22/88/88 2315/78/78 3215/80/80
f 3215/80/80 2071/71/71 21/82/82
f 2803/90/90 56/284/283 2561/91/91
f 54/93/93 2315/78/78 3216/86/86
f 23/94/94 2559/84/84 3216/86/86
f 3216/86/86 2315/78/78 22/88/88
f 2797/96/96 40/149/149 2555/97/97
f 55/99/99 2559/84/84 3217/92/92
f 24/100/100 2803/90/90 3217/92/92
f 3217/92/92 2559/84/84 23/94/94
f 1571/102/102 970/330/329 1327/103/103
f 39/105/105 2553/3864/3835 3218/98/98
f 8/106/106 2797/96/96 3218/98/98
f 3218/98/98 2553/3864/3835 7/108/108
f 1830/109/109 60/309/308 1588/110/110
f 969/112/112 1326/44/44 3219/104/104
f 938/113/113 1571/102/102 3219/104/104
f 3219/104/104 1326/44/44 937/54/54
f 2793/115/115 983/3878/3849 2550/116/116
f 59/118/118 1586/57/57 3220/111/111
f 28/119/119 1830/109/109 3220/111/111
f 3220/111/111 1586/57/57 27/68/68
f 1064/121/121 49/60/60 2802/122/122
f 982/124/124 2549/3860/3831 3221/117/117
f 951/125/125 2793/115/115 3221/117/117
f 3221/117/117 2549/3860/3831 950/127/127
f 2318/128/128 62/74/74 2076/129/129
f 48/131/131 2800/38/38 3222/123/123
f 17/63/63 1064/121/121 3222/123/123
f 3222/123/123 2800/38/38 16/48/48
f 1336/133/133 42/292/291 1063/134/134
f 61/136/136 2074/3915/3886 3223/130/130
f 30/77/77 2318/128/128 3223/130/130
f 3223/130/130 2074/3915/3886 29/138/138
f 1061/139/139 41/142/142 2799/140/140
f 41/142/142 1061/139/139 3224/135/135
f 10/143/143 1336/133/133 3224/135/135
f 3224/135/135 1061/139/139 9/145/145
f 1330/146/146 985/161/161 3008/147/147
f 40/149/149 2797/96/96 3225/141/141
f 9/145/145 1061/139/139 3225/141/141
f 3225/141/141 2797/96/96 8/106/106
f 1575/151/151 986/3855/3826 1331/152/152
f 984/154/154 3007/3872/3843 3226/148/148
f 953/155/155 1330/146/146 3226/148/148
f 3226/148/148 3007/3872/3843 952/157/157
f 1583/158/158 51/21/21 1341/159/159
f 985/161/161 1330/146/146 3227/153/153
f 954/162/162 1575/151/151 3227/153/153
f 3227/153/153 1330/146/146 953/155/155
f 2063/164/164 988/3933/3903 1820/165/165
f 50/167/167 1339/50/50 3228/160/160
f 19/24/24 1583/158/158 3228/160/160
f 3228/160/160 1339/50/50 18/61/61
f 2059/169/169 972/3831/3802 1816/170/170
f 987/172/172 1819/3848/3819 3229/166/166
f 956/173/173 2063/164/164 3229/166/166
f 3229/166/166 1819/3848/3819 955/175/175
f 2301/176/176 965/200/200 2058/177/177
f 971/179/179 1815/321/320 3230/171/171
f 940/180/180 2059/169/169 3230/171/171
f 3230/171/171 1815/321/320 939/182/182
f 2795/183/183 991/3817/3788 2552/184/184
f 964/186/186 2057/3852/3823 3231/178/178
f 933/187/187 2301/176/176 3231/178/178
f 3231/178/178 2057/3852/3823 932/189/189
f 2545/190/190 966/3897/3868 2302/191/191
f 990/193/193 2551/3887/3858 3232/185/185
f 959/194/194 2795/183/183 3232/185/185
f 3232/185/185 2551/3887/3858 958/196/196
f 1324/197/197 961/4201/1 1332/198/198
f 965/200/200 2301/176/176 3233/192/192
f 934/201/201 2545/190/190 3233/192/192
f 3233/192/192 2301/176/176 933/187/187
f 2996/203/203 936/56/56 2782/204/204
f 1332/198/198 992/4202/4167 3009/206/206
f 929/207/6 1324/197/197 3234/199/199
f 3234/199/199 3009/206/206 960/209/208
f 1811/210/209 955/175/175 1568/211/210
f 935/213/212 2781/310/309 3235/205/205
f 904/214/213 2996/203/203 3235/205/205
f 3235/205/205 2781/310/309 903/216/215
f 2051/217/216 940/180/180 1808/181/181
f 954/162/162 1567/351/350 3236/212/211
f 923/219/218 1811/210/209 3236/212/211
f 3236/212/211 1567/351/350 922/221/220
f 2081/222/221 85/353/352 1838/223/222
f 939/182/182 1807/3794/3766 3237/218/217
f 908/225/224 2051/217/216 3237/218/217
f 3237/218/217 1807/3794/3766 907/227/226
f 2323/228/227 78/468/466 2080/229/228
f 84/231/230 1837/257/256 3238/224/223
f 53/87/87 2081/222/221 3238/224/223
f 3238/224/223 1837/257/256 52/81/81
f 2569/232/231 87/283/282 2326/233/232
f 77/235/234 2079/3775/3747 3239/230/229
f 46/41/41 2323/228/227 3239/230/229
f 3239/230/229 2079/3775/3747 45/35/35
f 2809/236/235 80/401/399 2568/237/236
f 86/239/238 2325/346/345 3240/234/233
f 55/99/99 2569/232/231 3240/234/233
f 3240/234/233 2325/346/345 54/93/93
f 1565/240/239 946/3754/3726 1320/241/240
f 79/243/242 2567/3805/3776 3241/238/237
f 48/131/131 2809/236/235 3241/238/237
f 3241/238/237 2567/3805/3776 47/47/47
f 1835/244/243 76/423/421 1592/245/244
f 945/247/246 1319/3742/3714 3242/242/241
f 914/248/247 1565/240/239 3242/242/241
f 3242/242/241 1319/3742/3714 913/250/249
f 1593/251/250 83/264/263 1350/252/251
f 75/254/253 1591/3770/3742 3243/246/245
f 44/28/28 1835/244/243 3243/246/245
f 3243/246/245 1591/3770/3742 43/256/255
f 1837/257/256 84/231/230 1594/258/257
f 82/260/259 1349/3745/3717 3244/253/252
f 51/21/21 1593/251/250 3244/253/252
f 3244/253/252 1349/3745/3717 50/167/167
f 2077/261/260 69/3641/3614 1834/262/261
f 83/264/263 1593/251/250 3245/259/258
f 52/81/81 1837/257/256 3245/259/258
f 3245/259/258 1593/251/250 51/21/21
f 2327/265/264 94/334/333 2084/266/265
f 68/268/267 1833/293/292 3246/263/262
f 37/269/268 2077/261/260 3246/263/262
f 3246/263/262 1833/293/292 36/14/14
f 2565/270/269 71/3645/3618 2322/271/270
f 93/273/272 2083/3772/3744 3247/267/266
f 62/74/74 2327/265/264 3247/267/266
f 3247/267/266 2083/3772/3744 61/136/136
f 2811/274/273 88/406/404 2570/275/274
f 70/277/276 2321/3778/3750 3248/272/271
f 39/105/105 2565/270/269 3248/272/271
f 3248/272/271 2321/3778/3750 38/279/278
f 1074/280/279 73/291/290 2808/281/280
f 87/283/282 2569/232/231 3249/276/275
f 56/284/283 2811/274/273 3249/276/275
f 3249/276/275 2569/232/231 55/99/99
f 1347/285/284 74/378/376 1075/286/285
f 72/288/287 2807/3764/3736 3250/282/281
f 41/142/142 1074/280/279 3250/282/281
f 3250/282/281 2807/3764/3736 40/149/149
f 1321/289/288 953/155/155 3001/156/156
f 73/291/290 1074/280/279 3251/287/286
f 42/292/291 1347/285/284 3251/287/286
f 3251/287/286 1074/280/279 41/142/142
f 1833/293/292 68/268/267 1590/294/293
f 952/157/157 3000/3738/3710 3252/290/289
f 921/296/295 1321/289/288 3252/290/289
f 3252/290/289 3000/3738/3710 920/298/297
f 1839/299/298 92/428/426 1596/300/299
f 67/302/301 1589/3718/3690 3253/295/294
f 36/14/14 1833/293/292 3253/295/294
f 3253/295/294 1589/3718/3690 35/304/303
f 1351/305/304 90/418/416 1079/306/305
f 91/308/307 1595/3792/3764 3254/301/300
f 60/309/308 1839/299/298 3254/301/300
f 3254/301/300 1595/3792/3764 59/118/118
f 2781/310/309 935/213/212 2538/311/310
f 89/313/312 1078/3786/3758 3255/307/306
f 58/67/67 1351/305/304 3255/307/306
f 3255/307/306 1078/3786/3758 57/315/314
f 3002/316/315 960/209/208 2788/317/316
f 934/201/201 2537/3759/3731 3256/312/311
f 903/216/215 2781/310/309 3256/312/311
f 3256/312/311 2537/3759/3731 902/320/319
f 1815/321/320 971/179/179 1572/322/321
f 959/194/194 2787/3789/3761 3257/318/317
f 928/324/323 3002/316/315 3257/318/317
f 3257/318/317 2787/3789/3761 927/326/325
f 2571/327/326 95/486/484 2328/328/327
f 970/330/329 1571/102/102 3258/323/322
f 939/182/182 1815/321/320 3258/323/322
f 3258/323/322 1571/102/102 938/113/113
f 1561/332/331 930/4/4 1316/7/7
f 94/334/333 2327/265/264 3259/329/328
f 63/335/334 2571/327/326 3259/329/328
f 3259/329/328 2327/265/264 62/74/74
f 2055/336/335 956/173/173 1812/174/174
f 929/6/6 1315/4329/356 3260/333/332
f 898/338/337 1561/332/331 3260/333/332
f 3260/333/332 1315/4329/356 897/340/339
f 2299/341/340 957/3737/3709 2056/342/341
f 955/175/175 1811/210/209 3261/337/336
f 924/344/343 2055/336/335 3261/337/336
f 3261/337/336 1811/210/209 923/219/218
f 2325/346/345 86/239/238 2082/347/346
f 956/173/173 2055/336/335 3262/343/342
f 925/349/348 2299/341/340 3262/343/342
f 3262/343/342 2055/336/335 924/344/343
f 1567/351/350 954/162/162 1322/163/163
f 85/353/352 2081/222/221 3263/348/347
f 54/93/93 2325/346/345 3263/348/347
f 3263/348/347 2081/222/221 53/87/87
f 2293/354/353 933/187/187 2050/188/188
f 953/155/155 1321/289/288 3264/352/351
f 922/221/220 1567/351/350 3264/352/351
f 3264/352/351 1321/289/288 921/296/295
f 1315/357/356 929/207/6 1323/208/207
f 932/189/189 2049/3751/3723 3265/355/354
f 901/359/358 2293/354/353 3265/355/354
f 3265/355/354 2049/3751/3723 900/361/360
f 1306/362/361 897/365/339 1314/363/362
f 1323/208/207 960/209/208 3002/316/315
f 897/365/339 1315/357/356 3266/358/357
f 3266/358/357 3002/316/315 928/324/323
f 1599/366/364 107/422/420 1356/367/365
f 1314/363/362 928/324/323 2995/369/367
f 865/370/368 1306/362/361 3267/364/363
f 3267/364/363 2995/369/367 896/372/370
f 2041/373/371 900/361/360 1798/374/372
f 106/376/374 1355/3711/3683 3268/368/366
f 75/254/253 1599/366/364 3268/368/366
f 3268/368/366 1355/3711/3683 74/378/376
f 2285/379/377 901/359/358 2042/360/359
f 899/381/379 1797/3651/3624 3269/375/373
f 868/382/380 2041/373/371 3269/375/373
f 3269/375/373 1797/3651/3624 867/384/382
f 2529/385/383 902/320/319 2286/386/384
f 900/361/360 2041/373/371 3270/380/378
f 869/388/386 2285/379/377 3270/380/378
f 3270/380/378 2041/373/371 868/382/380
f 1085/390/388 113/462/460 2817/391/389
f 901/359/358 2285/379/377 3271/387/385
f 870/393/391 2529/385/383 3271/387/385
f 3271/387/385 2285/379/377 869/388/386
f 2818/395/393 120/537/534 2578/396/394
f 112/398/396 2816/3666/3639 3272/392/390
f 81/399/397 1085/390/388 3272/392/390
f 3272/392/390 2816/3666/3639 80/401/399
f 1555/402/400 906/3684/3657 1309/403/401
f 119/405/403 2577/3685/3658 3273/397/395
f 88/406/404 2818/395/393 3273/397/395
f 3273/397/395 2577/3685/3658 87/283/282
f 1359/407/405 122/601/598 1088/408/406
f 905/410/408 1308/3625/3598 3274/404/402
f 874/411/409 1555/402/400 3274/404/402
f 3274/404/402 1308/3625/3598 873/413/411
f 1843/414/412 108/472/470 1600/415/413
f 121/417/415 1087/529/526 3275/409/407
f 90/418/416 1359/407/405 3275/409/407
f 3275/409/407 1087/529/526 89/313/312
f 1847/419/417 124/432/430 1604/420/418
f 107/422/420 1599/366/364 3276/416/414
f 76/423/421 1843/414/412 3276/416/414
f 3276/416/414 1599/366/364 75/254/253
f 2091/424/422 125/437/435 1848/425/423
f 123/427/425 1603/3705/3677 3277/421/419
f 92/428/426 1847/419/417 3277/421/419
f 3277/421/419 1603/3705/3677 91/308/307
f 2335/429/427 126/562/559 2092/430/428
f 124/432/430 1847/419/417 3278/426/424
f 93/273/272 2091/424/422 3278/426/424
f 3278/426/424 1847/419/417 92/428/426
f 2775/434/432 911/532/529 2532/435/433
f 125/437/435 2091/424/422 3279/431/429
f 94/334/333 2335/429/427 3279/431/429
f 3279/431/429 2091/424/422 93/273/272
f 2995/369/367 928/324/323 2780/325/324
f 910/439/437 2531/469/467 3280/436/434
f 879/440/438 2775/434/432 3280/436/434
f 3280/436/434 2531/469/467 878/442/440
f 1310/443/441 913/250/249 2992/444/442
f 927/326/325 2779/3663/3636 3281/438/436
f 896/372/370 2995/369/367 3281/438/436
f 3281/438/436 2779/3663/3636 895/447/445
f 1557/448/446 914/248/247 1311/249/248
f 912/450/448 2991/524/521 3282/445/443
f 881/451/449 1310/443/441 3282/445/443
f 3282/445/443 2991/524/521 880/453/451
f 1357/454/452 114/3574/3547 1086/455/453
f 913/250/249 1310/443/441 3283/449/447
f 882/457/455 1557/448/446 3283/449/447
f 3283/449/447 1310/443/441 881/451/449
f 2331/459/457 110/527/524 2088/460/458
f 113/462/460 1085/390/388 3284/456/454
f 82/260/259 1357/454/452 3284/456/454
f 3284/456/454 1085/390/388 81/399/397
f 2087/464/462 109/467/465 1844/465/463
f 109/467/465 2087/464/462 3285/461/459
f 78/468/466 2331/459/457 3285/461/459
f 3285/461/459 2087/464/462 77/235/234
f 2531/469/467 910/439/437 2288/470/468
f 108/472/470 1843/414/412 3286/466/464
f 77/235/234 2087/464/462 3286/466/464
f 3286/466/464 1843/414/412 76/423/421
f 2820/474/472 128/3558/3531 2580/475/473
f 909/477/475 2287/511/508 3287/471/469
f 878/442/440 2531/469/467 3287/471/469
f 3287/471/469 2287/511/508 877/479/477
f 1353/480/478 98/3539/3513 1082/481/479
f 127/483/481 2579/3672/3645 3288/476/474
f 96/484/482 2820/474/472 3288/476/474
f 3288/476/474 2579/3672/3645 95/486/484
f 1559/487/485 922/221/220 1313/356/355
f 97/489/487 1081/4330/3662 3289/482/480
f 66/490/488 1353/480/478 3289/482/480
f 3289/482/480 1081/4330/3662 65/492/490
f 1553/493/491 898/338/337 1307/339/338
f 921/296/295 1312/3687/3660 3290/488/486
f 890/495/493 1559/487/485 3290/488/486
f 3290/488/486 1312/3687/3660 889/497/495
f 2533/498/496 918/3698/3670 2290/499/497
f 897/340/339 1306/4331/361 3291/494/492
f 866/501/499 1553/493/491 3291/494/492
f 3291/494/492 1306/4331/361 865/503/368
f 1845/504/501 116/3594/3567 1602/505/502
f 917/507/504 2289/3702/3674 3292/500/498
f 886/508/505 2533/498/496 3292/500/498
f 3292/500/498 2289/3702/3674 885/510/507
f 2287/511/508 909/477/475 2044/512/509
f 115/514/511 1601/3675/3648 3293/506/503
f 84/231/230 1845/504/501 3293/506/503
f 3293/506/503 1601/3675/3648 83/264/263
f 2333/515/512 118/3577/3550 2090/516/513
f 908/225/224 2043/3699/3671 3294/513/510
f 877/479/477 2287/511/508 3294/513/510
f 3294/513/510 2043/3699/3671 876/519/516
f 2575/520/517 111/543/540 2332/521/518
f 117/523/520 2089/3677/3650 3295/517/514
f 86/239/238 2333/515/512 3295/517/514
f 3295/517/514 2089/3677/3650 85/353/352
f 2991/524/521 912/450/448 2776/525/522
f 110/527/524 2331/459/457 3296/522/519
f 79/243/242 2575/520/517 3296/522/519
f 3296/522/519 2331/459/457 78/468/466
f 1087/529/526 121/417/415 2819/530/527
f 911/532/529 2775/434/432 3297/526/523
f 880/453/451 2991/524/521 3297/526/523
f 3297/526/523 2775/434/432 879/440/438
f 2583/534/531 143/835/831 2340/535/532
f 120/537/534 2818/395/393 3298/531/528
f 89/313/312 1087/529/526 3298/531/528
f 3298/531/528 2818/395/393 88/406/404
f 1607/539/536 139/3447/3423 1364/540/537
f 142/542/539 2339/3614/3587 3299/536/533
f 111/543/540 2583/534/531 3299/536/533
f 3299/536/533 2339/3614/3587 110/527/524
f 2033/544/541 868/382/380 1790/383/381
f 138/546/543 1363/3578/3551 3300/541/538
f 107/422/420 1607/539/536 3300/541/538
f 3300/541/538 1363/3578/3551 106/376/374
f 2277/547/544 869/388/386 2034/389/387
f 867/384/382 1789/3543/3517 3301/545/542
f 836/549/546 2033/544/541 3301/545/542
f 3301/545/542 1789/3543/3517 835/551/548
f 2587/552/549 159/786/782 2344/553/550
f 868/382/380 2033/544/541 3302/548/545
f 837/555/552 2277/547/544 3302/548/545
f 3302/548/545 2033/544/541 836/549/546
f 2765/557/554 871/572/569 2522/558/555
f 158/560/557 2343/3616/3589 3303/554/551
f 127/483/481 2587/552/549 3303/554/551
f 3303/554/551 2343/3616/3589 126/562/559
f 2982/563/560 872/3561/3534 2766/564/561
f 870/393/391 2521/3559/3532 3304/559/556
f 839/566/563 2765/557/554 3304/559/556
f 3304/559/556 2521/3559/3532 838/568/565
f 2821/569/566 136/3460/3436 2582/570/567
f 871/572/569 2765/557/554 3305/565/562
f 840/573/570 2982/563/560 3305/565/562
f 3305/565/562 2765/557/554 839/566/563
f 1547/575/572 874/411/409 1300/412/410
f 135/577/574 2581/587/584 3306/571/568
f 104/578/575 2821/569/566 3306/571/568
f 3306/571/568 2581/587/584 103/580/577
f 1094/581/578 145/863/859 2824/582/579
f 873/413/411 1299/3552/3526 3307/576/573
f 842/584/581 1547/575/572 3307/576/573
f 3307/576/573 1299/3552/3526 841/586/583
f 2581/587/584 135/577/574 2338/588/585
f 144/590/587 2823/3623/3596 3308/583/580
f 113/462/460 1094/581/578 3308/583/580
f 3308/583/580 2823/3623/3596 112/398/396
f 1611/591/588 155/3519/3493 1368/592/589
f 134/594/591 2337/3547/3521 3309/589/586
f 103/580/577 2581/587/584 3309/589/586
f 3309/589/586 2337/3547/3521 102/596/593
f 2523/597/594 878/442/440 2280/478/476
f 154/599/596 1367/3607/3580 3310/593/590
f 123/427/425 1611/591/588 3310/593/590
f 3310/593/590 1367/3607/3580 122/601/598
f 2767/602/599 879/440/438 2524/441/439
f 877/479/477 2279/3610/3583 3311/598/595
f 846/604/601 2523/597/594 3311/598/595
f 3311/598/595 2279/3610/3583 845/606/603
f 2984/607/604 880/453/451 2768/533/530
f 878/442/440 2523/597/594 3312/603/600
f 847/609/606 2767/602/599 3312/603/600
f 3312/603/600 2523/597/594 846/604/601
f 1301/611/608 881/451/449 2985/452/450
f 879/440/438 2767/602/599 3313/608/605
f 848/613/610 2984/607/604 3313/608/605
f 3313/608/605 2767/602/599 847/609/606
f 1549/615/612 882/457/455 1302/458/456
f 880/453/451 2984/607/604 3314/612/609
f 849/617/614 1301/611/608 3314/612/609
f 3314/612/609 2984/607/604 848/613/610
f 1793/619/616 883/3609/3582 1550/620/617
f 881/451/449 1301/611/608 3315/616/613
f 850/622/619 1549/615/612 3315/616/613
f 3315/616/613 1301/611/608 849/617/614
f 2988/624/621 896/372/370 2772/446/444
f 882/457/455 1549/615/612 3316/621/618
f 851/626/623 1793/619/616 3316/621/618
f 3316/621/618 1549/615/612 850/622/619
f 2095/628/625 141/3482/3457 1852/629/626
f 895/447/445 2771/682/679 3317/625/622
f 864/631/628 2988/624/621 3317/625/622
f 3317/625/622 2771/682/679 863/633/630
f 2525/634/631 886/508/505 2282/509/506
f 140/636/633 1851/3566/3539 3318/630/627
f 109/467/465 2095/628/625 3318/630/627
f 3318/630/627 1851/3566/3539 108/472/470
f 2769/637/634 887/655/652 2526/638/635
f 885/510/507 2281/3618/3591 3319/635/632
f 854/640/637 2525/634/631 3319/635/632
f 3319/635/632 2281/3618/3591 853/642/639
f 1096/643/640 153/3502/3476 2826/644/641
f 886/508/505 2525/634/631 3320/639/636
f 855/646/643 2769/637/634 3320/639/636
f 3320/639/636 2525/634/631 854/640/637
f 2986/648/645 888/3606/3579 2770/649/646
f 152/651/648 2825/3580/3553 3321/645/642
f 121/417/415 1096/643/640 3321/645/642
f 3321/645/642 2825/3580/3553 120/537/534
f 2035/652/649 876/519/516 1792/653/650
f 887/655/652 2769/637/634 3322/650/647
f 856/656/653 2986/648/645 3322/650/647
f 3322/650/647 2769/637/634 855/646/643
f 1795/658/655 891/685/682 1552/659/656
f 875/661/658 1791/3536/3510 3323/654/651
f 844/662/659 2035/652/649 3323/654/651
f 3323/654/651 1791/3536/3510 843/664/661
f 2099/665/662 157/711/708 1856/666/663
f 890/495/493 1551/3595/3568 3324/660/657
f 859/668/665 1795/658/655 3324/660/657
f 3324/660/657 1551/3595/3568 858/670/667
f 2283/671/668 893/695/692 2040/672/669
f 156/674/671 1855/3612/3585 3325/667/664
f 125/437/435 2099/665/662 3325/667/664
f 3325/667/664 1855/3612/3585 124/432/430
f 2039/675/672 892/678/675 1796/676/673
f 892/678/675 2039/675/672 3326/673/670
f 861/679/676 2283/671/668 3326/673/670
f 3326/673/670 2039/675/672 860/681/678
f 2771/682/679 895/447/445 2528/683/680
f 891/685/682 1795/658/655 3327/677/674
f 860/681/678 2039/675/672 3327/677/674
f 3327/677/674 1795/658/655 859/668/665
f 2527/687/684 894/690/687 2284/688/685
f 894/690/687 2527/687/684 3328/684/681
f 863/633/630 2771/682/679 3328/684/681
f 3328/684/681 2527/687/684 862/692/689
f 1297/693/690 865/370/368 1305/371/369
f 893/695/692 2283/671/668 3329/689/686
f 862/692/689 2527/687/684 3329/689/686
f 3329/689/686 2283/671/668 861/679/676
f 2975/697/694 840/573/570 2758/574/571
f 1305/371/369 896/372/370 2988/624/621
f 833/699/696 1297/693/690 3330/694/691
f 3330/694/691 2988/624/621 864/631/628
f 2351/701/698 190/894/890 2108/702/699
f 839/566/563 2757/723/720 3331/698/695
f 808/704/701 2975/697/694 3331/698/695
f 3331/698/695 2757/723/720 807/706/703
f 2025/707/704 836/549/546 1782/550/547
f 189/709/706 2107/3520/3494 3332/703/700
f 158/560/557 2351/701/698 3332/703/700
f 3332/703/700 2107/3520/3494 157/711/708
f 2517/712/709 854/640/637 2274/641/638
f 835/551/548 1781/3465/3441 3333/708/705
f 804/714/711 2025/707/704 3333/708/705
f 3333/708/705 1781/3465/3441 803/716/713
f 2513/717/714 838/568/565 2270/718/715
f 853/642/639 2273/793/789 3334/713/710
f 822/720/717 2517/712/709 3334/713/710
f 3334/713/710 2273/793/789 821/722/719
f 2757/723/720 839/566/563 2514/567/564
f 837/555/552 2269/3513/3487 3335/719/716
f 806/725/722 2513/717/714 3335/719/716
f 3335/719/716 2269/3513/3487 805/727/724
f 1290/728/725 841/586/583 2976/729/726
f 838/568/565 2513/717/714 3336/724/721
f 807/706/703 2757/723/720 3336/724/721
f 3336/724/721 2513/717/714 806/725/722
f 1541/732/729 850/622/619 1293/623/620
f 840/573/570 2975/697/694 3337/730/727
f 809/734/731 1290/728/725 3337/730/727
f 3337/730/727 2975/697/694 808/704/701
f 2515/736/733 846/604/601 2272/605/602
f 849/617/614 1292/773/769 3338/733/730
f 818/738/735 1541/732/729 3338/733/730
f 3338/733/730 1292/773/769 817/740/737
f 1613/741/738 163/3347/3324 1370/742/739
f 845/606/603 2271/753/750 3339/737/734
f 814/744/741 2515/736/733 3339/737/734
f 3339/737/734 2271/753/750 813/746/743
f 2027/747/744 844/662/659 1784/663/660
f 162/749/746 1369/3439/3415 3340/743/740
f 131/750/747 1613/741/738 3340/743/740
f 3340/743/740 1369/3439/3415 130/752/749
f 2271/753/750 845/606/603 2028/754/751
f 843/664/661 1783/814/810 3341/748/745
f 812/756/753 2027/747/744 3341/748/745
f 3341/748/745 1783/814/810 811/758/755
f 1537/759/756 834/3472/3448 1289/760/757
f 844/662/659 2027/747/744 3342/755/752
f 813/746/743 2271/753/750 3342/755/752
f 3342/755/752 2027/747/744 812/756/753
f 2759/763/760 847/609/606 2516/610/607
f 833/765/696 1288/4332/3460 3343/761/758
f 802/766/762 1537/759/756 3343/761/758
f 3343/761/758 1288/4332/3460 801/768/764
f 2977/769/765 848/613/610 2760/614/611
f 846/604/601 2515/736/733 3344/764/761
f 815/771/767 2759/763/760 3344/764/761
f 3344/764/761 2515/736/733 814/744/741
f 1292/773/769 849/617/614 2978/618/615
f 847/609/606 2759/763/760 3345/770/766
f 816/775/771 2977/769/765 3345/770/766
f 3345/770/766 2759/763/760 815/771/767
f 2834/777/773 192/868/864 2596/778/774
f 848/613/610 2977/769/765 3346/774/770
f 817/740/737 1292/773/769 3346/774/770
f 3346/774/770 2977/769/765 816/775/771
f 2275/781/777 861/679/676 2032/680/677
f 191/783/779 2595/3445/3421 3347/779/775
f 160/784/780 2834/777/773 3347/779/775
f 3347/779/775 2595/3445/3421 159/786/782
f 2029/787/783 852/802/798 1786/788/784
f 860/681/678 2031/836/832 3348/782/778
f 829/790/786 2275/781/777 3348/782/778
f 3348/782/778 2031/836/832 828/792/788
f 2273/793/789 853/642/639 2030/794/790
f 851/626/623 1785/3508/3482 3349/789/785
f 820/796/792 2029/787/783 3349/789/785
f 3349/789/785 1785/3508/3482 819/798/794
f 2093/799/795 133/3452/3428 1850/800/796
f 852/802/798 2029/787/783 3350/795/791
f 821/722/719 2273/793/789 3350/795/791
f 3350/795/791 2029/787/783 820/796/792
f 2761/804/800 855/646/643 2518/647/644
f 132/806/802 1849/3598/3571 3351/801/797
f 101/807/803 2093/799/795 3351/801/797
f 3351/801/797 1849/3598/3571 100/809/805
f 2979/810/806 856/656/653 2762/657/654
f 854/640/637 2517/712/709 3352/805/801
f 823/812/808 2761/804/800 3352/805/801
f 3352/805/801 2517/712/709 822/720/717
f 1783/814/810 843/664/661 1540/815/811
f 855/646/643 2761/804/800 3353/811/807
f 824/817/813 2979/810/806 3353/811/807
f 3353/811/807 2761/804/800 823/812/808
f 1543/819/815 858/670/667 1295/820/816
f 842/584/581 1539/3450/3426 3354/816/812
f 811/758/755 1783/814/810 3354/816/812
f 3354/816/812 1539/3450/3426 810/823/819
f 2591/824/820 175/947/943 2348/825/821
f 857/827/823 1294/3469/3445 3355/821/817
f 826/828/824 1543/819/815 3355/821/817
f 3355/821/817 1294/3469/3445 825/830/826
f 1861/831/827 180/3406/3382 1618/832/828
f 174/834/830 2347/3475/3451 3356/826/822
f 143/835/831 2591/824/820 3356/826/822
f 3356/826/822 2347/3475/3451 142/542/539
f 2031/836/832 860/681/678 1788/686/683
f 179/838/834 1617/3492/3466 3357/833/829
f 148/839/835 1861/831/827 3357/833/829
f 3357/833/829 1617/3492/3466 147/841/837
f 2519/842/838 862/692/689 2276/696/693
f 859/668/665 1787/3525/3499 3358/837/833
f 828/792/788 2031/836/832 3358/837/833
f 3358/837/833 1787/3525/3499 827/845/841
f 2763/846/842 863/633/630 2520/691/688
f 861/679/676 2275/781/777 3359/843/839
f 830/848/844 2519/842/838 3359/843/839
f 3359/843/839 2275/781/777 829/790/786
f 2981/850/846 864/631/628 2764/632/629
f 862/692/689 2519/842/838 3360/847/843
f 831/852/848 2763/846/842 3360/847/843
f 3360/847/843 2519/842/838 830/848/844
f 1103/854/850 177/3393/3369 2831/855/851
f 863/633/630 2763/846/842 3361/851/847
f 832/857/853 2981/850/846 3361/851/847
f 3361/851/847 2763/846/842 831/852/848
f 2841/859/855 224/1128/1124 2604/860/856
f 176/862/858 2830/3453/3429 3362/856/852
f 145/863/859 1103/854/850 3362/856/852
f 3362/856/852 2830/3453/3429 144/590/587
f 1773/864/860 803/716/713 1530/865/861
f 223/867/863 2603/884/880 3363/861/857
f 192/868/864 2841/859/855 3363/861/857
f 3363/861/857 2603/884/880 191/783/779
f 2755/869/865 831/852/848 2512/853/849
f 802/766/762 1529/3436/3412 3364/866/862
f 771/871/867 1773/864/860 3364/866/862
f 3364/866/862 1529/3436/3412 770/873/869
f 1535/874/870 826/828/824 1286/829/825
f 830/848/844 2511/3348/3325 3365/870/866
f 799/876/872 2755/869/865 3365/870/866
f 3365/870/866 2511/3348/3325 798/878/874
f 2505/879/875 806/725/722 2262/726/723
f 825/830/826 1285/3431/3407 3366/875/871
f 794/881/877 1535/874/870 3366/875/871
f 3366/875/871 1285/3431/3407 793/883/879
f 2603/884/880 223/867/863 2360/885/881
f 805/727/724 2261/3289/3267 3367/880/876
f 774/887/883 2505/879/875 3367/880/876
f 3367/880/876 2261/3289/3267 773/889/885
f 2021/890/886 820/796/792 1778/797/793
f 222/892/888 2359/3428/3404 3368/886/882
f 191/783/779 2603/884/880 3368/886/882
f 3368/886/882 2359/3428/3404 190/894/890
f 1281/895/891 809/734/731 2969/735/732
f 819/798/794 1777/981/977 3369/891/887
f 788/897/893 2021/890/886 3369/891/887
f 3369/891/887 1777/981/977 787/899/895
f 2115/900/896 221/1133/1129 1872/901/897
f 808/704/701 2968/948/944 3370/896/892
f 777/903/899 1281/895/891 3370/896/892
f 3370/896/892 2968/948/944 776/905/901
f 1775/906/902 811/758/755 1532/822/818
f 220/908/904 1871/3426/3402 3371/902/898
f 189/709/706 2115/900/896 3371/902/898
f 3371/902/898 1871/3426/3402 188/910/906
f 2019/911/907 812/756/753 1776/757/754
f 810/823/819 1531/957/953 3372/907/903
f 779/913/909 1775/906/902 3372/907/903
f 3372/907/903 1531/957/953 778/915/911
f 2263/916/912 813/746/743 2020/762/759
f 811/758/755 1775/906/902 3373/912/908
f 780/918/914 2019/911/907 3373/912/908
f 3373/912/908 1775/906/902 779/913/909
f 2507/920/916 814/744/741 2264/745/742
f 812/756/753 2019/911/907 3374/917/913
f 781/922/918 2263/916/912 3374/917/913
f 3374/917/913 2019/911/907 780/918/914
f 2751/924/920 815/771/767 2508/772/768
f 813/746/743 2263/916/912 3375/921/917
f 782/926/922 2507/920/916 3375/921/917
f 3375/921/917 2263/916/912 781/922/918
f 2970/928/924 816/775/771 2752/776/772
f 814/744/741 2507/920/916 3376/925/921
f 783/930/926 2751/924/920 3376/925/921
f 3376/925/921 2507/920/916 782/926/922
f 1625/932/928 211/3276/3254 1382/933/929
f 815/771/767 2751/924/920 3377/929/925
f 784/935/931 2970/928/924 3377/929/925
f 3377/929/925 2751/924/920 783/930/926
f 2837/937/933 208/3263/3241 2600/938/934
f 210/940/936 1381/3391/3367 3378/934/930
f 179/838/834 1625/932/928 3378/934/930
f 3378/934/930 1381/3391/3367 178/942/938
f 2265/943/939 821/722/719 2022/803/799
f 207/945/941 2599/952/948 3379/939/935
f 176/862/858 2837/937/933 3379/939/935
f 3379/939/935 2599/952/948 175/947/943
f 2968/948/944 808/704/701 2750/705/702
f 820/796/792 2021/890/886 3380/944/940
f 789/950/946 2265/943/939 3380/944/940
f 3380/944/940 2021/890/886 788/897/893
f 2599/952/948 207/945/941 2356/953/949
f 807/706/703 2749/1001/997 3381/949/945
f 776/905/901 2968/948/944 3381/949/945
f 3381/949/945 2749/1001/997 775/956/952
f 1531/957/953 810/823/819 1282/958/954
f 206/960/956 2355/3434/3410 3382/954/950
f 175/947/943 2599/952/948 3382/954/950
f 3382/954/950 2355/3434/3410 174/834/830
f 2593/961/957 183/987/983 2350/962/958
f 809/734/731 1281/895/891 3383/959/955
f 778/915/911 1531/957/953 3383/959/955
f 3383/959/955 1281/895/891 777/903/899
f 2972/965/961 824/817/813 2754/818/814
f 182/967/963 2349/3503/3477 3384/963/959
f 151/968/964 2593/961/957 3384/963/959
f 3384/963/959 2349/3503/3477 150/970/966
f 2753/971/967 823/812/808 2510/813/809
f 823/812/808 2753/971/967 3385/966/962
f 792/973/969 2972/965/961 3385/966/962
f 3385/966/962 2753/971/967 791/975/971
f 2839/976/972 216/3311/3289 2602/977/973
f 822/720/717 2509/997/993 3386/972/968
f 791/975/971 2753/971/967 3386/972/968
f 3386/972/968 2509/997/993 790/980/976
f 1777/981/977 819/798/794 1534/982/978
f 215/984/980 2601/3407/3383 3387/978/974
f 184/985/981 2839/976/972 3387/978/974
f 3387/978/974 2601/3407/3383 183/987/983
f 2023/988/984 828/792/788 1780/844/840
f 818/738/735 1533/3422/3398 3388/983/979
f 787/899/895 1777/981/977 3388/983/979
f 3388/983/979 1533/3422/3398 786/991/987
f 2267/992/988 829/790/786 2024/791/787
f 827/845/841 1779/3336/3313 3389/989/985
f 796/994/990 2023/988/984 3389/989/985
f 3389/989/985 1779/3336/3313 795/996/992
f 2509/997/993 822/720/717 2266/721/718
f 828/792/788 2023/988/984 3390/993/989
f 797/999/995 2267/992/988 3390/993/989
f 3390/993/989 2023/988/984 796/994/990
f 2749/1001/997 807/706/703 2506/731/728
f 821/722/719 2265/943/939 3391/998/994
f 790/980/976 2509/997/993 3391/998/994
f 3391/998/994 2265/943/939 789/950/946
f 2974/1004/1000 832/857/853 2756/858/854
f 806/725/722 2505/879/875 3392/1002/998
f 775/956/952 2749/1001/997 3392/1002/998
f 3392/1002/998 2505/879/875 774/887/883
f 1279/1007/1003 801/3491/764 1287/1008/1004
f 831/852/848 2755/869/865 3393/1005/1001
f 800/1010/1006 2974/1004/1000 3393/1005/1001
f 3393/1005/1001 2755/869/865 799/876/872
f 2259/1012/1008 797/999/995 2016/1000/996
f 1287/1008/1004 832/857/853 2974/1004/1000
f 769/1014/1010 1279/1007/1003 3394/1009/1005
f 3394/1009/1005 2974/1004/1000 800/1010/1006
f 1765/1016/1012 771/871/867 1522/872/868
f 796/994/990 2015/3321/3299 3395/1013/1009
f 765/1018/1014 2259/1012/1008 3395/1013/1009
f 3395/1013/1009 2015/3321/3299 764/1020/1016
f 2009/1021/1017 772/1117/1113 1766/1022/1018
f 770/873/869 1521/1145/1141 3396/1017/1013
f 739/1024/1020 1765/1016/1012 3396/1017/1013
f 3396/1017/1013 1521/1145/1141 738/1026/1022
f 1270/1027/1023 769/1014/1010 1278/1015/1011
f 771/871/867 1765/1016/1012 3397/1023/1019
f 740/1029/1025 2009/1021/1017 3397/1023/1019
f 3397/1023/1019 1765/1016/1012 739/1024/1020
f 2497/1031/1027 774/887/883 2254/888/884
f 1278/1015/1011 800/1010/1006 2967/1033/1029
f 737/1034/1030 1270/1027/1023 3398/1028/1024
f 3398/1028/1024 2967/1033/1029 768/1036/1032
f 2741/1037/1033 775/956/952 2498/1006/1002
f 773/889/885 2253/1110/1106 3399/1032/1028
f 742/1039/1035 2497/1031/1027 3399/1032/1028
f 3399/1032/1028 2253/1110/1106 741/1041/1037
f 2965/1042/1038 792/973/969 2746/974/970
f 774/887/883 2497/1031/1027 3400/1038/1034
f 743/1044/1040 2741/1037/1033 3400/1038/1034
f 3400/1038/1034 2497/1031/1027 742/1039/1035
f 1879/1046/1042 252/1148/1144 1636/1047/1043
f 791/975/971 2745/1115/1111 3401/1043/1039
f 760/1049/1045 2965/1042/1038 3401/1043/1039
f 3401/1043/1039 2745/1115/1111 759/1051/1047
f 1274/1052/1048 785/1098/1094 2964/1053/1049
f 251/1055/1051 1635/3315/3293 3402/1048/1044
f 220/908/904 1879/1046/1042 3402/1048/1044
f 3402/1048/1044 1635/3315/3293 219/1057/1053
f 1767/1058/1054 779/913/909 1524/914/910
f 784/935/931 2963/1080/1076 3403/1054/1050
f 753/1060/1056 1274/1052/1048 3403/1054/1050
f 3403/1054/1050 2963/1080/1076 752/1062/1058
f 2011/1063/1059 780/918/914 1768/919/915
f 778/915/911 1523/1076/1072 3404/1059/1055
f 747/1065/1061 1767/1058/1054 3404/1059/1055
f 3404/1059/1055 1523/1076/1072 746/1067/1063
f 2255/1068/1064 781/922/918 2012/923/919
f 779/913/909 1767/1058/1054 3405/1064/1060
f 748/1070/1066 2011/1063/1059 3405/1064/1060
f 3405/1064/1060 1767/1058/1054 747/1065/1061
f 2499/1072/1068 782/926/922 2256/927/923
f 780/918/914 2011/1063/1059 3406/1069/1065
f 749/1074/1070 2255/1068/1064 3406/1069/1065
f 3406/1069/1065 2011/1063/1059 748/1070/1066
f 1523/1076/1072 778/915/911 1273/964/960
f 781/922/918 2255/1068/1064 3407/1073/1069
f 750/1078/1074 2499/1072/1068 3407/1073/1069
f 3407/1073/1069 2255/1068/1064 749/1074/1070
f 2963/1080/1076 784/935/931 2744/936/932
f 777/903/899 1272/3294/3272 3408/1077/1073
f 746/1067/1063 1523/1076/1072 3408/1077/1073
f 3408/1077/1073 1272/3294/3272 745/1083/1079
f 1875/1084/1080 236/1172/1166 1632/1085/1081
f 783/930/926 2743/3240/3218 3409/1081/1077
f 752/1062/1058 2963/1080/1076 3409/1081/1077
f 3409/1081/1077 2743/3240/3218 751/1088/1084
f 1525/1089/1085 786/991/987 1275/1090/1086
f 235/1092/1088 1631/3323/3301 3410/1086/1082
f 204/1093/1089 1875/1084/1080 3410/1086/1082
f 3410/1086/1082 1631/3323/3301 203/1095/1091
f 1769/1096/1092 787/899/895 1526/990/986
f 785/1098/1094 1274/1052/1048 3411/1091/1087
f 754/1099/1095 1525/1089/1085 3411/1091/1087
f 3411/1091/1087 1274/1052/1048 753/1060/1056
f 2013/1101/1097 788/897/893 1770/898/894
f 786/991/987 1525/1089/1085 3412/1097/1093
f 755/1103/1099 1769/1096/1092 3412/1097/1093
f 3412/1097/1093 1525/1089/1085 754/1099/1095
f 1276/1105/1101 793/883/879 2966/1106/1102
f 787/899/895 1769/1096/1092 3413/1102/1098
f 756/1108/1104 2013/1101/1097 3413/1102/1098
f 3413/1102/1098 1769/1096/1092 755/1103/1099
f 2253/1110/1106 773/889/885 2010/1111/1107
f 792/973/969 2965/1042/1038 3414/1107/1103
f 761/1113/1109 1276/1105/1101 3414/1107/1103
f 3414/1107/1103 2965/1042/1038 760/1049/1045
f 2745/1115/1111 791/975/971 2502/979/975
f 772/1117/1113 2009/1021/1017 3415/1112/1108
f 741/1041/1037 2253/1110/1106 3415/1112/1108
f 3415/1112/1108 2009/1021/1017 740/1029/1025
f 2848/1119/1115 256/1209/1203 2612/1120/1116
f 790/980/976 2501/3328/3306 3416/1116/1112
f 759/1051/1047 2745/1115/1111 3416/1116/1112
f 3416/1116/1112 2501/3328/3306 758/1123/1119
f 2367/1124/1120 254/1255/1249 2124/1125/1121
f 255/1127/1123 2611/3325/3303 3417/1121/1117
f 224/1128/1124 2848/1119/1115 3417/1121/1117
f 3417/1121/1117 2611/3325/3303 223/867/863
f 1527/1129/1125 794/881/877 1277/882/878
f 253/1131/1127 2123/1139/1135 3418/1126/1122
f 222/892/888 2367/1124/1120 3418/1126/1122
f 3418/1126/1122 2123/1139/1135 221/1133/1129
f 2609/1134/1130 247/3206/3184 2366/1135/1131
f 793/883/879 1276/1105/1101 3419/1130/1126
f 762/1137/1133 1527/1129/1125 3419/1130/1126
f 3419/1130/1126 1276/1105/1101 761/1113/1109
f 2123/1139/1135 253/1131/1127 1880/1140/1136
f 246/1142/1138 2365/3300/3278 3420/1136/1132
f 215/984/980 2609/1134/1130 3420/1136/1132
f 3420/1136/1132 2365/3300/3278 214/1144/1140
f 1521/1145/1141 770/873/869 1271/1146/1142
f 252/1148/1144 1879/1046/1042 3421/1141/1137
f 221/1133/1129 2123/1139/1135 3421/1141/1137
f 3421/1141/1137 1879/1046/1042 220/908/904
f 2503/1149/1145 798/878/874 2260/1150/1146
f 769/1152/1010 1270/4333/1023 3422/1147/1143
f 738/1026/1022 1521/1145/1141 3422/1147/1143
f 3422/1147/1143 1270/4333/1023 737/1154/1030
f 2605/1155/1149 231/1250/1244 2362/1156/1150
f 797/999/995 2259/1012/1008 3423/1151/1147
f 766/1158/1152 2503/1149/1145 3423/1151/1147
f 3423/1151/1147 2259/1012/1008 765/1018/1014
f 2967/1033/1029 800/1010/1006 2748/1011/1007
f 230/1161/1155 2361/3243/3221 3424/1157/1151
f 199/1162/1156 2605/1155/1149 3424/1157/1151
f 3424/1157/1151 2361/3243/3221 198/1164/1158
f 2119/1165/1159 237/3181/3159 1876/1166/1160
f 799/876/872 2747/3304/3282 3425/1160/1154
f 768/1036/1032 2967/1033/1029 3425/1160/1154
f 3425/1160/1154 2747/3304/3282 767/1169/1163
f 1513/1170/1164 738/1026/1022 1262/1153/1148
f 236/1172/1166 1875/1084/1080 3426/1167/1161
f 205/1173/1167 2119/1165/1159 3426/1167/1161
f 3426/1167/1161 1875/1084/1080 204/1093/1089
f 2491/1175/1169 750/1078/1074 2248/1079/1075
f 737/1154/1030 1261/4334/1325 3427/1171/1165
f 706/1177/1171 1513/1170/1164 3427/1171/1165
f 3427/1171/1165 1261/4334/1325 705/1179/1173
f 2001/1180/1174 740/1029/1025 1758/1030/1026
f 749/1074/1070 2247/1228/1222 3428/1176/1170
f 718/1182/1176 2491/1175/1169 3428/1176/1170
f 3428/1176/1170 2247/1228/1222 717/1184/1178
f 2005/1185/1179 756/1108/1104 1762/1109/1105
f 739/1024/1020 1757/3214/3192 3429/1181/1175
f 708/1187/1181 2001/1180/1174 3429/1181/1175
f 3429/1181/1175 1757/3214/3192 707/1189/1183
f 1397/1190/1184 274/1225/1219 1131/1191/1185
f 755/1103/1099 1761/3184/3162 3430/1186/1180
f 724/1193/1187 2005/1185/1179 3430/1186/1180
f 3430/1186/1180 1761/3184/3162 723/1195/1189
f 1126/1196/1190 257/3140/1263 1134/1197/1191
f 273/1199/1193 1130/1222/1216 3431/1192/1186
f 242/1200/1194 1397/1190/1184 3431/1192/1186
f 3431/1192/1186 1130/1222/1216 241/1202/1196
f 2249/1203/1197 757/1283/1276 2006/1204/1198
f 1134/1197/1191 288/1414/1406 2855/1206/1200
f 225/1207/1201 1126/1196/1190 3432/1198/1192
f 3432/1198/1192 2855/1206/1200 256/1209/1203
f 1263/1210/1204 745/1083/1079 2955/1211/1205
f 756/1108/1104 2005/1185/1179 3433/1205/1199
f 725/1213/1207 2249/1203/1197 3433/1205/1199
f 3433/1205/1199 2005/1185/1179 724/1193/1187
f 1641/1215/1209 275/3101/3081 1398/1216/1210
f 744/1218/1212 2954/3229/3207 3434/1212/1206
f 713/1219/1213 1263/1210/1204 3434/1212/1206
f 3434/1212/1206 2954/3229/3207 712/1221/1215
f 1130/1222/1216 273/1199/1193 2852/1223/1217
f 274/1225/1219 1397/1190/1184 3435/1217/1211
f 243/1226/1220 1641/1215/1209 3435/1217/1211
f 3435/1217/1211 1397/1190/1184 242/1200/1194
f 2247/1228/1222 749/1074/1070 2004/1075/1071
f 272/1230/1224 2851/3182/3160 3436/1224/1218
f 241/1202/1196 1130/1222/1216 3436/1224/1218
f 3436/1224/1218 2851/3182/3160 240/1232/1226
f 2131/1233/1227 285/1310/1303 1888/1234/1228
f 748/1070/1066 2003/1308/1301 3437/1229/1223
f 717/1184/1178 2247/1228/1222 3437/1229/1223
f 3437/1229/1223 2003/1308/1301 716/1237/1231
f 2245/1238/1232 741/1041/1037 2002/1118/1114
f 284/1240/1234 1887/3218/3196 3438/1235/1229
f 253/1131/1127 2131/1233/1227 3438/1235/1229
f 3438/1235/1229 1887/3218/3196 252/1148/1144
f 2613/1241/1235 263/3059/3039 2370/1242/1236
f 740/1029/1025 2001/1180/1174 3439/1239/1233
f 709/1244/1238 2245/1238/1232 3439/1239/1233
f 3439/1239/1233 2001/1180/1174 708/1187/1181
f 2619/1246/1240 287/1280/1273 2376/1247/1241
f 262/1249/1243 2369/3148/3126 3440/1243/1237
f 231/1250/1244 2613/1241/1235 3440/1243/1237
f 3440/1243/1237 2369/3148/3126 230/1161/1155
f 1265/1251/1245 753/1060/1056 2957/1061/1057
f 286/1253/1247 2375/1303/1296 3441/1248/1242
f 255/1127/1123 2619/1246/1240 3441/1248/1242
f 3441/1248/1242 2375/1303/1296 254/1255/1249
f 1517/1256/1250 754/1099/1095 1266/1100/1096
f 752/1062/1058 2956/3189/3167 3442/1252/1246
f 721/1258/1252 1265/1251/1245 3442/1252/1246
f 3442/1252/1246 2956/3189/3167 720/1260/1254
f 1393/1261/1255 258/1495/1487 1127/1262/1256
f 753/1060/1056 1265/1251/1245 3443/1257/1251
f 722/1264/1258 1517/1256/1250 3443/1257/1251
f 3443/1257/1251 1265/1251/1245 721/1258/1252
f 1771/1266/1260 795/996/992 1528/1267/1261
f 257/1269/1263 1126/4335/1190 3444/1263/1257
f 226/1270/1264 1393/1261/1255 3444/1263/1257
f 3444/1263/1257 1126/4335/1190 225/1272/1201
f 2855/1206/1200 288/1414/1406 2620/1273/1266
f 794/881/877 1527/1129/1125 3445/1268/1262
f 763/1275/1268 1771/1266/1260 3445/1268/1262
f 3445/1268/1262 1527/1129/1125 762/1137/1133
f 2493/1277/1270 758/1123/1119 2250/1278/1271
f 287/1280/1273 2619/1246/1240 3446/1274/1267
f 256/1209/1203 2855/1206/1200 3446/1274/1267
f 3446/1274/1267 2619/1246/1240 255/1127/1123
f 2495/1281/1274 766/1158/1152 2252/1159/1153
f 757/1283/1276 2249/1203/1197 3447/1279/1272
f 726/1284/1277 2493/1277/1270 3447/1279/1272
f 3447/1279/1272 2249/1203/1197 725/1213/1207
f 2958/1286/1279 760/1049/1045 2738/1050/1046
f 765/1018/1014 2251/3174/3152 3448/1282/1275
f 734/1288/1281 2495/1281/1274 3448/1282/1275
f 3448/1282/1275 2251/3174/3152 733/1290/1283
f 1639/1291/1284 267/3078/3058 1396/1292/1285
f 759/1051/1047 2737/3138/3117 3449/1287/1280
f 728/1294/1287 2958/1286/1279 3449/1287/1280
f 3449/1287/1280 2737/3138/3117 727/1296/1289
f 2735/1297/1290 751/1088/1084 2492/1298/1291
f 266/1300/1293 1395/3164/3142 3450/1293/1286
f 235/1092/1088 1639/1291/1284 3450/1293/1286
f 3450/1293/1286 1395/3164/3142 234/1302/1295
f 2375/1303/1296 286/1253/1247 2132/1304/1297
f 750/1078/1074 2491/1175/1169 3451/1299/1292
f 719/1306/1299 2735/1297/1290 3451/1299/1292
f 3451/1299/1292 2491/1175/1169 718/1182/1176
f 2003/1308/1301 748/1070/1066 1760/1071/1067
f 285/1310/1303 2131/1233/1227 3452/1305/1298
f 254/1255/1249 2375/1303/1296 3452/1305/1298
f 3452/1305/1298 2131/1233/1227 253/1131/1127
f 1881/1311/1304 260/1395/1387 1638/1312/1305
f 747/1065/1061 1759/3198/3176 3453/1309/1302
f 716/1237/1231 2003/1308/1301 3453/1309/1302
f 3453/1309/1302 1759/3198/3176 715/1315/1308
f 1763/1316/1309 763/1275/1268 1520/1276/1269
f 259/1318/1311 1637/3141/3119 3454/1313/1306
f 228/1319/1312 1881/1311/1304 3454/1313/1306
f 3454/1313/1306 1637/3141/3119 227/1321/1314
f 2739/1322/1315 767/1169/1163 2496/1323/1316
f 762/1137/1133 1519/3134/3113 3455/1317/1310
f 731/1325/1318 1763/1316/1309 3455/1317/1310
f 3455/1317/1310 1519/3134/3113 730/1327/1320
f 2960/1328/1321 768/1036/1032 2740/1168/1162
f 766/1158/1152 2495/1281/1274 3456/1324/1317
f 735/1330/1323 2739/1322/1315 3456/1324/1317
f 3456/1324/1317 2495/1281/1274 734/1288/1281
f 1261/1332/1325 737/1034/1030 1269/1035/1031
f 767/1169/1163 2739/1322/1315 3457/1329/1322
f 736/1334/1327 2960/1328/1321 3457/1329/1322
f 3457/1329/1322 2739/1322/1315 735/1330/1323
f 1505/1336/1329 706/1177/1171 1253/1178/1172
f 1269/1035/1031 768/1036/1032 2960/1328/1321
f 705/1338/1173 1261/1332/1325 3458/1333/1326
f 3458/1333/1326 2960/1328/1321 736/1334/1327
f 1509/1340/1332 722/1264/1258 1257/1265/1259
f 705/1179/1173 1252/4336/3089 3459/1337/1330
f 674/1342/1334 1505/1336/1329 3459/1337/1330
f 3459/1337/1330 1252/4336/3089 673/1344/1336
f 1993/1345/1337 708/1187/1181 1750/1188/1182
f 721/1258/1252 1256/3044/3024 3460/1341/1333
f 690/1347/1339 1509/1340/1332 3460/1341/1333
f 3460/1341/1333 1256/3044/3024 689/1349/1341
f 2858/1350/1342 304/2982/2963 2624/1351/1343
f 707/1189/1183 1749/3098/3078 3461/1346/1338
f 676/1353/1345 1993/1345/1337 3461/1346/1338
f 3461/1346/1338 1749/3098/3078 675/1355/1347
f 2481/1356/1348 710/3091/3071 2238/1357/1349
f 303/1359/1351 2623/1362/1354 3462/1352/1344
f 272/1230/1224 2858/1350/1342 3462/1352/1344
f 3462/1352/1344 2623/1362/1354 271/1361/1353
f 2623/1362/1354 303/1359/1351 2380/1363/1355
f 709/1244/1238 2237/3089/3069 3463/1358/1350
f 678/1365/1357 2481/1356/1348 3463/1358/1350
f 3463/1358/1350 2237/3089/3069 677/1367/1359
f 2947/1368/1360 712/1221/1215 2726/1369/1361
f 302/1371/1363 2379/3056/3036 3464/1364/1356
f 271/1361/1353 2623/1362/1354 3464/1364/1356
f 3464/1364/1356 2379/3056/3036 270/1373/1365
f 1254/1374/1366 713/1219/1213 2948/1220/1214
f 711/1376/1368 2725/3086/3066 3465/1370/1362
f 680/1377/1369 2947/1368/1360 3465/1370/1362
f 3465/1370/1362 2725/3086/3066 679/1379/1371
f 1137/1380/1372 297/1553/1545 2857/1381/1373
f 712/1221/1215 2947/1368/1360 3466/1375/1367
f 681/1383/1375 1254/1374/1366 3466/1375/1367
f 3466/1375/1367 2947/1368/1360 680/1377/1369
f 1889/1385/1377 292/1593/1585 1646/1386/1378
f 296/1388/1380 2856/3051/3031 3467/1382/1374
f 265/1389/1381 1137/1380/1372 3467/1382/1374
f 3467/1382/1374 2856/3051/3031 264/1391/1383
f 1995/1392/1384 716/1237/1231 1752/1314/1307
f 291/1394/1386 1645/3046/3026 3468/1387/1379
f 260/1395/1387 1889/1385/1377 3468/1387/1379
f 3468/1387/1379 1645/3046/3026 259/1318/1311
f 2239/1396/1388 717/1184/1178 1996/1236/1230
f 715/1315/1308 1751/3075/3055 3469/1393/1385
f 684/1398/1390 1995/1392/1384 3469/1393/1385
f 3469/1393/1385 1751/3075/3055 683/1400/1392
f 2483/1401/1393 718/1182/1176 2240/1183/1177
f 716/1237/1231 1995/1392/1384 3470/1397/1389
f 685/1403/1395 2239/1396/1388 3470/1397/1389
f 3470/1397/1389 1995/1392/1384 684/1398/1390
f 2862/1405/1397 320/2959/2940 2628/1406/1398
f 717/1184/1178 2239/1396/1388 3471/1402/1394
f 686/1408/1400 2483/1401/1393 3471/1402/1394
f 3471/1402/1394 2239/1396/1388 685/1403/1395
f 2949/1410/1402 720/1260/1254 2728/1411/1403
f 319/1413/1405 2627/3131/3110 3472/1407/1399
f 288/1414/1406 2862/1405/1397 3472/1407/1399
f 3472/1407/1399 2627/3131/3110 287/1280/1273
f 2135/1415/1407 301/1768/1759 1892/1416/1408
f 719/1306/1299 2727/3122/3101 3473/1412/1404
f 688/1418/1410 2949/1410/1402 3473/1412/1404
f 3473/1412/1404 2727/3122/3101 687/1420/1412
f 1507/1421/1413 714/3081/3061 1255/1422/1414
f 300/1424/1416 1891/3102/3082 3474/1417/1409
f 269/1425/1417 2135/1415/1407 3474/1417/1409
f 3474/1417/1409 1891/3102/3082 268/1427/1419
f 1407/1428/1420 314/1597/1589 1142/1429/1421
f 713/1219/1213 1254/1374/1366 3475/1423/1415
f 682/1431/1423 1507/1421/1413 3475/1423/1415
f 3475/1423/1415 1254/1374/1366 681/1383/1375
f 1997/1433/1425 724/1193/1187 1754/1194/1188
f 313/1435/1427 1141/3112/3092 3476/1430/1422
f 282/1436/1428 1407/1428/1420 3476/1430/1422
f 3476/1430/1422 1141/3112/3092 281/1438/1430
f 2241/1439/1431 725/1213/1207 1998/1214/1208
f 723/1195/1189 1753/1468/1460 3477/1434/1426
f 692/1441/1433 1997/1433/1425 3477/1434/1426
f 3477/1434/1426 1753/1468/1460 691/1443/1435
f 2485/1444/1436 726/1284/1277 2242/1285/1278
f 724/1193/1187 1997/1433/1425 3478/1440/1432
f 693/1446/1438 2241/1439/1431 3478/1440/1432
f 3478/1440/1432 1997/1433/1425 692/1441/1433
f 2731/1448/1440 735/1330/1323 2488/1331/1324
f 725/1213/1207 2241/1439/1431 3479/1445/1437
f 694/1450/1442 2485/1444/1436 3479/1445/1437
f 3479/1445/1437 2241/1439/1431 693/1446/1438
f 2951/1452/1444 728/1294/1287 2730/1295/1288
f 734/1288/1281 2487/1483/1475 3480/1449/1441
f 703/1454/1446 2731/1448/1440 3480/1449/1441
f 3480/1449/1441 2487/1483/1475 702/1456/1448
f 1755/1457/1449 731/1325/1318 1512/1326/1319
f 727/1296/1289 2729/3082/3062 3481/1453/1445
f 696/1459/1451 2951/1452/1444 3481/1453/1445
f 3481/1453/1445 2729/3082/3062 695/1461/1453
f 1511/1462/1454 730/1327/1320 1259/1463/1455
f 730/1327/1320 1511/1462/1454 3482/1458/1450
f 699/1465/1457 1755/1457/1449 3482/1458/1450
f 3482/1458/1450 1511/1462/1454 698/1467/1459
f 1753/1468/1460 723/1195/1189 1510/1469/1461
f 729/1471/1463 1258/1496/1488 3483/1464/1456
f 698/1467/1459 1511/1462/1454 3483/1464/1456
f 3483/1464/1456 1258/1496/1488 697/1473/1465
f 1999/1474/1466 732/1485/1477 1756/1475/1467
f 722/1264/1258 1509/1340/1332 3484/1470/1462
f 691/1443/1435 1753/1468/1460 3484/1470/1462
f 3484/1470/1462 1509/1340/1332 690/1347/1339
f 2243/1478/1470 733/1290/1283 2000/1479/1471
f 731/1325/1318 1755/1457/1449 3485/1476/1468
f 700/1481/1473 1999/1474/1466 3485/1476/1468
f 3485/1476/1468 1755/1457/1449 699/1465/1457
f 2487/1483/1475 734/1288/1281 2244/1289/1282
f 732/1485/1477 1999/1474/1466 3486/1480/1472
f 701/1486/1478 2243/1478/1470 3486/1480/1472
f 3486/1480/1472 1999/1474/1466 700/1481/1473
f 1401/1488/1480 290/2951/2932 1136/1489/1481
f 733/1290/1283 2243/1478/1470 3487/1484/1476
f 702/1456/1448 2487/1483/1475 3487/1484/1476
f 3487/1484/1476 2243/1478/1470 701/1486/1478
f 2953/1492/1484 736/1334/1327 2732/1335/1328
f 289/1494/1486 1135/4337/3115 3488/1490/1482
f 258/1495/1487 1401/1488/1480 3488/1490/1482
f 3488/1490/1482 1135/4337/3115 257/1269/1263
f 1258/1496/1488 729/1471/1463 2952/1497/1489
f 735/1330/1323 2731/1448/1440 3489/1493/1485
f 704/1499/1491 2953/1492/1484 3489/1493/1485
f 3489/1493/1485 2731/1448/1440 703/1454/1446
f 1743/1501/1493 683/1400/1392 1500/1502/1494
f 728/1294/1287 2951/1452/1444 3490/1498/1490
f 697/1473/1465 1258/1496/1488 3490/1498/1490
f 3490/1498/1490 2951/1452/1444 696/1459/1451
f 1741/1505/1497 675/1355/1347 1498/1506/1498
f 682/1431/1423 1499/1578/1570 3491/1503/1495
f 651/1508/1500 1743/1501/1493 3491/1503/1495
f 3491/1503/1495 1499/1578/1570 650/1510/1502
f 1985/1511/1503 676/1353/1345 1742/1354/1346
f 674/1342/1334 1497/1628/1620 3492/1507/1499
f 643/1513/1505 1741/1505/1497 3492/1507/1499
f 3492/1507/1499 1497/1628/1620 642/1515/1507
f 2229/1516/1508 677/1367/1359 1986/1517/1509
f 675/1355/1347 1741/1505/1497 3493/1512/1504
f 644/1519/1511 1985/1511/1503 3493/1512/1504
f 3493/1512/1504 1741/1505/1497 643/1513/1505
f 2473/1521/1513 678/1365/1357 2230/1366/1358
f 676/1353/1345 1985/1511/1503 3494/1518/1510
f 645/1523/1515 2229/1516/1508 3494/1518/1510
f 3494/1518/1510 1985/1511/1503 644/1519/1511
f 2717/1525/1517 679/1379/1371 2474/1526/1518
f 677/1367/1359 2229/1516/1508 3495/1522/1514
f 646/1528/1520 2473/1521/1513 3495/1522/1514
f 3495/1522/1514 2229/1516/1508 645/1523/1515
f 2940/1530/1522 680/1377/1369 2718/1378/1370
f 678/1365/1357 2473/1521/1513 3496/1527/1519
f 647/1532/1524 2717/1525/1517 3496/1527/1519
f 3496/1527/1519 2473/1521/1513 646/1528/1520
f 1245/1534/1526 681/1383/1375 2941/1384/1376
f 679/1379/1371 2717/1525/1517 3497/1531/1523
f 648/1536/1528 2940/1530/1522 3497/1531/1523
f 3497/1531/1523 2717/1525/1517 647/1532/1524
f 1413/1538/1530 338/2882/2864 1149/1539/1531
f 680/1377/1369 2940/1530/1522 3498/1535/1527
f 649/1541/1533 1245/1534/1526 3498/1535/1527
f 3498/1535/1527 2940/1530/1522 648/1536/1528
f 1146/1543/1535 329/1742/1733 2864/1544/1536
f 337/1546/1538 1148/2975/2956 3499/1540/1532
f 306/1547/1539 1413/1538/1530 3499/1540/1532
f 3499/1540/1532 1148/2975/2956 305/1549/1541
f 1987/1550/1542 684/1398/1390 1744/1399/1391
f 328/1552/1544 2863/3038/3018 3500/1545/1537
f 297/1553/1545 1146/1543/1535 3500/1545/1537
f 3500/1545/1537 2863/3038/3018 296/1388/1380
f 2231/1554/1546 685/1403/1395 1988/1404/1396
f 683/1400/1392 1743/1501/1493 3501/1551/1543
f 652/1556/1548 1987/1550/1542 3501/1551/1543
f 3501/1551/1543 1743/1501/1493 651/1508/1500
f 2475/1558/1550 686/1408/1400 2232/1409/1401
f 684/1398/1390 1987/1550/1542 3502/1555/1547
f 653/1560/1552 2231/1554/1546 3502/1555/1547
f 3502/1555/1547 1987/1550/1542 652/1556/1548
f 2477/1562/1554 694/1450/1442 2234/1451/1443
f 685/1403/1395 2231/1554/1546 3503/1559/1551
f 654/1564/1556 2475/1558/1550 3503/1559/1551
f 3503/1559/1551 2231/1554/1546 653/1560/1552
f 1899/1566/1558 332/1747/1738 1656/1567/1559
f 693/1446/1438 2233/1594/1586 3504/1563/1555
f 662/1569/1561 2477/1562/1554 3504/1563/1555
f 3504/1563/1555 2233/1594/1586 661/1571/1563
f 1247/1572/1564 689/1349/1341 2943/1573/1565
f 331/1575/1567 1655/2973/2954 3505/1568/1560
f 300/1424/1416 1899/1566/1558 3505/1568/1560
f 3505/1568/1560 1655/2973/2954 299/1577/1569
f 1499/1578/1570 682/1431/1423 1246/1432/1424
f 688/1418/1410 2942/2962/2943 3506/1574/1566
f 657/1580/1572 1247/1572/1564 3506/1574/1566
f 3506/1574/1566 2942/2962/2943 656/1582/1574
f 2141/1583/1575 325/1651/1643 1898/1584/1576
f 681/1383/1375 1245/1534/1526 3507/1579/1571
f 650/1510/1502 1499/1578/1570 3507/1579/1571
f 3507/1579/1571 1245/1534/1526 649/1541/1533
f 1415/1587/1579 346/2861/2843 1151/1588/1580
f 324/1590/1582 1897/3041/3021 3508/1585/1577
f 293/1591/1583 2141/1583/1575 3508/1585/1577
f 3508/1585/1577 1897/3041/3021 292/1593/1585
f 2233/1594/1586 693/1446/1438 1990/1447/1439
f 345/1596/1588 1150/3017/2998 3509/1589/1581
f 314/1597/1589 1415/1587/1579 3509/1589/1581
f 3509/1589/1581 1150/3017/2998 313/1435/1427
f 1745/1598/1590 691/1443/1435 1502/1477/1469
f 692/1441/1433 1989/3030/3010 3510/1595/1587
f 661/1571/1563 2233/1594/1586 3510/1595/1587
f 3510/1595/1587 1989/3030/3010 660/1601/1593
f 2867/1602/1594 344/1717/1708 2634/1603/1595
f 690/1347/1339 1501/2971/2952 3511/1599/1591
f 659/1605/1597 1745/1598/1590 3511/1599/1591
f 3511/1599/1591 1501/2971/2952 658/1607/1599
f 2944/1608/1600 696/1459/1451 2722/1460/1452
f 343/1610/1602 2633/3010/2991 3512/1604/1596
f 312/1611/1603 2867/1602/1594 3512/1604/1596
f 3512/1604/1596 2633/3010/2991 311/1613/1605
f 2721/1614/1606 695/1461/1453 2478/1615/1607
f 695/1461/1453 2721/1614/1606 3513/1609/1601
f 664/1617/1609 2944/1608/1600 3513/1609/1601
f 3513/1609/1601 2721/1614/1606 663/1619/1611
f 1503/1620/1612 698/1467/1459 1250/1472/1464
f 694/1450/1442 2477/1562/1554 3514/1616/1608
f 663/1619/1611 2721/1614/1606 3514/1616/1608
f 3514/1616/1608 2477/1562/1554 662/1569/1561
f 1747/1623/1615 699/1465/1457 1504/1466/1458
f 697/1473/1465 1249/2967/2948 3515/1621/1613
f 666/1625/1617 1503/1620/1612 3515/1621/1613
f 3515/1621/1613 1249/2967/2948 665/1627/1619
f 1497/1628/1620 674/1342/1334 1244/1343/1335
f 698/1467/1459 1503/1620/1612 3516/1624/1616
f 667/1630/1622 1747/1623/1615 3516/1624/1616
f 3516/1624/1616 1503/1620/1612 666/1625/1617
f 1901/1632/1624 340/1818/1809 1658/1633/1625
f 673/1344/1336 1243/4338/1646 3517/1629/1621
f 642/1515/1507 1497/1628/1620 3517/1629/1621
f 3517/1629/1621 1243/4338/1646 641/1636/1628
f 2479/1637/1629 702/1456/1448 2236/1491/1483
f 339/1639/1631 1657/2996/2977 3518/1634/1626
f 308/1640/1632 1901/1632/1624 3518/1634/1626
f 3518/1634/1626 1657/2996/2977 307/1642/1634
f 2385/1643/1635 326/1732/1723 2142/1644/1636
f 701/1486/1478 2235/2983/2964 3519/1638/1630
f 670/1646/1638 2479/1637/1629 3519/1638/1630
f 3519/1638/1630 2235/2983/2964 669/1648/1640
f 2946/1649/1641 704/1499/1491 2724/1500/1492
f 325/1651/1643 2141/1583/1575 3520/1645/1637
f 294/1652/1644 2385/1643/1635 3520/1645/1637
f 3520/1645/1637 2141/1583/1575 293/1591/1583
f 1243/1654/1646 673/3114/1336 1251/1655/1647
f 703/1454/1446 2723/3014/2995 3521/1650/1642
f 672/1657/1649 2946/1649/1641 3521/1650/1642
f 3521/1650/1642 2723/3014/2995 671/1659/1651
f 2876/1660/1652 384/2769/2751 2644/1661/1653
f 1251/1655/1647 704/1499/1491 2946/1649/1641
f 641/1663/1628 1243/1654/1646 3522/1656/1648
f 3522/1656/1648 2946/1649/1641 672/1657/1649
f 2225/1665/1656 661/1571/1563 1982/1600/1592
f 383/1667/1658 2643/1783/1774 3523/1662/1654
f 352/1668/1659 2876/1660/1652 3523/1662/1654
f 3523/1662/1654 2643/1783/1774 351/1670/1661
f 1157/1671/1662 369/1953/1943 2873/1672/1663
f 660/1601/1593 1981/1754/1745 3524/1666/1657
f 629/1674/1665 2225/1665/1656 3524/1666/1657
f 3524/1666/1657 1981/1754/1745 628/1676/1667
f 2221/1677/1668 645/1523/1515 1978/1524/1516
f 368/1679/1670 2872/2894/2876 3525/1673/1664
f 337/1546/1538 1157/1671/1662 3525/1673/1664
f 3525/1673/1664 2872/2894/2876 336/1681/1672
f 2467/1682/1673 654/1564/1556 2224/1565/1557
f 644/1519/1511 1977/1800/1791 3526/1678/1669
f 613/1684/1675 2221/1677/1668 3526/1678/1669
f 3526/1678/1669 1977/1800/1791 612/1686/1677
f 1489/1687/1678 642/1515/1507 1235/1635/1627
f 653/1560/1552 2223/2899/2881 3527/1683/1674
f 622/1689/1680 2467/1682/1673 3527/1683/1674
f 3527/1683/1674 2223/2899/2881 621/1691/1682
f 2933/1692/1683 648/1536/1528 2710/1537/1529
f 641/1636/1628 1234/4339/1810 3528/1688/1679
f 610/1694/1685 1489/1687/1678 3528/1688/1679
f 3528/1688/1679 1234/4339/1810 609/1696/1687
f 2870/1697/1688 360/1741/1732 2638/1698/1689
f 647/1532/1524 2709/2892/2874 3529/1693/1684
f 616/1700/1691 2933/1692/1683 3529/1693/1684
f 3529/1693/1684 2709/2892/2874 615/1702/1693
f 1491/1703/1694 650/1510/1502 1237/1586/1578
f 359/1705/1696 2637/1728/1719 3530/1699/1690
f 328/1552/1544 2870/1697/1688 3530/1699/1690
f 3530/1699/1690 2637/1728/1719 327/1707/1698
f 2874/1708/1699 376/1911/1901 2642/1709/1700
f 649/1541/1533 1236/2870/2852 3531/1704/1695
f 618/1711/1702 1491/1703/1694 3531/1704/1695
f 3531/1704/1695 1236/2870/2852 617/1713/1704
f 1979/1714/1705 652/1556/1548 1736/1557/1549
f 375/1716/1707 2641/2915/2897 3532/1710/1701
f 344/1717/1708 2874/1708/1699 3532/1710/1701
f 3532/1710/1701 2641/2915/2897 343/1610/1602
f 2149/1718/1709 357/1731/1722 1906/1719/1710
f 651/1508/1500 1735/1766/1757 3533/1715/1706
f 620/1721/1712 1979/1714/1705 3533/1715/1706
f 3533/1715/1706 1735/1766/1757 619/1723/1714
f 2393/1724/1715 358/1736/1727 2150/1725/1716
f 356/1727/1718 1905/2875/2857 3534/1720/1711
f 325/1651/1643 2149/1718/1709 3534/1720/1711
f 3534/1720/1711 1905/2875/2857 324/1590/1582
f 2637/1728/1719 359/1705/1696 2394/1729/1720
f 357/1731/1722 2149/1718/1709 3535/1726/1717
f 326/1732/1723 2393/1724/1715 3535/1726/1717
f 3535/1726/1717 2149/1718/1709 325/1651/1643
f 1155/1733/1724 361/1835/1825 2871/1734/1725
f 358/1736/1727 2393/1724/1715 3536/1730/1721
f 327/1707/1698 2637/1728/1719 3536/1730/1721
f 3536/1730/1721 2393/1724/1715 326/1732/1723
f 1907/1738/1729 364/2791/2773 1664/1739/1730
f 360/1741/1732 2870/1697/1688 3537/1735/1726
f 329/1742/1733 1155/1733/1724 3537/1735/1726
f 3537/1735/1726 2870/1697/1688 328/1552/1544
f 1493/1743/1734 658/1607/1599 1239/1744/1735
f 363/1746/1737 1663/2912/2894 3538/1740/1731
f 332/1747/1738 1907/1738/1729 3538/1740/1731
f 3538/1740/1731 1663/2912/2894 331/1575/1567
f 2397/1748/1739 374/1859/1849 2154/1749/1740
f 657/1580/1572 1238/2857/2839 3539/1745/1736
f 626/1751/1742 1493/1743/1734 3539/1745/1736
f 3539/1745/1736 1238/2857/2839 625/1753/1744
f 1981/1754/1745 660/1601/1593 1738/1755/1746
f 373/1757/1748 2153/2922/2904 3540/1750/1741
f 342/1758/1749 2397/1748/1739 3540/1750/1741
f 3540/1750/1741 2153/2922/2904 341/1760/1751
f 2143/1761/1752 333/2891/2873 1900/1762/1753
f 659/1605/1597 1737/2944/2925 3541/1756/1747
f 628/1676/1667 1981/1754/1745 3541/1756/1747
f 3541/1756/1747 1737/2944/2925 627/1765/1756
f 1735/1766/1757 651/1508/1500 1492/1509/1501
f 332/1747/1738 1899/1566/1558 3542/1763/1754
f 301/1768/1759 2143/1761/1752 3542/1763/1754
f 3542/1763/1754 1899/1566/1558 300/1424/1416
f 2711/1769/1760 655/2911/2893 2468/1770/1761
f 650/1510/1502 1491/1703/1694 3543/1767/1758
f 619/1723/1714 1735/1766/1757 3543/1767/1758
f 3543/1767/1758 1491/1703/1694 618/1711/1702
f 2937/1773/1764 664/1617/1609 2714/1618/1610
f 654/1564/1556 2467/1682/1673 3544/1771/1762
f 623/1775/1766 2711/1769/1760 3544/1771/1762
f 3544/1771/1762 2467/1682/1673 622/1689/1680
f 1240/1777/1768 665/1627/1619 2938/1778/1769
f 663/1619/1611 2713/2919/2901 3545/1774/1765
f 632/1780/1771 2937/1773/1764 3545/1774/1765
f 3545/1774/1765 2713/2919/2901 631/1782/1773
f 2643/1783/1774 383/1667/1658 2400/1784/1775
f 664/1617/1609 2937/1773/1764 3546/1779/1770
f 633/1786/1777 1240/1777/1768 3546/1779/1770
f 3546/1779/1770 2937/1773/1764 632/1780/1771
f 1661/1788/1779 355/1863/1853 1418/1789/1780
f 382/1791/1782 2399/2896/2878 3547/1785/1776
f 351/1670/1661 2643/1783/1774 3547/1785/1776
f 3547/1785/1776 2399/2896/2878 350/1793/1784
f 1739/1794/1785 667/1630/1622 1496/1631/1623
f 354/1796/1787 1417/2851/2833 3548/1790/1781
f 323/1797/1788 1661/1788/1779 3548/1790/1781
f 3548/1790/1781 1417/2851/2833 322/1799/1790
f 1977/1800/1791 644/1519/1511 1734/1520/1512
f 666/1625/1617 1495/2938/2920 3549/1795/1786
f 635/1802/1793 1739/1794/1785 3549/1795/1786
f 3549/1795/1786 1495/2938/2920 634/1804/1795
f 2471/1805/1796 670/1646/1638 2228/1647/1639
f 643/1513/1505 1733/2927/2909 3550/1801/1792
f 612/1686/1677 1977/1800/1791 3550/1801/1792
f 3550/1801/1792 1733/2927/2909 611/1808/1799
f 1909/1809/1800 372/2818/2800 1666/1810/1801
f 669/1648/1640 2227/2883/2865 3551/1806/1797
f 638/1812/1803 2471/1805/1796 3551/1806/1797
f 3551/1806/1797 2227/2883/2865 637/1814/1805
f 2939/1815/1806 672/1657/1649 2716/1658/1650
f 371/1817/1808 1665/2903/2885 3552/1811/1802
f 340/1818/1809 1909/1809/1800 3552/1811/1802
f 3552/1811/1802 1665/2903/2885 339/1639/1631
f 1234/1819/1810 641/1663/1628 1242/1664/1655
f 671/1659/1651 2715/2799/2781 3553/1816/1807
f 640/1821/1812 2939/1815/1806 3553/1816/1807
f 3553/1816/1807 2715/2799/2781 639/1823/1814
f 1427/1824/1815 394/1896/1886 1165/1825/1816
f 1242/1664/1655 672/1657/1649 2939/1815/1806
f 609/1827/1687 1234/1819/1810 3554/1820/1811
f 3554/1820/1811 2939/1815/1806 640/1821/1812
f 1725/1829/1819 611/1808/1799 1482/1830/1820
f 393/1832/1822 1164/2780/2762 3555/1826/1817
f 362/1833/1823 1427/1824/1815 3555/1826/1817
f 3555/1826/1817 1164/2780/2762 361/1835/1825
f 1969/1836/1826 612/1686/1677 1726/1807/1798
f 610/1694/1685 1481/2782/2764 3556/1831/1821
f 579/1838/1828 1725/1829/1819 3556/1831/1821
f 3556/1831/1821 1481/2782/2764 578/1840/1830
f 2213/1841/1831 613/1684/1675 1970/1685/1676
f 611/1808/1799 1725/1829/1819 3557/1837/1827
f 580/1843/1833 1969/1836/1826 3557/1837/1827
f 3557/1837/1827 1725/1829/1819 579/1838/1828
f 1231/1845/1835 633/1786/1777 2931/1787/1778
f 612/1686/1677 1969/1836/1826 3558/1842/1832
f 581/1847/1837 2213/1841/1831 3558/1842/1832
f 3558/1842/1832 1969/1836/1826 580/1843/1833
f 2405/1849/1839 406/2146/2135 2162/1850/1840
f 632/1780/1771 2930/1940/1930 3559/1846/1836
f 601/1852/1842 1231/1845/1835 3559/1846/1836
f 3559/1846/1836 2930/1940/1930 600/1854/1844
f 1669/1855/1845 387/1933/1923 1426/1856/1846
f 405/1858/1848 2161/2812/2794 3560/1851/1841
f 374/1859/1849 2405/1849/1839 3560/1851/1841
f 3560/1851/1841 2161/2812/2794 373/1757/1748
f 2926/1860/1850 616/1700/1691 2702/1701/1692
f 386/1862/1852 1425/2756/2739 3561/1857/1847
f 355/1863/1853 1669/1855/1845 3561/1857/1847
f 3561/1857/1847 1425/2756/2739 354/1796/1787
f 2407/1864/1854 414/2050/2039 2164/1865/1855
f 615/1702/1693 2701/2794/2776 3562/1861/1851
f 584/1867/1857 2926/1860/1850 3562/1861/1851
f 3562/1861/1851 2701/2794/2776 583/1869/1859
f 1727/1870/1860 619/1723/1714 1484/1772/1763
f 413/1872/1862 2163/2837/2819 3563/1866/1856
f 382/1791/1782 2407/1864/1854 3563/1866/1856
f 3563/1866/1856 2163/2837/2819 381/1874/1864
f 2707/1875/1865 639/1823/1814 2464/1876/1866
f 618/1711/1702 1483/2805/2787 3564/1871/1861
f 587/1878/1868 1727/1870/1860 3564/1871/1861
f 3564/1871/1861 1483/2805/2787 586/1880/1870
f 2215/1881/1871 621/1691/1682 1972/1882/1872
f 638/1812/1803 2463/1972/1962 3565/1877/1867
f 607/1884/1874 2707/1875/1865 3565/1877/1867
f 3565/1877/1867 2463/1972/1962 606/1886/1876
f 1671/1887/1877 395/2697/2680 1428/1888/1878
f 620/1721/1712 1971/2789/2771 3566/1883/1873
f 589/1890/1880 2215/1881/1871 3566/1883/1873
f 3566/1883/1873 1971/2789/2771 588/1892/1882
f 2645/1893/1883 391/2671/2654 2402/1894/1884
f 394/1896/1886 1427/1824/1815 3567/1889/1879
f 363/1746/1737 1671/1887/1877 3567/1889/1879
f 3567/1889/1879 1427/1824/1815 362/1833/1823
f 2928/1898/1888 624/2771/2753 2704/1899/1889
f 390/1901/1891 2401/2772/2754 3568/1895/1885
f 359/1705/1696 2645/1893/1883 3568/1895/1885
f 3568/1895/1885 2401/2772/2754 358/1736/1727
f 2881/1902/1892 408/2118/2107 2650/1903/1893
f 623/1775/1766 2703/2835/2817 3569/1900/1890
f 592/1905/1895 2928/1898/1888 3569/1900/1890
f 3569/1900/1890 2703/2835/2817 591/1907/1897
f 1485/1908/1898 626/1751/1742 1230/1752/1743
f 407/1910/1900 2649/2819/2801 3570/1904/1894
f 376/1911/1901 2881/1902/1892 3570/1904/1894
f 3570/1904/1894 2649/2819/2801 375/1716/1707
f 2705/1912/1902 631/1782/1773 2462/1913/1903
f 625/1753/1744 1229/2763/2746 3571/1909/1899
f 594/1915/1905 1485/1908/1898 3571/1909/1899
f 3571/1909/1899 1229/2763/2746 593/1917/1907
f 1973/1918/1908 628/1676/1667 1730/1764/1755
f 630/1920/1910 2461/1930/1920 3572/1914/1904
f 599/1921/1911 2705/1912/1902 3572/1914/1904
f 3572/1914/1904 2461/1930/1920 598/1923/1913
f 1913/1924/1914 388/1942/1932 1670/1925/1915
f 627/1765/1756 1729/2848/2830 3573/1919/1909
f 596/1927/1917 1973/1918/1908 3573/1919/1909
f 3573/1919/1909 1729/2848/2830 595/1929/1919
f 2461/1930/1920 630/1920/1910 2218/1931/1921
f 387/1933/1923 1669/1855/1845 3574/1926/1916
f 356/1727/1718 1913/1924/1914 3574/1926/1916
f 3574/1926/1916 1669/1855/1845 355/1863/1853
f 2157/1935/1925 389/2679/2662 1914/1936/1926
f 629/1674/1665 2217/2815/2797 3575/1932/1922
f 598/1923/1913 2461/1930/1920 3575/1932/1922
f 3575/1932/1922 2217/2815/2797 597/1939/1929
f 2930/1940/1930 632/1780/1771 2706/1781/1772
f 388/1942/1932 1913/1924/1914 3576/1937/1927
f 357/1731/1722 2157/1935/1925 3576/1937/1927
f 3576/1937/1927 1913/1924/1914 356/1727/1718
f 1429/1943/1933 402/2718/2701 1167/1944/1934
f 631/1782/1773 2705/1912/1902 3577/1941/1931
f 600/1854/1844 2930/1940/1930 3577/1941/1931
f 3577/1941/1931 2705/1912/1902 599/1921/1911
f 2879/1947/1937 400/2713/2696 2648/1948/1938
f 401/1950/1940 1166/2803/2785 3578/1945/1935
f 370/1951/1941 1429/1943/1933 3578/1945/1935
f 3578/1945/1935 1166/2803/2785 369/1953/1943
f 1731/1954/1944 635/1802/1793 1488/1803/1794
f 399/1956/1946 2647/2774/2756 3579/1949/1939
f 368/1679/1670 2879/1947/1937 3579/1949/1939
f 3579/1949/1939 2647/2774/2756 367/1958/1948
f 1675/1959/1949 411/1974/1964 1432/1960/1950
f 634/1804/1795 1487/1977/1967 3580/1955/1945
f 603/1962/1952 1731/1954/1944 3580/1955/1945
f 3580/1955/1945 1487/1977/1967 602/1964/1954
f 1919/1965/1955 412/2010/1999 1676/1966/1956
f 410/1968/1958 1431/2827/2809 3581/1961/1951
f 379/1969/1959 1675/1959/1949 3581/1961/1951
f 3581/1961/1951 1431/2827/2809 378/1971/1961
f 2463/1972/1962 638/1812/1803 2220/1813/1804
f 411/1974/1964 1675/1959/1949 3582/1967/1957
f 380/1975/1965 1919/1965/1955 3582/1967/1957
f 3582/1967/1957 1675/1959/1949 379/1969/1959
f 1487/1977/1967 634/1804/1795 1232/1978/1968
f 637/1814/1805 2219/2839/2821 3583/1973/1963
f 606/1886/1876 2463/1972/1962 3583/1973/1963
f 3583/1973/1963 2219/2839/2821 605/1981/1971
f 2932/1982/1972 640/1821/1812 2708/1822/1813
f 633/1786/1777 1231/1845/1835 3584/1979/1969
f 602/1964/1954 1487/1977/1967 3584/1979/1969
f 3584/1979/1969 1231/1845/1835 601/1852/1842
f 1225/1985/1975 609/1827/1687 1233/1828/1818
f 639/1823/1814 2707/1875/1865 3585/1983/1973
f 608/1987/1977 2932/1982/1972 3585/1983/1973
f 3585/1983/1973 2707/1875/1865 607/1884/1874
f 1473/1989/1979 578/1840/1830 1217/1990/1980
f 1233/1828/1818 640/1821/1812 2932/1982/1972
f 577/1992/1982 1225/1985/1975 3586/1986/1976
f 3586/1986/1976 2932/1982/1972 608/1987/1977
f 1477/1994/1984 594/1915/1905 1221/1916/1906
f 577/1996/1982 1216/4340/2136 3587/1991/1981
f 546/1997/1986 1473/1989/1979 3587/1991/1981
f 3587/1991/1981 1216/4340/2136 545/1999/1988
f 1927/2000/1989 444/2606/2589 1684/2001/1990
f 593/1917/1907 1220/2071/2060 3588/1995/1985
f 562/2003/1992 1477/1994/1984 3588/1995/1985
f 3588/1995/1985 1220/2071/2060 561/2005/1994
f 2167/2006/1995 429/2176/2164 1924/2007/1996
f 443/2009/1998 1683/2738/2721 3589/2002/1991
f 412/2010/1999 1927/2000/1989 3589/2002/1991
f 3589/2002/1991 1683/2738/2721 411/1974/1964
f 2449/2011/2000 582/2026/2015 2206/2012/2001
f 428/2014/2003 1923/2698/2681 3590/2008/1997
f 397/2015/2004 2167/2006/1995 3590/2008/1997
f 3590/2008/1997 1923/2698/2681 396/2017/2006
f 2693/2018/2007 583/1869/1859 2450/2019/2008
f 581/1847/1837 2205/2722/2705 3591/2013/2002
f 550/2021/2010 2449/2011/2000 3591/2013/2002
f 3591/2013/2002 2205/2722/2705 549/2023/2012
f 2919/2024/2013 584/1867/1857 2694/1868/1858
f 582/2026/2015 2449/2011/2000 3592/2020/2009
f 551/2027/2016 2693/2018/2007 3592/2020/2009
f 3592/2020/2009 2449/2011/2000 550/2021/2010
f 1723/2029/2018 603/1962/1952 1480/1963/1953
f 583/1869/1859 2693/2018/2007 3593/2025/2014
f 552/2031/2020 2919/2024/2013 3593/2025/2014
f 3593/2025/2014 2693/2018/2007 551/2027/2016
f 1475/2033/2022 586/1880/1870 1219/2034/2023
f 602/1964/1954 1479/2680/2663 3594/2030/2019
f 571/2036/2025 1723/2029/2018 3594/2030/2019
f 3594/2030/2019 1479/2680/2663 570/2038/2027
f 2415/2039/2028 446/2205/2192 2172/2040/2029
f 585/2042/2031 1218/2710/2693 3595/2035/2024
f 554/2043/2032 1475/2033/2022 3595/2035/2024
f 3595/2035/2024 1218/2710/2693 553/2045/2034
f 1963/2046/2035 588/1892/1882 1720/2047/2036
f 445/2049/2038 2171/2727/2710 3596/2041/2030
f 414/2050/2039 2415/2039/2028 3596/2041/2030
f 3596/2041/2030 2171/2727/2710 413/1872/1862
f 2207/2051/2040 589/1890/1880 1964/1891/1881
f 587/1878/1868 1719/2097/2086 3597/2048/2037
f 556/2053/2042 1963/2046/2035 3597/2048/2037
f 3597/2048/2037 1719/2097/2086 555/2055/2044
f 2921/2056/2045 592/1905/1895 2696/1906/1896
f 588/1892/1882 1963/2046/2035 3598/2052/2041
f 557/2058/2047 2207/2051/2040 3598/2052/2041
f 3598/2052/2041 1963/2046/2035 556/2053/2042
f 2695/2060/2049 591/1907/1897 2452/2061/2050
f 591/1907/1897 2695/2060/2049 3599/2057/2046
f 560/2063/2052 2921/2056/2045 3599/2057/2046
f 3599/2057/2046 2695/2060/2049 559/2065/2054
f 2453/2066/2055 598/1923/1913 2210/1938/1928
f 590/2068/2057 2451/2741/2724 3600/2062/2051
f 559/2065/2054 2695/2060/2049 3600/2062/2051
f 3600/2062/2051 2451/2741/2724 558/2070/2059
f 1220/2071/2060 593/1917/1907 2922/2072/2061
f 597/1939/1929 2209/2744/2727 3601/2067/2056
f 566/2074/2063 2453/2066/2055 3601/2067/2056
f 3601/2067/2056 2209/2744/2727 565/2076/2065
f 1721/2077/2066 595/1929/1919 1478/2078/2067
f 592/1905/1895 2921/2056/2045 3602/2073/2062
f 561/2005/1994 1220/2071/2060 3602/2073/2062
f 3602/2073/2062 2921/2056/2045 560/2063/2052
f 1171/2081/2070 417/2349/2187 1179/2082/2071
f 594/1915/1905 1477/1994/1984 3603/2079/2068
f 563/2084/2073 1721/2077/2066 3603/2079/2068
f 3603/2079/2068 1477/1994/1984 562/2003/1992
f 1965/2086/2075 596/1927/1917 1722/1928/1918
f 1179/2082/2071 448/2350/2336 2890/2088/2077
f 385/2089/2078 1171/2081/2070 3604/2083/2072
f 3604/2083/2072 2890/2088/2077 416/2091/2080
f 2211/2092/2081 605/1981/1971 1968/2093/2082
f 595/1929/1919 1721/2077/2066 3605/2087/2076
f 564/2095/2084 1965/2086/2075 3605/2087/2076
f 3605/2087/2076 1721/2077/2066 563/2084/2073
f 1719/2097/2086 587/1878/1868 1476/1879/1869
f 604/2099/2088 1967/2125/2114 3606/2094/2083
f 573/2100/2089 2211/2092/2081 3606/2094/2083
f 3606/2094/2083 1967/2125/2114 572/2102/2091
f 2697/2103/2092 599/1921/1911 2454/1922/1912
f 586/1880/1870 1475/2033/2022 3607/2098/2087
f 555/2055/2044 1719/2097/2086 3607/2098/2087
f 3607/2098/2087 1475/2033/2022 554/2043/2032
f 2923/2106/2095 600/1854/1844 2698/1946/1936
f 598/1923/1913 2453/2066/2055 3608/2104/2093
f 567/2108/2097 2697/2103/2092 3608/2104/2093
f 3608/2104/2093 2453/2066/2055 566/2074/2063
f 2888/2110/2099 440/2269/2256 2658/2111/2100
f 599/1921/1911 2697/2103/2092 3609/2107/2096
f 568/2113/2102 2923/2106/2095 3609/2107/2096
f 3609/2107/2096 2697/2103/2092 567/2108/2097
f 2699/2115/2104 607/1884/1874 2456/1885/1875
f 439/2117/2106 2657/2138/2127 3610/2112/2101
f 408/2118/2107 2888/2110/2099 3610/2112/2101
f 3610/2112/2101 2657/2138/2127 407/1910/1900
f 1435/2119/2108 426/2598/2581 1174/2120/2109
f 606/1886/1876 2455/2133/2122 3611/2116/2105
f 575/2122/2111 2699/2115/2104 3611/2116/2105
f 3611/2116/2105 2455/2133/2122 574/2124/2113
f 1967/2125/2114 604/2099/2088 1724/2126/2115
f 425/2128/2117 1173/2684/2667 3612/2121/2110
f 394/1896/1886 1435/2119/2108 3612/2121/2110
f 3612/2121/2110 1173/2684/2667 393/1832/1822
f 2169/2129/2118 437/2288/2275 1926/2130/2119
f 603/1962/1952 1723/2029/2018 3613/2127/2116
f 572/2102/2091 1967/2125/2114 3613/2127/2116
f 3613/2127/2116 1723/2029/2018 571/2036/2025
f 2455/2133/2122 606/1886/1876 2212/1980/1970
f 436/2135/2124 1925/2695/2678 3614/2131/2120
f 405/1858/1848 2169/2129/2118 3614/2131/2120
f 3614/2131/2120 1925/2695/2678 404/2137/2126
f 2657/2138/2127 439/2117/2106 2414/2139/2128
f 605/1981/1971 2211/2092/2081 3615/2134/2123
f 574/2124/2113 2455/2133/2122 3615/2134/2123
f 3615/2134/2123 2211/2092/2081 573/2100/2089
f 2925/2142/2131 608/1987/1977 2700/1988/1978
f 438/2144/2133 2413/2725/2708 3616/2140/2129
f 407/1910/1900 2657/2138/2127 3616/2140/2129
f 3616/2140/2129 2413/2725/2708 406/2146/2135
f 1216/2147/2136 577/1992/1982 1224/1993/1983
f 607/1884/1874 2699/2115/2104 3617/2143/2132
f 576/2149/2138 2925/2142/2131 3617/2143/2132
f 3617/2143/2132 2699/2115/2104 575/2122/2111
f 1467/2151/2140 554/2043/2032 1210/2044/2033
f 1224/1993/1983 608/1987/1977 2925/2142/2131
f 545/2153/1988 1216/2147/2136 3618/2148/2137
f 3618/2148/2137 2925/2142/2131 576/2149/2138
f 1715/2155/2143 571/2036/2025 1472/2037/2026
f 553/2045/2034 1209/2186/2174 3619/2152/2141
f 522/2157/2145 1467/2151/2140 3619/2152/2141
f 3619/2152/2141 1209/2186/2174 521/2159/2147
f 1953/2160/2148 548/2631/2614 1710/2161/2149
f 570/2038/2027 1471/2254/2241 3620/2156/2144
f 539/2163/2151 1715/2155/2143 3620/2156/2144
f 3620/2156/2144 1471/2254/2241 538/2165/2153
f 2175/2166/2154 461/2334/2321 1932/2167/2155
f 547/2169/2157 1709/2270/2257 3621/2162/2150
f 516/2170/2158 1953/2160/2148 3621/2162/2150
f 3621/2162/2150 1709/2270/2257 515/2172/2160
f 2441/2173/2161 550/2021/2010 2198/2022/2011
f 460/2175/2163 1931/2653/2636 3622/2168/2156
f 429/2176/2164 2175/2166/2154 3622/2168/2156
f 3622/2168/2156 1931/2653/2636 428/2014/2003
f 2665/2177/2165 471/2268/2255 2422/2178/2166
f 549/2023/2012 2197/2626/2609 3623/2174/2162
f 518/2180/2168 2441/2173/2161 3623/2174/2162
f 3623/2174/2162 2197/2626/2609 517/2182/2170
f 2912/2183/2171 552/2031/2020 2686/2032/2021
f 470/2185/2173 2421/2661/2644 3624/2179/2167
f 439/2117/2106 2665/2177/2165 3624/2179/2167
f 3624/2179/2167 2421/2661/2644 438/2144/2133
f 1209/2186/2174 553/2045/2034 2913/2187/2175
f 551/2027/2016 2685/2216/2203 3625/2184/2172
f 520/2189/2177 2912/2183/2171 3625/2184/2172
f 3625/2184/2172 2685/2216/2203 519/2191/2179
f 1433/2192/2180 418/2566/2549 1172/2193/2181
f 552/2031/2020 2912/2183/2171 3626/2188/2176
f 521/2159/2147 1209/2186/2174 3626/2188/2176
f 3626/2188/2176 2912/2183/2171 520/2189/2177
f 2423/2196/2184 478/2555/2538 2180/2197/2185
f 417/2199/2187 1171/4341/2070 3627/2194/2182
f 386/1862/1852 1433/2192/2180 3627/2194/2182
f 3627/2194/2182 1171/4341/2070 385/2201/2078
f 1955/2202/2189 556/2053/2042 1712/2054/2043
f 477/2204/2191 2179/2599/2582 3628/2198/2186
f 446/2205/2192 2423/2196/2184 3628/2198/2186
f 3628/2198/2186 2179/2599/2582 445/2049/2038
f 2199/2206/2193 557/2058/2047 1956/2059/2048
f 555/2055/2044 1711/2607/2590 3629/2203/2190
f 524/2208/2195 1955/2202/2189 3629/2203/2190
f 3629/2203/2190 1711/2607/2590 523/2210/2197
f 2443/2211/2198 558/2070/2059 2200/2212/2199
f 556/2053/2042 1955/2202/2189 3630/2207/2194
f 525/2214/2201 2199/2206/2193 3630/2207/2194
f 3630/2207/2194 1955/2202/2189 524/2208/2195
f 2685/2216/2203 551/2027/2016 2442/2028/2017
f 557/2058/2047 2199/2206/2193 3631/2213/2200
f 526/2218/2205 2443/2211/2198 3631/2213/2200
f 3631/2213/2200 2199/2206/2193 525/2214/2201
f 2687/2220/2207 559/2065/2054 2444/2069/2058
f 550/2021/2010 2441/2173/2161 3632/2217/2204
f 519/2191/2179 2685/2216/2203 3632/2217/2204
f 3632/2217/2204 2441/2173/2161 518/2180/2168
f 1211/2223/2210 561/2005/1994 2915/2080/2069
f 558/2070/2059 2443/2211/2198 3633/2221/2208
f 527/2225/2212 2687/2220/2207 3633/2221/2208
f 3633/2221/2208 2443/2211/2198 526/2218/2205
f 1469/2227/2214 562/2003/1992 1212/2004/1993
f 560/2063/2052 2914/2618/2601 3634/2224/2211
f 529/2229/2216 1211/2223/2210 3634/2224/2211
f 3634/2224/2211 2914/2618/2601 528/2231/2218
f 1713/2232/2219 563/2084/2073 1470/2085/2074
f 561/2005/1994 1211/2223/2210 3635/2228/2215
f 530/2234/2221 1469/2227/2214 3635/2228/2215
f 3635/2228/2215 1211/2223/2210 529/2229/2216
f 1957/2236/2223 564/2095/2084 1714/2096/2085
f 562/2003/1992 1469/2227/2214 3636/2233/2220
f 531/2238/2225 1713/2232/2219 3636/2233/2220
f 3636/2233/2220 1469/2227/2214 530/2234/2221
f 2201/2240/2227 565/2076/2065 1958/2241/2228
f 563/2084/2073 1713/2232/2219 3637/2237/2224
f 532/2243/2230 1957/2236/2223 3637/2237/2224
f 3637/2237/2224 1713/2232/2219 531/2238/2225
f 2445/2245/2232 566/2074/2063 2202/2075/2064
f 564/2095/2084 1957/2236/2223 3638/2242/2229
f 533/2247/2234 2201/2240/2227 3638/2242/2229
f 3638/2242/2229 1957/2236/2223 532/2243/2230
f 1213/2249/2236 569/2263/2250 2917/2250/2237
f 565/2076/2065 2201/2240/2227 3639/2246/2233
f 534/2252/2239 2445/2245/2232 3639/2246/2233
f 3639/2246/2233 2201/2240/2227 533/2247/2234
f 1471/2254/2241 570/2038/2027 1214/2255/2242
f 568/2113/2102 2916/2641/2624 3640/2251/2238
f 537/2257/2244 1213/2249/2236 3640/2251/2238
f 3640/2251/2238 2916/2641/2624 536/2259/2246
f 2895/2260/2247 472/2377/2363 2666/2261/2248
f 569/2263/2250 1213/2249/2236 3641/2256/2243
f 538/2165/2153 1471/2254/2241 3641/2256/2243
f 3641/2256/2243 1213/2249/2236 537/2257/2244
f 1182/2265/2252 457/2489/2473 2892/2266/2253
f 471/2268/2255 2665/2177/2165 3642/2262/2249
f 440/2269/2256 2895/2260/2247 3642/2262/2249
f 3642/2262/2249 2665/2177/2165 439/2117/2106
f 1709/2270/2257 547/2169/2157 1466/2271/2258
f 456/2273/2260 2891/2567/2550 3643/2267/2254
f 425/2128/2117 1182/2265/2252 3643/2267/2254
f 3643/2267/2254 2891/2567/2550 424/2275/2262
f 1959/2276/2263 572/2102/2091 1716/2132/2121
f 546/1997/1986 1465/2659/2642 3644/2272/2259
f 515/2172/2160 1709/2270/2257 3644/2272/2259
f 3644/2272/2259 1465/2659/2642 514/2279/2266
f 2177/2280/2267 469/2508/2491 1934/2281/2268
f 571/2036/2025 1715/2155/2143 3645/2277/2264
f 540/2283/2270 1959/2276/2263 3645/2277/2264
f 3645/2277/2264 1715/2155/2143 539/2163/2151
f 2447/2285/2272 574/2124/2113 2204/2141/2130
f 468/2287/2274 1933/2650/2633 3646/2282/2269
f 437/2288/2275 2177/2280/2267 3646/2282/2269
f 3646/2282/2269 1933/2650/2633 436/2135/2124
f 2691/2289/2276 575/2122/2111 2448/2123/2112
f 573/2100/2089 2203/2622/2605 3647/2286/2273
f 542/2291/2278 2447/2285/2272 3647/2286/2273
f 3647/2286/2273 2203/2622/2605 541/2293/2280
f 2918/2294/2281 576/2149/2138 2692/2150/2139
f 574/2124/2113 2447/2285/2272 3648/2290/2277
f 543/2296/2283 2691/2289/2276 3648/2290/2277
f 3648/2290/2277 2447/2285/2272 542/2291/2278
f 1207/2298/2285 545/2153/1988 1215/2154/2142
f 575/2122/2111 2691/2289/2276 3649/2295/2282
f 544/2300/2287 2918/2294/2281 3649/2295/2282
f 3649/2295/2282 2691/2289/2276 543/2296/2283
f 1453/2302/2289 498/2359/2345 1194/2303/2290
f 1215/2154/2142 576/2149/2138 2918/2294/2281
f 513/2305/2292 1207/2298/2285 3650/2299/2286
f 3650/2299/2286 2918/2294/2281 544/2300/2287
f 2439/2307/2294 542/2291/2278 2196/2292/2279
f 497/2309/2296 1193/2515/2498 3651/2304/2291
f 466/2310/2297 1453/2302/2289 3651/2304/2291
f 3651/2304/2291 1193/2515/2498 465/2312/2299
f 1945/2313/2300 516/2170/2158 1702/2171/2159
f 541/2293/2280 2195/2441/2427 3652/2308/2295
f 510/2315/2302 2439/2307/2294 3652/2308/2295
f 3652/2308/2295 2195/2441/2427 509/2317/2304
f 1951/2318/2305 540/2283/2270 1708/2284/2271
f 515/2172/2160 1701/2428/2414 3653/2314/2301
f 484/2320/2307 1945/2313/2300 3653/2314/2301
f 3653/2314/2301 1701/2428/2414 483/2322/2309
f 2427/2323/2310 494/2339/2326 2184/2324/2311
f 539/2163/2151 1707/2437/2423 3654/2319/2306
f 508/2326/2313 1951/2318/2305 3654/2319/2306
f 3654/2319/2306 1707/2437/2423 507/2328/2315
f 2679/2329/2316 527/2225/2212 2436/2226/2213
f 493/2331/2318 2183/2523/2506 3655/2325/2312
f 462/2332/2319 2427/2323/2310 3655/2325/2312
f 3655/2325/2312 2183/2523/2506 461/2334/2321
f 2905/2335/2322 520/2189/2177 2678/2190/2178
f 526/2218/2205 2435/2472/2458 3656/2330/2317
f 495/2337/2324 2679/2329/2316 3656/2330/2317
f 3656/2330/2317 2435/2472/2458 494/2339/2326
f 1180/2340/2327 449/2485/2467 1188/2341/2328
f 519/2191/2179 2677/2505/2488 3657/2336/2323
f 488/2343/2330 2905/2335/2322 3657/2336/2323
f 3657/2336/2323 2677/2505/2488 487/2345/2332
f 1459/2346/2333 522/2157/2145 1201/2158/2146
f 1188/2341/2328 480/2469/2455 2897/2348/2335
f 417/2349/2187 1180/2340/2327 3658/2342/2329
f 3658/2342/2329 2897/2348/2335 448/2350/2336
f 1697/2351/2337 499/2398/2384 1454/2352/2338
f 521/2159/2147 1200/2423/2409 3659/2347/2334
f 490/2354/2340 1459/2346/2333 3659/2347/2334
f 3659/2347/2334 1200/2423/2409 489/2356/2342
f 1947/2357/2343 524/2208/2195 1704/2209/2196
f 498/2359/2345 1453/2302/2289 3660/2353/2339
f 467/2360/2346 1697/2351/2337 3660/2353/2339
f 3660/2353/2339 1453/2302/2289 466/2310/2297
f 2191/2362/2348 525/2214/2201 1948/2215/2202
f 523/2210/2197 1703/2559/2542 3661/2358/2344
f 492/2364/2350 1947/2357/2343 3661/2358/2344
f 3661/2358/2344 1703/2559/2542 491/2366/2352
f 1195/2367/2353 505/2403/2389 2903/2368/2354
f 524/2208/2195 1947/2357/2343 3662/2363/2349
f 493/2331/2318 2191/2362/2348 3662/2363/2349
f 3662/2363/2349 1947/2357/2343 492/2364/2350
f 2669/2371/2357 487/2345/2332 2426/2372/2358
f 504/2374/2360 2902/2389/2375 3663/2369/2355
f 473/2375/2361 1195/2367/2353 3663/2369/2355
f 3663/2369/2355 2902/2389/2375 472/2377/2363
f 1202/2378/2364 529/2229/2216 2908/2230/2217
f 486/2380/2366 2425/2404/2390 3664/2373/2359
f 455/2381/2367 2669/2371/2357 3664/2373/2359
f 3664/2373/2359 2425/2404/2390 454/2383/2369
f 2907/2384/2370 528/2231/2218 2680/2385/2371
f 528/2231/2218 2907/2384/2370 3665/2379/2365
f 497/2309/2296 1202/2378/2364 3665/2379/2365
f 3665/2379/2365 2907/2384/2370 496/2388/2374
f 2902/2389/2375 504/2374/2360 2674/2390/2376
f 527/2225/2212 2679/2329/2316 3666/2386/2372
f 496/2388/2374 2907/2384/2370 3666/2386/2372
f 3666/2386/2372 2679/2329/2316 495/2337/2324
f 1705/2393/2379 531/2238/2225 1462/2239/2226
f 503/2395/2381 2673/2528/2511 3667/2391/2377
f 472/2377/2363 2902/2389/2375 3667/2391/2377
f 3667/2391/2377 2673/2528/2511 471/2268/2255
f 1463/2396/2382 538/2165/2153 1205/2264/2251
f 530/2234/2221 1461/2530/2513 3668/2394/2380
f 499/2398/2384 1705/2393/2379 3668/2394/2380
f 3668/2394/2380 1461/2530/2513 498/2359/2345
f 2193/2399/2385 533/2247/2234 1950/2248/2235
f 537/2257/2244 1204/2420/2406 3669/2397/2383
f 506/2401/2387 1463/2396/2382 3669/2397/2383
f 3669/2397/2383 1204/2420/2406 505/2403/2389
f 2425/2404/2390 486/2380/2366 2182/2405/2391
f 532/2243/2230 1949/2498/2482 3670/2400/2386
f 501/2407/2393 2193/2399/2385 3670/2400/2386
f 3670/2400/2386 1949/2498/2482 500/2409/2395
f 2671/2410/2396 495/2337/2324 2428/2338/2325
f 485/2412/2398 2181/2466/2452 3671/2406/2392
f 454/2383/2369 2425/2404/2390 3671/2406/2392
f 3671/2406/2392 2181/2466/2452 453/2414/2400
f 2909/2415/2401 536/2259/2246 2682/2416/2402
f 494/2339/2326 2427/2323/2310 3672/2411/2397
f 463/2418/2404 2671/2410/2396 3672/2411/2397
f 3672/2411/2397 2427/2323/2310 462/2332/2319
f 1204/2420/2406 537/2257/2244 2910/2258/2245
f 535/2422/2408 2681/2453/2439 3673/2417/2403
f 504/2374/2360 2909/2415/2401 3673/2417/2403
f 3673/2417/2403 2681/2453/2439 503/2395/2381
f 1200/2423/2409 521/2159/2147 2906/2195/2183
f 536/2259/2246 2909/2415/2401 3674/2421/2407
f 505/2403/2389 1204/2420/2406 3674/2421/2407
f 3674/2421/2407 2909/2415/2401 504/2374/2360
f 1937/2425/2411 484/2320/2307 1694/2321/2308
f 520/2189/2177 2905/2335/2322 3675/2424/2410
f 489/2356/2342 1200/2423/2409 3675/2424/2410
f 3675/2424/2410 2905/2335/2322 488/2343/2330
f 1701/2428/2414 515/2172/2160 1458/2278/2265
f 483/2322/2309 1693/2458/2444 3676/2426/2412
f 452/2430/2416 1937/2425/2411 3676/2426/2412
f 3676/2426/2412 1693/2458/2444 451/2432/2418
f 1939/2433/2419 492/2364/2350 1696/2365/2351
f 514/2279/2266 1457/2493/2477 3677/2429/2415
f 483/2322/2309 1701/2428/2414 3677/2429/2415
f 3677/2429/2415 1457/2493/2477 482/2436/2422
f 1707/2437/2423 539/2163/2151 1464/2164/2152
f 491/2366/2352 1695/2490/2474 3678/2434/2420
f 460/2175/2163 1939/2433/2419 3678/2434/2420
f 3678/2434/2420 1695/2490/2474 459/2440/2426
f 2195/2441/2427 541/2293/2280 1952/2442/2428
f 538/2165/2153 1463/2396/2382 3679/2438/2424
f 507/2328/2315 1707/2437/2423 3679/2438/2424
f 3679/2438/2424 1463/2396/2382 506/2401/2387
f 2911/2445/2431 544/2300/2287 2684/2301/2288
f 540/2283/2270 1951/2318/2305 3680/2443/2429
f 509/2317/2304 2195/2441/2427 3680/2443/2429
f 3680/2443/2429 1951/2318/2305 508/2326/2313
f 1198/2448/2434 513/2305/2292 1206/2306/2293
f 543/2296/2283 2683/3931/3901 3681/2446/2432
f 512/2450/2436 2911/2445/2431 3681/2446/2432
f 3681/2446/2432 2683/3931/3901 511/2452/2438
f 2681/2453/2439 535/2422/2408 2438/2454/2440
f 1206/2306/2293 544/2300/2287 2911/2445/2431
f 481/2456/2442 1198/2448/2434 3682/2449/2435
f 3682/2449/2435 2911/2445/2431 512/2450/2436
f 1693/2458/2444 483/2322/2309 1450/2435/2421
f 534/2252/2239 2437/2518/2501 3683/2455/2441
f 503/2395/2381 2681/2453/2439 3683/2455/2441
f 3683/2455/2441 2437/2518/2501 502/2461/2447
f 2904/2462/2448 512/2450/2436 2676/2451/2437
f 482/2436/2422 1449/2475/2461 3684/2459/2445
f 451/2432/2418 1693/2458/2444 3684/2459/2445
f 3684/2459/2445 1449/2475/2461 450/2465/2451
f 2181/2466/2452 485/2412/2398 1938/2467/2453
f 511/2452/2438 2675/2552/2535 3685/2463/2449
f 480/2469/2455 2904/2462/2448 3685/2463/2449
f 3685/2463/2449 2675/2552/2535 479/2471/2457
f 2435/2472/2458 526/2218/2205 2192/2219/2206
f 484/2320/2307 1937/2425/2411 3686/2468/2454
f 453/2414/2400 2181/2466/2452 3686/2468/2454
f 3686/2468/2454 1937/2425/2411 452/2430/2416
f 1449/2475/2461 482/2436/2422 1190/2476/2462
f 525/2214/2201 2191/2362/2348 3687/2473/2459
f 494/2339/2326 2435/2472/2458 3687/2473/2459
f 3687/2473/2459 2191/2362/2348 493/2331/2318
f 1189/2478/2464 481/2456/2442 1197/2457/2443
f 481/2480/2442 1189/4342/2464 3688/2477/2463
f 450/2465/2451 1449/2475/2461 3688/2477/2463
f 3688/2477/2463 1189/4342/2464 449/2482/2467
f 1191/2483/2468 489/2356/2342 2899/2427/2413
f 1197/2457/2443 512/2450/2436 2904/2462/2448
f 449/2485/2467 1189/2478/2464 3689/2479/2465
f 3689/2479/2465 2904/2462/2448 480/2469/2455
f 2189/2486/2470 517/2182/2170 1946/2487/2471
f 488/2343/2330 2898/2511/2494 3690/2484/2469
f 457/2489/2473 1191/2483/2468 3690/2484/2469
f 3690/2484/2469 2898/2511/2494 456/2273/2260
f 1695/2490/2474 491/2366/2352 1452/2491/2475
f 516/2170/2158 1945/2313/2300 3691/2488/2472
f 485/2412/2398 2189/2486/2470 3691/2488/2472
f 3691/2488/2472 1945/2313/2300 484/2320/2307
f 1457/2493/2477 514/2279/2266 1199/2494/2478
f 490/2354/2340 1451/2532/2515 3692/2492/2476
f 459/2440/2426 1695/2490/2474 3692/2492/2476
f 3692/2492/2476 1451/2532/2515 458/2497/2481
f 1949/2498/2482 532/2243/2230 1706/2244/2231
f 513/2500/2292 1198/4343/2434 3693/2495/2479
f 482/2436/2422 1457/2493/2477 3693/2495/2479
f 3693/2495/2479 1198/4343/2434 481/2480/2442
f 2429/2501/2484 502/2461/2447 2186/2502/2485
f 531/2238/2225 1705/2393/2379 3694/2499/2483
f 500/2409/2395 1949/2498/2482 3694/2499/2483
f 3694/2499/2483 1705/2393/2379 499/2398/2384
f 2677/2505/2488 519/2191/2179 2434/2222/2209
f 501/2407/2393 2185/2556/2539 3695/2503/2486
f 470/2185/2173 2429/2501/2484 3695/2503/2486
f 3695/2503/2486 2185/2556/2539 469/2508/2491
f 2900/2509/2492 496/2388/2374 2672/2392/2378
f 518/2180/2168 2433/2526/2509 3696/2506/2489
f 487/2345/2332 2677/2505/2488 3696/2506/2489
f 3696/2506/2489 2433/2526/2509 486/2380/2366
f 2898/2511/2494 488/2343/2330 2670/2344/2331
f 495/2337/2324 2671/2410/2396 3697/2510/2493
f 464/2513/2496 2900/2509/2492 3697/2510/2493
f 3697/2510/2493 2671/2410/2396 463/2418/2404
f 1193/2515/2498 497/2309/2296 2901/2387/2373
f 487/2345/2332 2669/2371/2357 3698/2512/2495
f 456/2273/2260 2898/2511/2494 3698/2512/2495
f 3698/2512/2495 2669/2371/2357 455/2381/2367
f 2437/2518/2501 534/2252/2239 2194/2253/2240
f 496/2388/2374 2900/2509/2492 3699/2516/2499
f 465/2312/2299 1193/2515/2498 3699/2516/2499
f 3699/2516/2499 2900/2509/2492 464/2513/2496
f 1941/2521/2504 500/2409/2395 1698/2504/2487
f 533/2247/2234 2193/2399/2385 3700/2519/2502
f 502/2461/2447 2437/2518/2501 3700/2519/2502
f 3700/2519/2502 2193/2399/2385 501/2407/2393
f 2183/2523/2506 493/2331/2318 1940/2370/2356
f 499/2398/2384 1697/2351/2337 3701/2522/2505
f 468/2287/2274 1941/2521/2504 3701/2522/2505
f 3701/2522/2505 1697/2351/2337 467/2360/2346
f 2433/2526/2509 518/2180/2168 2190/2181/2169
f 492/2364/2350 1939/2433/2419 3702/2524/2507
f 461/2334/2321 2183/2523/2506 3702/2524/2507
f 3702/2524/2507 1939/2433/2419 460/2175/2163
f 2673/2528/2511 503/2395/2381 2430/2460/2446
f 517/2182/2170 2189/2486/2470 3703/2527/2510
f 486/2380/2366 2433/2526/2509 3703/2527/2510
f 3703/2527/2510 2189/2486/2470 485/2412/2398
f 1461/2530/2513 530/2234/2221 1203/2235/2222
f 502/2461/2447 2429/2501/2484 3704/2529/2512
f 471/2268/2255 2673/2528/2511 3704/2529/2512
f 3704/2529/2512 2429/2501/2484 470/2185/2173
f 1451/2532/2515 490/2354/2340 1192/2355/2341
f 529/2229/2216 1202/2378/2364 3705/2531/2514
f 498/2359/2345 1461/2530/2513 3705/2531/2514
f 3705/2531/2514 1202/2378/2364 497/2309/2296
f 1455/2534/2517 506/2401/2387 1196/2402/2388
f 489/2356/2342 1191/2483/2468 3706/2533/2516
f 458/2497/2481 1451/2532/2515 3706/2533/2516
f 3706/2533/2516 1191/2483/2468 457/2489/2473
f 1699/2537/2520 507/2328/2315 1456/2444/2430
f 505/2403/2389 1195/2367/2353 3707/2535/2518
f 474/2539/2522 1455/2534/2517 3707/2535/2518
f 3707/2535/2518 1195/2367/2353 473/2375/2361
f 1943/2541/2524 508/2326/2313 1700/2327/2314
f 506/2401/2387 1455/2534/2517 3708/2538/2521
f 475/2543/2526 1699/2537/2520 3708/2538/2521
f 3708/2538/2521 1455/2534/2517 474/2539/2522
f 2187/2545/2528 509/2317/2304 1944/2447/2433
f 507/2328/2315 1699/2537/2520 3709/2542/2525
f 476/2547/2530 1943/2541/2524 3709/2542/2525
f 3709/2542/2525 1699/2537/2520 475/2543/2526
f 2431/2549/2532 510/2315/2302 2188/2316/2303
f 508/2326/2313 1943/2541/2524 3710/2546/2529
f 477/2204/2191 2187/2545/2528 3710/2546/2529
f 3710/2546/2529 1943/2541/2524 476/2547/2530
f 2675/2552/2535 511/2452/2438 2432/2553/2536
f 509/2317/2304 2187/2545/2528 3711/2550/2533
f 478/2555/2538 2431/2549/2532 3711/2550/2533
f 3711/2550/2533 2187/2545/2528 477/2204/2191
f 2185/2556/2539 501/2407/2393 1942/2408/2394
f 510/2315/2302 2431/2549/2532 3712/2554/2537
f 479/2471/2457 2675/2552/2535 3712/2554/2537
f 3712/2554/2537 2431/2549/2532 478/2555/2538
f 1703/2559/2542 523/2210/2197 1460/2560/2543
f 500/2409/2395 1941/2521/2504 3713/2557/2540
f 469/2508/2491 2185/2556/2539 3713/2557/2540
f 3713/2557/2540 1941/2521/2504 468/2287/2274
f 1441/2562/2545 450/2465/2451 1181/2481/2466
f 522/2157/2145 1459/2346/2333 3714/2561/2544
f 491/2366/2352 1703/2559/2542 3714/2561/2544
f 3714/2561/2544 1459/2346/2333 490/2354/2340
f 1685/2564/2547 451/2432/2418 1442/2464/2450
f 449/2482/2467 1180/4344/2327 3715/2563/2546
f 418/2566/2549 1441/2562/2545 3715/2563/2546
f 3715/2563/2546 1180/4344/2327 417/2199/2187
f 2891/2567/2550 456/2273/2260 2662/2517/2500
f 450/2465/2451 1441/2562/2545 3716/2565/2548
f 419/2569/2552 1685/2564/2547 3716/2565/2548
f 3716/2565/2548 1441/2562/2545 418/2566/2549
f 2173/2571/2554 453/2414/2400 1930/2474/2460
f 455/2381/2367 2661/2635/2618 3717/2568/2551
f 424/2275/2262 2891/2567/2550 3717/2568/2551
f 3717/2568/2551 2661/2635/2618 423/2574/2557
f 1691/2575/2558 475/2543/2526 1448/2544/2527
f 452/2430/2416 1929/2647/2630 3718/2572/2555
f 421/2577/2560 2173/2571/2554 3718/2572/2555
f 3718/2572/2555 1929/2647/2630 420/2579/2562
f 2689/2580/2563 567/2108/2097 2446/2109/2098
f 474/2539/2522 1447/2645/2628 3719/2576/2559
f 443/2009/1998 1691/2575/2558 3719/2576/2559
f 3719/2576/2559 1447/2645/2628 442/2583/2566
f 1184/2584/2567 465/2312/2299 2894/2520/2503
f 566/2074/2063 2445/2245/2232 3720/2581/2564
f 535/2422/2408 2689/2580/2563 3720/2581/2564
f 3720/2581/2564 2445/2245/2232 534/2252/2239
f 1689/2586/2569 467/2360/2346 1446/2361/2347
f 464/2513/2496 2893/2613/2596 3721/2585/2568
f 433/2588/2571 1184/2584/2567 3721/2585/2568
f 3721/2585/2568 2893/2613/2596 432/2590/2573
f 1443/2591/2574 458/2497/2481 1183/2536/2519
f 466/2310/2297 1445/2663/2646 3722/2587/2570
f 435/2593/2576 1689/2586/2569 3722/2587/2570
f 3722/2587/2570 1445/2663/2646 434/2595/2578
f 1687/2596/2579 459/2440/2426 1444/2496/2480
f 457/2489/2473 1182/2265/2252 3723/2592/2575
f 426/2598/2581 1443/2591/2574 3723/2592/2575
f 3723/2592/2575 1182/2265/2252 425/2128/2117
f 2179/2599/2582 477/2204/2191 1936/2551/2534
f 458/2497/2481 1443/2591/2574 3724/2597/2580
f 427/2601/2584 1687/2596/2579 3724/2597/2580
f 3724/2597/2580 1443/2591/2574 426/2598/2581
f 2417/2603/2586 454/2383/2369 2174/2413/2399
f 476/2547/2530 1935/2656/2639 3725/2600/2583
f 445/2049/2038 2179/2599/2582 3725/2600/2583
f 3725/2600/2583 1935/2656/2639 444/2606/2589
f 1711/2607/2590 555/2055/2044 1468/2105/2094
f 453/2414/2400 2173/2571/2554 3726/2604/2587
f 422/2609/2592 2417/2603/2586 3726/2604/2587
f 3726/2604/2587 2173/2571/2554 421/2577/2560
f 2663/2611/2594 463/2418/2404 2420/2419/2405
f 554/2043/2032 1467/2151/2140 3727/2608/2591
f 523/2210/2197 1711/2607/2590 3727/2608/2591
f 3727/2608/2591 1467/2151/2140 522/2157/2145
f 2893/2613/2596 464/2513/2496 2664/2514/2497
f 462/2332/2319 2419/2632/2615 3728/2612/2595
f 431/2615/2598 2663/2611/2594 3728/2612/2595
f 3728/2612/2595 2419/2632/2615 430/2617/2600
f 2914/2618/2601 560/2063/2052 2688/2064/2053
f 463/2418/2404 2663/2611/2594 3729/2614/2597
f 432/2590/2573 2893/2613/2596 3729/2614/2597
f 3729/2614/2597 2663/2611/2594 431/2615/2598
f 2897/2348/2335 480/2469/2455 2668/2470/2456
f 559/2065/2054 2687/2220/2207 3730/2619/2602
f 528/2231/2218 2914/2618/2601 3730/2619/2602
f 3730/2619/2602 2687/2220/2207 527/2225/2212
f 2203/2622/2605 573/2100/2089 1960/2101/2090
f 479/2471/2457 2667/2629/2612 3731/2621/2604
f 448/2350/2336 2897/2348/2335 3731/2621/2604
f 3731/2621/2604 2667/2629/2612 447/2625/2608
f 2197/2626/2609 549/2023/2012 1954/2627/2610
f 572/2102/2091 1959/2276/2263 3732/2623/2606
f 541/2293/2280 2203/2622/2605 3732/2623/2606
f 3732/2623/2606 1959/2276/2263 540/2283/2270
f 2667/2629/2612 479/2471/2457 2424/2558/2541
f 548/2631/2614 1953/2160/2148 3733/2628/2611
f 517/2182/2170 2197/2626/2609 3733/2628/2611
f 3733/2628/2611 1953/2160/2148 516/2170/2158
f 2419/2632/2615 462/2332/2319 2176/2333/2320
f 478/2555/2538 2423/2196/2184 3734/2630/2613
f 447/2625/2608 2667/2629/2612 3734/2630/2613
f 3734/2630/2613 2423/2196/2184 446/2205/2192
f 2661/2635/2618 455/2381/2367 2418/2382/2368
f 461/2334/2321 2175/2166/2154 3735/2633/2616
f 430/2617/2600 2419/2632/2615 3735/2633/2616
f 3735/2633/2616 2175/2166/2154 429/2176/2164
f 1186/2638/2621 473/2375/2361 2896/2376/2362
f 454/2383/2369 2417/2603/2586 3736/2636/2619
f 423/2574/2557 2661/2635/2618 3736/2636/2619
f 3736/2636/2619 2417/2603/2586 422/2609/2592
f 2916/2641/2624 568/2113/2102 2690/2114/2103
f 472/2377/2363 2895/2260/2247 3737/2639/2622
f 441/2643/2626 1186/2638/2621 3737/2639/2622
f 3737/2639/2622 2895/2260/2247 440/2269/2256
f 1447/2645/2628 474/2539/2522 1187/2540/2523
f 567/2108/2097 2689/2580/2563 3738/2642/2625
f 536/2259/2246 2916/2641/2624 3738/2642/2625
f 3738/2642/2625 2689/2580/2563 535/2422/2408
f 1929/2647/2630 452/2430/2416 1686/2431/2417
f 473/2375/2361 1186/2638/2621 3739/2646/2629
f 442/2583/2566 1447/2645/2628 3739/2646/2629
f 3739/2646/2629 1186/2638/2621 441/2643/2626
f 1933/2650/2633 468/2287/2274 1690/2525/2508
f 451/2432/2418 1685/2564/2547 3740/2648/2631
f 420/2579/2562 1929/2647/2630 3740/2648/2631
f 3740/2648/2631 1685/2564/2547 419/2569/2552
f 1931/2653/2636 460/2175/2163 1688/2439/2425
f 467/2360/2346 1689/2586/2569 3741/2651/2634
f 436/2135/2124 1933/2650/2633 3741/2651/2634
f 3741/2651/2634 1689/2586/2569 435/2593/2576
f 1935/2656/2639 476/2547/2530 1692/2548/2531
f 459/2440/2426 1687/2596/2579 3742/2654/2637
f 428/2014/2003 1931/2653/2636 3742/2654/2637
f 3742/2654/2637 1687/2596/2579 427/2601/2584
f 1465/2659/2642 546/1997/1986 1208/1998/1987
f 475/2543/2526 1691/2575/2558 3743/2657/2640
f 444/2606/2589 1935/2656/2639 3743/2657/2640
f 3743/2657/2640 1691/2575/2558 443/2009/1998
f 2421/2661/2644 470/2185/2173 2178/2507/2490
f 545/1999/1988 1207/4345/2285 3744/2660/2643
f 514/2279/2266 1465/2659/2642 3744/2660/2643
f 3744/2660/2643 1207/4345/2285 513/2500/2292
f 1445/2663/2646 466/2310/2297 1185/2311/2298
f 469/2508/2491 2177/2280/2267 3745/2662/2645
f 438/2144/2133 2421/2661/2644 3745/2662/2645
f 3745/2662/2645 2177/2280/2267 437/2288/2275
f 2653/2666/2649 423/2574/2557 2410/2640/2623
f 465/2312/2299 1184/2584/2567 3746/2664/2647
f 434/2595/2578 1445/2663/2646 3746/2664/2647
f 3746/2664/2647 1184/2584/2567 433/2588/2571
f 1677/2669/2652 419/2569/2552 1434/2570/2553
f 422/2609/2592 2409/2682/2665 3747/2667/2650
f 391/2671/2654 2653/2666/2649 3747/2667/2650
f 3747/2667/2650 2409/2682/2665 390/1901/1891
f 2890/2088/2077 448/2350/2336 2660/2624/2607
f 418/2566/2549 1433/2192/2180 3748/2670/2653
f 387/1933/1923 1677/2669/2652 3748/2670/2653
f 3748/2670/2653 1433/2192/2180 386/1862/1852
f 2165/2673/2656 421/2577/2560 1922/2578/2561
f 447/2625/2608 2659/2749/2732 3749/2672/2655
f 416/2091/2080 2890/2088/2077 3749/2672/2655
f 3749/2672/2655 2659/2749/2732 415/2676/2659
f 1222/2677/2660 601/1852/1842 2924/1853/1843
f 420/2579/2562 1921/2751/2734 3750/2674/2657
f 389/2679/2662 2165/2673/2656 3750/2674/2657
f 3750/2674/2657 1921/2751/2734 388/1942/1932
f 1479/2680/2663 602/1964/1954 1223/1984/1974
f 600/1854/1844 2923/2106/2095 3751/2678/2661
f 569/2263/2250 1222/2677/2660 3751/2678/2661
f 3751/2678/2661 2923/2106/2095 568/2113/2102
f 2409/2682/2665 422/2609/2592 2166/2610/2593
f 601/1852/1842 1222/2677/2660 3752/2681/2664
f 570/2038/2027 1479/2680/2663 3752/2681/2664
f 3752/2681/2664 1222/2677/2660 569/2263/2250
f 1173/2684/2667 425/2128/2117 2885/2274/2261
f 421/2577/2560 2165/2673/2656 3753/2683/2666
f 390/1901/1891 2409/2682/2665 3753/2683/2666
f 3753/2683/2666 2165/2673/2656 389/2679/2662
f 2655/2687/2670 431/2615/2598 2412/2616/2599
f 424/2275/2262 2884/2754/2737 3754/2685/2668
f 393/1832/1822 1173/2684/2667 3754/2685/2668
f 3754/2685/2668 2884/2754/2737 392/2690/2673
f 1679/2691/2674 427/2601/2584 1436/2602/2585
f 430/2617/2600 2411/2702/2685 3755/2688/2671
f 399/1956/1946 2655/2687/2670 3755/2688/2671
f 3755/2688/2671 2411/2702/2685 398/2694/2677
f 1925/2695/2678 436/2135/2124 1682/2655/2638
f 426/2598/2581 1435/2119/2108 3756/2692/2675
f 395/2697/2680 1679/2691/2674 3756/2692/2675
f 3756/2692/2675 1435/2119/2108 394/1896/1886
f 1923/2698/2681 428/2014/2003 1680/2658/2641
f 435/2593/2576 1681/2716/2699 3757/2696/2679
f 404/2137/2126 1925/2695/2678 3757/2696/2679
f 3757/2696/2679 1681/2716/2699 403/2701/2684
f 2411/2702/2685 430/2617/2600 2168/2637/2620
f 427/2601/2584 1679/2691/2674 3758/2699/2682
f 396/2017/2006 1923/2698/2681 3758/2699/2682
f 3758/2699/2682 1679/2691/2674 395/2697/2680
f 1717/2705/2688 579/1838/1828 1474/1839/1829
f 429/2176/2164 2167/2006/1995 3759/2703/2686
f 398/2694/2677 2411/2702/2685 3759/2703/2686
f 3759/2703/2686 2167/2006/1995 397/2015/2004
f 2886/2708/2691 432/2590/2573 2656/2620/2603
f 578/1840/1830 1473/1989/1979 3760/2706/2689
f 547/2169/2157 1717/2705/2688 3760/2706/2689
f 3760/2706/2689 1473/1989/1979 546/1997/1986
f 1218/2710/2693 585/2042/2031 2920/2711/2694
f 431/2615/2598 2655/2687/2670 3761/2709/2692
f 400/2713/2696 2886/2708/2691 3761/2709/2692
f 3761/2709/2692 2655/2687/2670 399/1956/1946
f 1437/2714/2697 434/2595/2578 1176/2668/2651
f 584/1867/1857 2919/2024/2013 3762/2712/2695
f 553/2045/2034 1218/2710/2693 3762/2712/2695
f 3762/2712/2695 2919/2024/2013 552/2031/2020
f 1681/2716/2699 435/2593/2576 1438/2594/2577
f 433/2588/2571 1175/2719/2702 3763/2715/2698
f 402/2718/2701 1437/2714/2697 3763/2715/2698
f 3763/2715/2698 1175/2719/2702 401/1950/1940
f 1175/2719/2702 433/2588/2571 2887/2589/2572
f 434/2595/2578 1437/2714/2697 3764/2717/2700
f 403/2701/2684 1681/2716/2699 3764/2717/2700
f 3764/2717/2700 1437/2714/2697 402/2718/2701
f 2205/2722/2705 581/1847/1837 1962/1848/1838
f 432/2590/2573 2886/2708/2691 3765/2720/2703
f 401/1950/1940 1175/2719/2702 3765/2720/2703
f 3765/2720/2703 2886/2708/2691 400/2713/2696
f 2413/2725/2708 438/2144/2133 2170/2665/2648
f 580/1843/1833 1961/2729/2712 3766/2723/2706
f 549/2023/2012 2205/2722/2705 3766/2723/2706
f 3766/2723/2706 1961/2729/2712 548/2631/2614
f 2171/2727/2710 445/2049/2038 1928/2605/2588
f 437/2288/2275 2169/2129/2118 3767/2726/2709
f 406/2146/2135 2413/2725/2708 3767/2726/2709
f 3767/2726/2709 2169/2129/2118 405/1858/1848
f 1961/2729/2712 580/1843/1833 1718/1844/1834
f 444/2606/2589 1927/2000/1989 3768/2728/2711
f 413/1872/1862 2171/2727/2710 3768/2728/2711
f 3768/2728/2711 1927/2000/1989 412/2010/1999
f 1177/2732/2715 441/2643/2626 2889/2644/2627
f 579/1838/1828 1717/2705/2688 3769/2730/2713
f 548/2631/2614 1961/2729/2712 3769/2730/2713
f 3769/2730/2713 1717/2705/2688 547/2169/2157
f 1439/2734/2717 442/2583/2566 1178/2649/2632
f 440/2269/2256 2888/2110/2099 3770/2733/2716
f 409/2736/2719 1177/2732/2715 3770/2733/2716
f 3770/2733/2716 2888/2110/2099 408/2118/2107
f 1683/2738/2721 443/2009/1998 1440/2582/2565
f 441/2643/2626 1177/2732/2715 3771/2735/2718
f 410/1968/1958 1439/2734/2717 3771/2735/2718
f 3771/2735/2718 1177/2732/2715 409/2736/2719
f 2451/2741/2724 590/2068/2057 2208/2742/2725
f 442/2583/2566 1439/2734/2717 3772/2739/2722
f 411/1974/1964 1683/2738/2721 3772/2739/2722
f 3772/2739/2722 1439/2734/2717 410/1968/1958
f 2209/2744/2727 597/1939/1929 1966/2745/2728
f 589/1890/1880 2207/2051/2040 3773/2743/2726
f 558/2070/2059 2451/2741/2724 3773/2743/2726
f 3773/2743/2726 2207/2051/2040 557/2058/2047
f 2459/2747/2730 622/1689/1680 2216/1690/1681
f 596/1927/1917 1965/2086/2075 3774/2746/2729
f 565/2076/2065 2209/2744/2727 3774/2746/2729
f 3774/2746/2729 1965/2086/2075 564/2095/2084
f 2659/2749/2732 447/2625/2608 2416/2634/2617
f 621/1691/1682 2215/1881/1871 3775/2748/2731
f 590/2068/2057 2459/2747/2730 3775/2748/2731
f 3775/2748/2731 2215/1881/1871 589/1890/1880
f 1921/2751/2734 420/2579/2562 1678/2652/2635
f 446/2205/2192 2415/2039/2028 3776/2750/2733
f 415/2676/2659 2659/2749/2732 3776/2750/2733
f 3776/2750/2733 2415/2039/2028 414/2050/2039
f 2884/2754/2737 424/2275/2262 2654/2573/2556
f 419/2569/2552 1677/2669/2652 3777/2752/2735
f 388/1942/1932 1921/2751/2734 3777/2752/2735
f 3777/2752/2735 1677/2669/2652 387/1933/1923
f 1425/2756/2739 386/1862/1852 1163/2200/2188
f 423/2574/2557 2653/2666/2649 3778/2755/2738
f 392/2690/2673 2884/2754/2737 3778/2755/2738
f 3778/2755/2738 2653/2666/2649 391/2671/2654
f 1162/2759/2742 385/2089/2078 1170/2090/2079
f 385/2201/2078 1162/4346/2742 3779/2757/2740
f 354/1796/1787 1425/2756/2739 3779/2757/2740
f 3779/2757/2740 1162/4346/2742 353/2762/2745
f 1229/2763/2746 625/1753/1744 2929/2764/2747
f 1170/2090/2079 416/2091/2080 2883/2766/2749
f 353/2767/2745 1162/2759/2742 3780/2760/2743
f 3780/2760/2743 2883/2766/2749 384/2769/2751
f 2883/2766/2749 416/2091/2080 2652/2675/2658
f 624/2771/2753 2928/1898/1888 3781/2765/2748
f 593/1917/1907 1229/2763/2746 3781/2765/2748
f 3781/2765/2748 2928/1898/1888 592/1905/1895
f 2401/2772/2754 390/1901/1891 2158/2686/2669
f 415/2676/2659 2651/2843/2825 3782/2770/2752
f 384/2769/2751 2883/2766/2749 3782/2770/2752
f 3782/2770/2752 2651/2843/2825 383/1667/1658
f 2647/2774/2756 399/1956/1946 2404/2693/2676
f 389/2679/2662 2157/1935/1925 3783/2773/2755
f 358/1736/1727 2401/2772/2754 3783/2773/2755
f 3783/2773/2755 2157/1935/1925 357/1731/1722
f 2877/2776/2758 392/2690/2673 2646/2758/2741
f 398/2694/2677 2403/2792/2774 3784/2775/2757
f 367/1958/1948 2647/2774/2756 3784/2775/2757
f 3784/2775/2757 2403/2792/2774 366/2779/2761
f 1164/2780/2762 393/1832/1822 2878/2689/2672
f 391/2671/2654 2645/1893/1883 3785/2777/2759
f 360/1741/1732 2877/2776/2758 3785/2777/2759
f 3785/2777/2759 2645/1893/1883 359/1705/1696
f 1481/2782/2764 610/1694/1685 1226/1695/1686
f 392/2690/2673 2877/2776/2758 3786/2781/2763
f 361/1835/1825 1164/2780/2762 3786/2781/2763
f 3786/2781/2763 2877/2776/2758 360/1741/1732
f 2457/2784/2766 614/2802/2784 2214/2785/2767
f 609/1696/1687 1225/4347/1975 3787/2783/2765
f 578/1840/1830 1481/2782/2764 3787/2783/2765
f 3787/2783/2765 1225/4347/1975 577/1996/1982
f 1915/2787/2769 396/2017/2006 1672/2704/2687
f 613/1684/1675 2213/1841/1831 3788/2786/2768
f 582/2026/2015 2457/2784/2766 3788/2786/2768
f 3788/2786/2768 2213/1841/1831 581/1847/1837
f 1971/2789/2771 620/1721/1712 1728/1722/1713
f 395/2697/2680 1671/1887/1877 3789/2788/2770
f 364/2791/2773 1915/2787/2769 3789/2788/2770
f 3789/2788/2770 1671/1887/1877 363/1746/1737
f 2403/2792/2774 398/2694/2677 2160/2707/2690
f 619/1723/1714 1727/1870/1860 3790/2790/2772
f 588/1892/1882 1971/2789/2771 3790/2790/2772
f 3790/2790/2772 1727/1870/1860 587/1878/1868
f 2701/2794/2776 615/1702/1693 2458/2795/2777
f 397/2015/2004 2159/2809/2791 3791/2793/2775
f 366/2779/2761 2403/2792/2774 3791/2793/2775
f 3791/2793/2775 2159/2809/2791 365/2798/2780
f 2715/2799/2781 671/1659/1651 2472/2800/2782
f 614/2802/2784 2457/2784/2766 3792/2796/2778
f 583/1869/1859 2701/2794/2776 3792/2796/2778
f 3792/2796/2778 2457/2784/2766 582/2026/2015
f 1166/2803/2785 401/1950/1940 2880/2724/2707
f 670/1646/1638 2471/1805/1796 3793/2801/2783
f 639/1823/1814 2715/2799/2781 3793/2801/2783
f 3793/2801/2783 2471/1805/1796 638/1812/1803
f 1483/2805/2787 618/1711/1702 1228/1712/1703
f 400/2713/2696 2879/1947/1937 3794/2804/2786
f 369/1953/1943 1166/2803/2785 3794/2804/2786
f 3794/2804/2786 2879/1947/1937 368/1679/1670
f 1673/2807/2789 403/2701/2684 1430/2721/2704
f 617/1713/1704 1227/2821/2803 3795/2806/2788
f 586/1880/1870 1483/2805/2787 3795/2806/2788
f 3795/2806/2788 1227/2821/2803 585/2042/2031
f 2159/2809/2791 397/2015/2004 1916/2016/2005
f 402/2718/2701 1429/1943/1933 3796/2808/2790
f 371/1817/1808 1673/2807/2789 3796/2808/2790
f 3796/2808/2790 1429/1943/1933 370/1951/1941
f 2161/2812/2794 405/1858/1848 1918/2136/2125
f 396/2017/2006 1915/2787/2769 3797/2810/2792
f 365/2798/2780 2159/2809/2791 3797/2810/2792
f 3797/2810/2792 1915/2787/2769 364/2791/2773
f 2217/2815/2797 629/1674/1665 1974/1675/1666
f 404/2137/2126 1917/2846/2828 3798/2813/2795
f 373/1757/1748 2161/2812/2794 3798/2813/2795
f 3798/2813/2795 1917/2846/2828 372/2818/2800
f 2649/2819/2801 407/1910/1900 2406/2145/2134
f 628/1676/1667 1973/1918/1908 3799/2816/2798
f 597/1939/1929 2217/2815/2797 3799/2816/2798
f 3799/2816/2798 1973/1918/1908 596/1927/1917
f 1227/2821/2803 617/1713/1704 2927/2822/2804
f 406/2146/2135 2405/1849/1839 3800/2820/2802
f 375/1716/1707 2649/2819/2801 3800/2820/2802
f 3800/2820/2802 2405/1849/1839 374/1859/1849
f 1168/2825/2807 409/2736/2719 2882/2737/2720
f 616/1700/1691 2926/1860/1850 3801/2823/2805
f 585/2042/2031 1227/2821/2803 3801/2823/2805
f 3801/2823/2805 2926/1860/1850 584/1867/1857
f 1431/2827/2809 410/1968/1958 1169/2740/2723
f 408/2118/2107 2881/1902/1892 3802/2826/2808
f 377/2829/2811 1168/2825/2807 3802/2826/2808
f 3802/2826/2808 2881/1902/1892 376/1911/1901
f 1975/2831/2813 636/2845/2827 1732/2832/2814
f 409/2736/2719 1168/2825/2807 3803/2828/2810
f 378/1971/1961 1431/2827/2809 3803/2828/2810
f 3803/2828/2810 1168/2825/2807 377/2829/2811
f 2703/2835/2817 623/1775/1766 2460/1776/1767
f 635/1802/1793 1731/1954/1944 3804/2833/2815
f 604/2099/2088 1975/2831/2813 3804/2833/2815
f 3804/2833/2815 1731/1954/1944 603/1962/1952
f 2163/2837/2819 413/1872/1862 1920/2731/2714
f 622/1689/1680 2459/2747/2730 3805/2836/2818
f 591/1907/1897 2703/2835/2817 3805/2836/2818
f 3805/2836/2818 2459/2747/2730 590/2068/2057
f 2219/2839/2821 637/1814/1805 1976/2840/2822
f 412/2010/1999 1919/1965/1955 3806/2838/2820
f 381/1874/1864 2163/2837/2819 3806/2838/2820
f 3806/2838/2820 1919/1965/1955 380/1975/1965
f 2651/2843/2825 415/2676/2659 2408/2753/2736
f 636/2845/2827 1975/2831/2813 3807/2841/2823
f 605/1981/1971 2219/2839/2821 3807/2841/2823
f 3807/2841/2823 1975/2831/2813 604/2099/2088
f 1917/2846/2828 404/2137/2126 1674/2700/2683
f 414/2050/2039 2407/1864/1854 3808/2844/2826
f 383/1667/1658 2651/2843/2825 3808/2844/2826
f 3808/2844/2826 2407/1864/1854 382/1791/1782
f 1729/2848/2830 627/1765/1756 1486/2849/2831
f 403/2701/2684 1673/2807/2789 3809/2847/2829
f 372/2818/2800 1917/2846/2828 3809/2847/2829
f 3809/2847/2829 1673/2807/2789 371/1817/1808
f 1417/2851/2833 354/1796/1787 1154/2761/2744
f 626/1751/1742 1485/1908/1898 3810/2850/2832
f 595/1929/1919 1729/2848/2830 3810/2850/2832
f 3810/2850/2832 1485/1908/1898 594/1915/1905
f 1667/2853/2835 379/1969/1959 1424/1970/1960
f 353/2762/2745 1153/4348/2917 3811/2852/2834
f 322/1799/1790 1417/2851/2833 3811/2852/2834
f 3811/2852/2834 1153/4348/2917 321/2856/2838
f 1238/2857/2839 657/1580/1572 2936/1581/1573
f 378/1971/1961 1423/2924/2906 3812/2854/2836
f 347/2859/2841 1667/2853/2835 3812/2854/2836
f 3812/2854/2836 1423/2924/2906 346/2861/2843
f 1983/2862/2844 668/2888/2870 1740/2863/2845
f 656/1582/1574 2935/2905/2887 3813/2858/2840
f 625/1753/1744 1238/2857/2839 3813/2858/2840
f 3813/2858/2840 2935/2905/2887 624/2771/2753
f 1159/2865/2847 377/2829/2811 2875/2830/2812
f 667/1630/1622 1739/1794/1785 3814/2864/2846
f 636/2845/2827 1983/2862/2844 3814/2864/2846
f 3814/2864/2846 1739/1794/1785 635/1802/1793
f 2639/2867/2849 367/1958/1948 2396/2778/2760
f 376/1911/1901 2874/1708/1699 3815/2866/2848
f 345/1596/1588 1159/2865/2847 3815/2866/2848
f 3815/2866/2848 2874/1708/1699 344/1717/1708
f 1236/2870/2852 649/1541/1533 2934/1542/1534
f 366/2779/2761 2395/2909/2891 3816/2868/2850
f 335/2872/2854 2639/2867/2849 3816/2868/2850
f 3816/2868/2850 2395/2909/2891 334/2874/2856
f 1905/2875/2857 356/1727/1718 1662/1934/1924
f 648/1536/1528 2933/1692/1683 3817/2871/2853
f 617/1713/1704 1236/2870/2852 3817/2871/2853
f 3817/2871/2853 2933/1692/1683 616/1700/1691
f 1421/2877/2859 370/1951/1941 1158/1952/1942
f 355/1863/1853 1661/1788/1779 3818/2876/2858
f 324/1590/1582 1905/2875/2857 3818/2876/2858
f 3818/2876/2858 1661/1788/1779 323/1797/1788
f 2469/2880/2862 662/1569/1561 2226/1570/1562
f 369/1953/1943 1157/1671/1662 3819/2878/2860
f 338/2882/2864 1421/2877/2859 3819/2878/2860
f 3819/2878/2860 1157/1671/1662 337/1546/1538
f 2227/2883/2865 669/1648/1640 1984/2884/2866
f 661/1571/1563 2225/1665/1656 3820/2881/2863
f 630/1920/1910 2469/2880/2862 3820/2881/2863
f 3820/2881/2863 2225/1665/1656 629/1674/1665
f 2151/2886/2868 365/2798/2780 1908/2814/2796
f 668/2888/2870 1983/2862/2844 3821/2885/2867
f 637/1814/1805 2227/2883/2865 3821/2885/2867
f 3821/2885/2867 1983/2862/2844 636/2845/2827
f 2465/2889/2871 646/1528/1520 2222/1529/1521
f 364/2791/2773 1907/1738/1729 3822/2887/2869
f 333/2891/2873 2151/2886/2868 3822/2887/2869
f 3822/2887/2869 1907/1738/1729 332/1747/1738
f 2709/2892/2874 647/1532/1524 2466/1533/1525
f 645/1523/1515 2221/1677/1668 3823/2890/2872
f 614/2802/2784 2465/2889/2871 3823/2890/2872
f 3823/2890/2872 2221/1677/1668 613/1684/1675
f 2872/2894/2876 368/1679/1670 2640/1957/1947
f 646/1528/1520 2465/2889/2871 3824/2893/2875
f 615/1702/1693 2709/2892/2874 3824/2893/2875
f 3824/2893/2875 2465/2889/2871 614/2802/2784
f 2399/2896/2878 382/1791/1782 2156/1873/1863
f 367/1958/1948 2639/2867/2849 3825/2895/2877
f 336/1681/1672 2872/2894/2876 3825/2895/2877
f 3825/2895/2877 2639/2867/2849 335/2872/2854
f 2223/2899/2881 653/1560/1552 1980/1561/1553
f 381/1874/1864 2155/2931/2913 3826/2897/2879
f 350/1793/1784 2399/2896/2878 3826/2897/2879
f 3826/2897/2879 2155/2931/2913 349/2902/2884
f 1665/2903/2885 371/1817/1808 1422/2811/2793
f 652/1556/1548 1979/1714/1705 3827/2900/2882
f 621/1691/1682 2223/2899/2881 3827/2900/2882
f 3827/2900/2882 1979/1714/1705 620/1721/1712
f 2935/2905/2887 656/1582/1574 2712/2906/2888
f 370/1951/1941 1421/2877/2859 3828/2904/2886
f 339/1639/1631 1665/2903/2885 3828/2904/2886
f 3828/2904/2886 1421/2877/2859 338/2882/2864
f 2395/2909/2891 366/2779/2761 2152/2797/2779
f 655/2911/2893 2711/1769/1760 3829/2907/2889
f 624/2771/2753 2935/2905/2887 3829/2907/2889
f 3829/2907/2889 2711/1769/1760 623/1775/1766
f 1663/2912/2894 363/1746/1737 1420/1897/1887
f 365/2798/2780 2151/2886/2868 3830/2910/2892
f 334/2874/2856 2395/2909/2891 3830/2910/2892
f 3830/2910/2892 2151/2886/2868 333/2891/2873
f 2641/2915/2897 375/1716/1707 2398/2824/2806
f 362/1833/1823 1419/2942/2923 3831/2913/2895
f 331/1575/1567 1663/2912/2894 3831/2913/2895
f 3831/2913/2895 1419/2942/2923 330/2918/2900
f 2713/2919/2901 663/1619/1611 2470/1622/1614
f 374/1859/1849 2397/1748/1739 3832/2916/2898
f 343/1610/1602 2641/2915/2897 3832/2916/2898
f 3832/2916/2898 2397/1748/1739 342/1758/1749
f 2153/2922/2904 373/1757/1748 1910/2817/2799
f 662/1569/1561 2469/2880/2862 3833/2920/2902
f 631/1782/1773 2713/2919/2901 3833/2920/2902
f 3833/2920/2902 2469/2880/2862 630/1920/1910
f 1423/2924/2906 378/1971/1961 1160/2834/2816
f 372/2818/2800 1909/1809/1800 3834/2923/2905
f 341/1760/1751 2153/2922/2904 3834/2923/2905
f 3834/2923/2905 1909/1809/1800 340/1818/1809
f 1733/2927/2909 643/1513/1505 1490/1514/1506
f 377/2829/2811 1159/2865/2847 3835/2925/2907
f 346/2861/2843 1423/2924/2906 3835/2925/2907
f 3835/2925/2907 1159/2865/2847 345/1596/1588
f 1911/2929/2911 380/1975/1965 1668/1976/1966
f 642/1515/1507 1489/1687/1678 3836/2928/2910
f 611/1808/1799 1733/2927/2909 3836/2928/2910
f 3836/2928/2910 1489/1687/1678 610/1694/1685
f 2155/2931/2913 381/1874/1864 1912/2842/2824
f 379/1969/1959 1667/2853/2835 3837/2930/2912
f 348/2933/2915 1911/2929/2911 3837/2930/2912
f 3837/2930/2912 1667/2853/2835 347/2859/2841
f 1153/2935/2917 353/2767/2745 1161/2768/2750
f 380/1975/1965 1911/2929/2911 3838/2932/2914
f 349/2902/2884 2155/2931/2913 3838/2932/2914
f 3838/2932/2914 1911/2929/2911 348/2933/2915
f 1495/2938/2920 666/1625/1617 1241/1626/1618
f 1161/2768/2750 384/2769/2751 2876/1660/1652
f 321/2940/2838 1153/2935/2917 3839/2936/2918
f 3839/2936/2918 2876/1660/1652 352/1668/1659
f 1419/2942/2923 362/1833/1823 1156/1834/1824
f 665/1627/1619 1240/1777/1768 3840/2939/2921
f 634/1804/1795 1495/2938/2920 3840/2939/2921
f 3840/2939/2921 1240/1777/1768 633/1786/1777
f 1737/2944/2925 659/1605/1597 1494/1606/1598
f 361/1835/1825 1155/1733/1724 3841/2943/2924
f 330/2918/2900 1419/2942/2923 3841/2943/2924
f 3841/2943/2924 1155/1733/1724 329/1742/1733
f 1409/2947/2928 322/1799/1790 1145/2855/2837
f 658/1607/1599 1493/1743/1734 3842/2945/2926
f 627/1765/1756 1737/2944/2925 3842/2945/2926
f 3842/2945/2926 1493/1743/1734 626/1751/1742
f 1903/2949/2930 348/2933/2915 1660/2934/2916
f 321/2856/2838 1144/4349/3003 3843/2948/2929
f 290/2951/2932 1409/2947/2928 3843/2948/2929
f 3843/2948/2929 1144/4349/3003 289/1494/1486
f 2869/2952/2933 352/1668/1659 2636/1669/1660
f 347/2859/2841 1659/3033/3013 3844/2950/2931
f 316/2954/2935 1903/2949/2930 3844/2950/2931
f 3844/2950/2931 1659/3033/3013 315/2956/2937
f 1991/2957/2938 700/1481/1473 1748/1482/1474
f 351/1670/1661 2635/3035/3015 3845/2953/2934
f 320/2959/2940 2869/2952/2933 3845/2953/2934
f 3845/2953/2934 2635/3035/3015 319/1413/1405
f 2387/2960/2941 334/2874/2856 2144/2914/2896
f 699/1465/1457 1747/1623/1615 3846/2958/2939
f 668/2888/2870 1991/2957/2938 3846/2958/2939
f 3846/2958/2939 1747/1623/1615 667/1630/1622
f 2942/2962/2943 688/1418/1410 2720/1419/1411
f 333/2891/2873 2143/1761/1752 3847/2961/2942
f 302/1371/1363 2387/2960/2941 3847/2961/2942
f 3847/2961/2942 2143/1761/1752 301/1768/1759
f 2629/2965/2946 327/1707/1698 2386/1737/1728
f 687/1420/1412 2719/2991/2972 3848/2963/2944
f 656/1582/1574 2942/2962/2943 3848/2963/2944
f 3848/2963/2944 2719/2991/2972 655/2911/2893
f 1249/2967/2948 697/1473/1465 2945/1504/1496
f 326/1732/1723 2385/1643/1635 3849/2966/2947
f 295/2969/2950 2629/2965/2946 3849/2966/2947
f 3849/2966/2947 2385/1643/1635 294/1652/1644
f 1501/2971/2952 690/1347/1339 1248/1348/1340
f 696/1459/1451 2944/1608/1600 3850/2968/2949
f 665/1627/1619 1249/2967/2948 3850/2968/2949
f 3850/2968/2949 2944/1608/1600 664/1617/1609
f 1655/2973/2954 331/1575/1567 1412/2917/2899
f 689/1349/1341 1247/1572/1564 3851/2972/2953
f 658/1607/1599 1501/2971/2952 3851/2972/2953
f 3851/2972/2953 1247/1572/1564 657/1580/1572
f 1148/2975/2956 337/1546/1538 2866/1680/1671
f 330/2918/2900 1411/3004/2985 3852/2974/2955
f 299/1577/1569 1655/2973/2954 3852/2974/2955
f 3852/2974/2955 1411/3004/2985 298/2978/2959
f 2145/2979/2960 341/1760/1751 1902/2926/2908
f 336/1681/1672 2865/2989/2970 3853/2976/2957
f 305/1549/1541 1148/2975/2956 3853/2976/2957
f 3853/2976/2957 2865/2989/2970 304/2982/2963
f 2235/2983/2964 701/1486/1478 1992/1487/1479
f 340/1818/1809 1901/1632/1624 3854/2980/2961
f 309/2985/2966 2145/2979/2960 3854/2980/2961
f 3854/2980/2961 1901/1632/1624 308/1640/1632
f 2631/2987/2968 335/2872/2854 2388/2873/2855
f 700/1481/1473 1991/2957/2938 3855/2984/2965
f 669/1648/1640 2235/2983/2964 3855/2984/2965
f 3855/2984/2965 1991/2957/2938 668/2888/2870
f 2865/2989/2970 336/1681/1672 2632/2898/2880
f 334/2874/2856 2387/2960/2941 3856/2988/2969
f 303/1359/1351 2631/2987/2968 3856/2988/2969
f 3856/2988/2969 2387/2960/2941 302/1371/1363
f 2719/2991/2972 687/1420/1412 2476/2992/2973
f 335/2872/2854 2631/2987/2968 3857/2990/2971
f 304/2982/2963 2865/2989/2970 3857/2990/2971
f 3857/2990/2971 2631/2987/2968 303/1359/1351
f 2391/2994/2975 350/1793/1784 2148/2901/2883
f 686/1408/1400 2475/1558/1550 3858/2993/2974
f 655/2911/2893 2719/2991/2972 3858/2993/2974
f 3858/2993/2974 2475/1558/1550 654/1564/1556
f 1657/2996/2977 339/1639/1631 1414/2908/2890
f 349/2902/2884 2147/3001/2982 3859/2995/2976
f 318/2998/2979 2391/2994/2975 3859/2995/2976
f 3859/2995/2976 2147/3001/2982 317/3000/2981
f 2147/3001/2982 349/2902/2884 1904/2937/2919
f 338/2882/2864 1413/1538/1530 3860/2997/2978
f 307/1642/1634 1657/2996/2977 3860/2997/2978
f 3860/2997/2978 1413/1538/1530 306/1547/1539
f 1411/3004/2985 330/2918/2900 1147/2946/2927
f 348/2933/2915 1903/2949/2930 3861/3002/2983
f 317/3000/2981 2147/3001/2982 3861/3002/2983
f 3861/3002/2983 1903/2949/2930 316/2954/2935
f 2389/3007/2988 342/1758/1749 2146/1759/1750
f 329/1742/1733 1146/1543/1535 3862/3005/2986
f 298/2978/2959 1411/3004/2985 3862/3005/2986
f 3862/3005/2986 1146/1543/1535 297/1553/1545
f 2633/3010/2991 343/1610/1602 2390/2921/2903
f 341/1760/1751 2145/2979/2960 3863/3008/2989
f 310/3012/2993 2389/3007/2988 3863/3008/2989
f 3863/3008/2989 2145/2979/2960 309/2985/2966
f 2723/3014/2995 703/1454/1446 2480/1455/1447
f 342/1758/1749 2389/3007/2988 3864/3011/2992
f 311/1613/1605 2633/3010/2991 3864/3011/2992
f 3864/3011/2992 2389/3007/2988 310/3012/2993
f 1150/3017/2998 345/1596/1588 2868/2869/2851
f 702/1456/1448 2479/1637/1629 3865/3015/2996
f 671/1659/1651 2723/3014/2995 3865/3015/2996
f 3865/3015/2996 2479/1637/1629 670/1646/1638
f 2377/3019/3000 294/1652/1644 2134/1653/1645
f 344/1717/1708 2867/1602/1594 3866/3018/2999
f 313/1435/1427 1150/3017/2998 3866/3018/2999
f 3866/3018/2999 2867/1602/1594 312/1611/1603
f 1144/3022/3003 321/2940/2838 1152/2941/2922
f 293/1591/1583 2133/3079/3059 3867/3020/3001
f 262/1249/1243 2377/3019/3000 3867/3020/3001
f 3867/3020/3001 2133/3079/3059 261/3025/3006
f 1653/3026/3007 323/1797/1788 1410/1798/1789
f 1152/2941/2922 352/1668/1659 2869/2952/2933
f 289/3028/1486 1144/3022/3003 3868/3023/3004
f 3868/3023/3004 2869/2952/2933 320/2959/2940
f 1989/3030/3010 692/1441/1433 1746/1442/1434
f 322/1799/1790 1409/2947/2928 3869/3027/3008
f 291/1394/1386 1653/3026/3007 3869/3027/3008
f 3869/3027/3008 1409/2947/2928 290/2951/2932
f 1659/3033/3013 347/2859/2841 1416/2860/2842
f 691/1443/1435 1745/1598/1590 3870/3031/3011
f 660/1601/1593 1989/3030/3010 3870/3031/3011
f 3870/3031/3011 1745/1598/1590 659/1605/1597
f 2635/3035/3015 351/1670/1661 2392/1792/1783
f 346/2861/2843 1415/1587/1579 3871/3034/3014
f 315/2956/2937 1659/3033/3013 3871/3034/3014
f 3871/3034/3014 1415/1587/1579 314/1597/1589
f 2863/3038/3018 328/1552/1544 2630/1706/1697
f 350/1793/1784 2391/2994/2975 3872/3036/3016
f 319/1413/1405 2635/3035/3015 3872/3036/3016
f 3872/3036/3016 2391/2994/2975 318/2998/2979
f 1897/3041/3021 324/1590/1582 1654/2879/2861
f 327/1707/1698 2629/2965/2946 3873/3039/3019
f 296/1388/1380 2863/3038/3018 3873/3039/3019
f 3873/3039/3019 2629/2965/2946 295/2969/2950
f 1256/3044/3024 721/1258/1252 2950/1259/1253
f 323/1797/1788 1653/3026/3007 3874/3042/3022
f 292/1593/1585 1897/3041/3021 3874/3042/3022
f 3874/3042/3022 1653/3026/3007 291/1394/1386
f 1645/3046/3026 291/1394/1386 1402/3032/3012
f 720/1260/1254 2949/1410/1402 3875/3045/3025
f 689/1349/1341 1256/3044/3024 3875/3045/3025
f 3875/3045/3025 2949/1410/1402 688/1418/1410
f 2381/3048/3028 310/3012/2993 2138/3013/2994
f 290/2951/2932 1401/1488/1480 3876/3047/3027
f 259/1318/1311 1645/3046/3026 3876/3047/3027
f 3876/3047/3027 1401/1488/1480 258/1495/1487
f 2856/3051/3031 296/1388/1380 2622/3043/3023
f 309/2985/2966 2137/3115/3094 3877/3049/3029
f 278/3053/3033 2381/3048/3028 3877/3049/3029
f 3877/3049/3029 2137/3115/3094 277/3055/3035
f 2379/3056/3036 302/1371/1363 2136/2964/2945
f 295/2969/2950 2621/3060/3040 3878/3052/3032
f 264/1391/1383 2856/3051/3031 3878/3052/3032
f 3878/3052/3032 2621/3060/3040 263/3059/3039
f 2621/3060/3040 295/2969/2950 2378/2970/2951
f 301/1768/1759 2135/1415/1407 3879/3057/3037
f 270/1373/1365 2379/3056/3036 3879/3057/3037
f 3879/3057/3037 2135/1415/1407 269/1425/1417
f 2139/3063/3043 317/3000/2981 1896/3006/2987
f 294/1652/1644 2377/3019/3000 3880/3061/3041
f 263/3059/3039 2621/3060/3040 3880/3061/3041
f 3880/3061/3041 2377/3019/3000 262/1249/1243
f 2860/3065/3045 312/1611/1603 2626/1612/1604
f 316/2954/2935 1895/3128/3107 3881/3064/3044
f 285/1310/1303 2139/3063/3043 3881/3064/3044
f 3881/3064/3044 1895/3128/3107 284/1240/1234
f 1403/3067/3047 298/2978/2959 1138/3009/2990
f 311/1613/1605 2625/3107/3087 3882/3066/3046
f 280/3069/3049 2860/3065/3045 3882/3066/3046
f 3882/3066/3046 2625/3107/3087 279/3071/3051
f 1647/3072/3052 299/1577/1569 1404/2977/2958
f 297/1553/1545 1137/1380/1372 3883/3068/3048
f 266/1300/1293 1403/3067/3047 3883/3068/3048
f 3883/3068/3048 1137/1380/1372 265/1389/1381
f 1751/3075/3055 715/1315/1308 1508/3076/3056
f 298/2978/2959 1403/3067/3047 3884/3073/3053
f 267/3078/3058 1647/3072/3052 3884/3073/3053
f 3884/3073/3053 1403/3067/3047 266/1300/1293
f 2133/3079/3059 293/1591/1583 1890/1592/1584
f 714/3081/3061 1507/1421/1413 3885/3077/3057
f 683/1400/1392 1751/3075/3055 3885/3077/3057
f 3885/3077/3057 1507/1421/1413 682/1431/1423
f 2729/3082/3062 727/1296/1289 2486/3083/3063
f 292/1593/1585 1889/1385/1377 3886/3080/3060
f 261/3025/3006 2133/3079/3059 3886/3080/3060
f 3886/3080/3060 1889/1385/1377 260/1395/1387
f 2725/3086/3066 711/1376/1368 2482/3087/3067
f 726/1284/1277 2485/1444/1436 3887/3084/3064
f 695/1461/1453 2729/3082/3062 3887/3084/3064
f 3887/3084/3064 2485/1444/1436 694/1450/1442
f 2237/3089/3069 709/1244/1238 1994/1245/1239
f 710/3091/3071 2481/1356/1348 3888/3088/3068
f 679/1379/1371 2725/3086/3066 3888/3088/3068
f 3888/3088/3068 2481/1356/1348 678/1365/1357
f 1139/3092/3072 305/1549/1541 2859/2981/2962
f 708/1187/1181 1993/1345/1337 3889/3090/3070
f 677/1367/1359 2237/3089/3069 3889/3090/3070
f 3889/3090/3070 1993/1345/1337 676/1353/1345
f 1405/3094/3074 306/1547/1539 1140/1548/1540
f 304/2982/2963 2858/1350/1342 3890/3093/3073
f 273/1199/1193 1139/3092/3072 3890/3093/3073
f 3890/3093/3073 2858/1350/1342 272/1230/1224
f 1649/3096/3076 307/1642/1634 1406/3003/2984
f 305/1549/1541 1139/3092/3072 3891/3095/3075
f 274/1225/1219 1405/3094/3074 3891/3095/3075
f 3891/3095/3075 1139/3092/3072 273/1199/1193
f 1749/3098/3078 707/1189/1183 1506/3099/3079
f 306/1547/1539 1405/3094/3074 3892/3097/3077
f 275/3101/3081 1649/3096/3076 3892/3097/3077
f 3892/3097/3077 1405/3094/3074 274/1225/1219
f 1891/3102/3082 300/1424/1416 1648/1576/1568
f 706/1177/1171 1505/1336/1329 3893/3100/3080
f 675/1355/1347 1749/3098/3078 3893/3100/3080
f 3893/3100/3080 1505/1336/1329 674/1342/1334
f 2383/3104/3084 318/2998/2979 2140/2999/2980
f 299/1577/1569 1647/3072/3052 3894/3103/3083
f 268/1427/1419 1891/3102/3082 3894/3103/3083
f 3894/3103/3083 1647/3072/3052 267/3078/3058
f 2625/3107/3087 311/1613/1605 2382/3016/2997
f 317/3000/2981 2139/3063/3043 3895/3105/3085
f 286/1253/1247 2383/3104/3084 3895/3105/3085
f 3895/3105/3085 2139/3063/3043 285/1310/1303
f 1252/3109/3089 705/1338/1173 1260/1339/1331
f 310/3012/2993 2381/3048/3028 3896/3108/3088
f 279/3071/3051 2625/3107/3087 3896/3108/3088
f 3896/3108/3088 2381/3048/3028 278/3053/3033
f 1141/3112/3092 313/1435/1427 2861/3021/3002
f 1260/1339/1331 736/1334/1327 2953/1492/1484
f 673/3114/1336 1252/3109/3089 3897/3110/3090
f 3897/3110/3090 2953/1492/1484 704/1499/1491
f 2137/3115/3094 309/2985/2966 1894/2986/2967
f 312/1611/1603 2860/3065/3045 3898/3113/3093
f 281/1438/1430 1141/3112/3092 3898/3113/3093
f 3898/3113/3093 2860/3065/3045 280/3069/3049
f 1651/3118/3097 315/2956/2937 1408/3037/3017
f 308/1640/1632 1893/3126/3105 3899/3116/3095
f 277/3055/3035 2137/3115/3094 3899/3116/3095
f 3899/3116/3095 1893/3126/3105 276/3121/3100
f 2727/3122/3101 719/1306/1299 2484/1307/1300
f 314/1597/1589 1407/1428/1420 3900/3119/3098
f 283/3124/3103 1651/3118/3097 3900/3119/3098
f 3900/3119/3098 1407/1428/1420 282/1436/1428
f 1893/3126/3105 308/1640/1632 1650/1641/1633
f 718/1182/1176 2483/1401/1393 3901/3123/3102
f 687/1420/1412 2727/3122/3101 3901/3123/3102
f 3901/3123/3102 2483/1401/1393 686/1408/1400
f 1895/3128/3107 316/2954/2935 1652/2955/2936
f 307/1642/1634 1649/3096/3076 3902/3127/3106
f 276/3121/3100 1893/3126/3105 3902/3127/3106
f 3902/3127/3106 1649/3096/3076 275/3101/3081
f 2627/3131/3110 319/1413/1405 2384/3040/3020
f 315/2956/2937 1651/3118/3097 3903/3129/3108
f 284/1240/1234 1895/3128/3107 3903/3129/3108
f 3903/3129/3108 1651/3118/3097 283/3124/3103
f 1519/3134/3113 762/1137/1133 1268/1138/1134
f 318/2998/2979 2383/3104/3084 3904/3132/3111
f 287/1280/1273 2627/3131/3110 3904/3132/3111
f 3904/3132/3111 2383/3104/3084 286/1253/1247
f 1135/3136/3115 289/3028/1486 1143/3029/3009
f 761/1113/1109 1267/3168/3146 3905/3135/3114
f 730/1327/1320 1519/3134/3113 3905/3135/3114
f 3905/3135/3114 1267/3168/3146 729/1471/1463
f 2737/3138/3117 759/1051/1047 2494/1122/1118
f 1143/3029/3009 320/2959/2940 2862/1405/1397
f 257/3140/1263 1135/3136/3115 3906/3137/3116
f 3906/3137/3116 2862/1405/1397 288/1414/1406
f 1637/3141/3119 259/1318/1311 1394/3050/3030
f 758/1123/1119 2493/1277/1270 3907/3139/3118
f 727/1296/1289 2737/3138/3117 3907/3139/3118
f 3907/3139/3118 2493/1277/1270 726/1284/1277
f 2489/3143/3121 742/1039/1035 2246/1040/1036
f 258/1495/1487 1393/1261/1255 3908/3142/3120
f 227/1321/1314 1637/3141/3119 3908/3142/3120
f 3908/3142/3120 1393/1261/1255 226/1270/1264
f 2125/3146/3124 261/3025/3006 1882/3085/3065
f 741/1041/1037 2245/1238/1232 3909/3144/3122
f 710/3091/3071 2489/3143/3121 3909/3144/3122
f 3909/3144/3122 2245/1238/1232 709/1244/1238
f 2369/3148/3126 262/1249/1243 2126/3024/3005
f 260/1395/1387 1881/1311/1304 3910/3147/3125
f 229/3150/3128 2125/3146/3124 3910/3147/3125
f 3910/3147/3125 1881/1311/1304 228/1319/1312
f 2615/3152/3130 271/1361/1353 2372/1372/1364
f 261/3025/3006 2125/3146/3124 3911/3149/3127
f 230/1161/1155 2369/3148/3126 3911/3149/3127
f 3911/3149/3127 2125/3146/3124 229/3150/3128
f 2849/3155/3133 264/1391/1383 2614/3058/3038
f 270/1373/1365 2371/3176/3154 3912/3153/3131
f 239/3157/3135 2615/3152/3130 3912/3153/3131
f 3912/3153/3131 2371/3176/3154 238/3159/3137
f 1885/3160/3138 276/3121/3100 1642/3130/3109
f 263/3059/3039 2613/1241/1235 3913/3156/3134
f 232/3162/3140 2849/3155/3133 3913/3156/3134
f 3913/3156/3134 2613/1241/1235 231/1250/1244
f 1395/3164/3142 266/1300/1293 1129/3074/3054
f 275/3101/3081 1641/1215/1209 3914/3161/3139
f 244/3166/3144 1885/3160/3138 3914/3161/3139
f 3914/3161/3139 1641/1215/1209 243/1226/1220
f 1267/3168/3146 761/1113/1109 2959/1114/1110
f 265/1389/1381 1128/3193/3171 3915/3165/3143
f 234/1302/1295 1395/3164/3142 3915/3165/3143
f 3915/3165/3143 1128/3193/3171 233/3171/3149
f 1883/3172/3150 268/1427/1419 1640/3106/3086
f 760/1049/1045 2958/1286/1279 3916/3169/3147
f 729/1471/1463 1267/3168/3146 3916/3169/3147
f 3916/3169/3147 2958/1286/1279 728/1294/1287
f 2251/3174/3152 765/1018/1014 2008/1019/1015
f 267/3078/3058 1639/1291/1284 3917/3173/3151
f 236/1172/1166 1883/3172/3150 3917/3173/3151
f 3917/3173/3151 1639/1291/1284 235/1092/1088
f 2371/3176/3154 270/1373/1365 2128/3062/3042
f 764/1020/1016 2007/3203/3181 3918/3175/3153
f 733/1290/1283 2251/3174/3152 3918/3175/3153
f 3918/3175/3153 2007/3203/3181 732/1485/1477
f 2733/3178/3156 743/1044/1040 2490/1045/1041
f 269/1425/1417 2127/3220/3198 3919/3177/3155
f 238/3159/3137 2371/3176/3154 3919/3177/3155
f 3919/3177/3155 2127/3220/3198 237/3181/3159
f 2851/3182/3160 272/1230/1224 2616/1360/1352
f 742/1039/1035 2489/3143/3121 3920/3179/3157
f 711/1376/1368 2733/3178/3156 3920/3179/3157
f 3920/3179/3157 2489/3143/3121 710/3091/3071
f 1761/3184/3162 755/1103/1099 1518/1104/1100
f 271/1361/1353 2615/3152/3130 3921/3183/3161
f 240/1232/1226 2851/3182/3160 3921/3183/3161
f 3921/3183/3161 2615/3152/3130 239/3157/3135
f 2373/3187/3165 278/3053/3033 2130/3054/3034
f 754/1099/1095 1517/1256/1250 3922/3185/3163
f 723/1195/1189 1761/3184/3162 3922/3185/3163
f 3922/3185/3163 1517/1256/1250 722/1264/1258
f 2956/3189/3167 752/1062/1058 2736/1087/1083
f 277/3055/3035 2129/3195/3173 3923/3188/3166
f 246/1142/1138 2373/3187/3165 3923/3188/3166
f 3923/3188/3166 2129/3195/3173 245/3192/3170
f 1128/3193/3171 265/1389/1381 2850/1390/1382
f 751/1088/1084 2735/1297/1290 3924/3190/3168
f 720/1260/1254 2956/3189/3167 3924/3190/3168
f 3924/3190/3168 2735/1297/1290 719/1306/1299
f 2129/3195/3173 277/3055/3035 1886/3120/3099
f 264/1391/1383 2849/3155/3133 3925/3194/3172
f 233/3171/3149 1128/3193/3171 3925/3194/3172
f 3925/3194/3172 2849/3155/3133 232/3162/3140
f 1759/3198/3176 747/1065/1061 1516/1066/1062
f 276/3121/3100 1885/3160/3138 3926/3196/3174
f 245/3192/3170 2129/3195/3173 3926/3196/3174
f 3926/3196/3174 1885/3160/3138 244/3166/3144
f 2617/3201/3179 279/3071/3051 2374/3111/3091
f 746/1067/1063 1515/3224/3202 3927/3199/3177
f 715/1315/1308 1759/3198/3176 3927/3199/3177
f 3927/3199/3177 1515/3224/3202 714/3081/3061
f 2007/3203/3181 764/1020/1016 1764/3204/3182
f 278/3053/3033 2373/3187/3165 3928/3202/3180
f 247/3206/3184 2617/3201/3179 3928/3202/3180
f 3928/3202/3180 2373/3187/3165 246/1142/1138
f 1132/3207/3185 281/1438/1430 2854/3117/3096
f 763/1275/1268 1763/1316/1309 3929/3205/3183
f 732/1485/1477 2007/3203/3181 3929/3205/3183
f 3929/3205/3183 1763/1316/1309 731/1325/1318
f 1399/3209/3187 282/1436/1428 1133/1437/1429
f 280/3069/3049 2853/3227/3205 3930/3208/3186
f 249/3211/3189 1132/3207/3185 3930/3208/3186
f 3930/3208/3186 2853/3227/3205 248/3213/3191
f 1757/3214/3192 739/1024/1020 1514/1025/1021
f 281/1438/1430 1132/3207/3185 3931/3210/3188
f 250/3216/3194 1399/3209/3187 3931/3210/3188
f 3931/3210/3188 1132/3207/3185 249/3211/3189
f 1887/3218/3196 284/1240/1234 1644/3133/3112
f 738/1026/1022 1513/1170/1164 3932/3215/3193
f 707/1189/1183 1757/3214/3192 3932/3215/3193
f 3932/3215/3193 1513/1170/1164 706/1177/1171
f 2127/3220/3198 269/1425/1417 1884/1426/1418
f 283/3124/3103 1643/3222/3200 3933/3219/3197
f 252/1148/1144 1887/3218/3196 3933/3219/3197
f 3933/3219/3197 1643/3222/3200 251/1055/1051
f 1643/3222/3200 283/3124/3103 1400/3125/3104
f 268/1427/1419 1883/3172/3150 3934/3221/3199
f 237/3181/3159 2127/3220/3198 3934/3221/3199
f 3934/3221/3199 1883/3172/3150 236/1172/1166
f 1515/3224/3202 746/1067/1063 1264/1082/1078
f 282/1436/1428 1399/3209/3187 3935/3223/3201
f 251/1055/1051 1643/3222/3200 3935/3223/3201
f 3935/3223/3201 1399/3209/3187 250/3216/3194
f 2853/3227/3205 280/3069/3049 2618/3070/3050
f 745/1083/1079 1263/1210/1204 3936/3225/3203
f 714/3081/3061 1515/3224/3202 3936/3225/3203
f 3936/3225/3203 1263/1210/1204 713/1219/1213
f 2954/3229/3207 744/1218/1212 2734/3230/3208
f 279/3071/3051 2617/3201/3179 3937/3228/3206
f 248/3213/3191 2853/3227/3205 3937/3228/3206
f 3937/3228/3206 2617/3201/3179 247/3206/3184
f 1385/3233/3211 226/1270/1264 1118/1271/1265
f 743/1044/1040 2733/3178/3156 3938/3231/3209
f 712/1221/1215 2954/3229/3207 3938/3231/3209
f 3938/3231/3209 2733/3178/3156 711/1376/1368
f 2363/3235/3213 238/3159/3137 2120/3180/3158
f 225/1272/1201 1117/4350/3308 3939/3234/3212
f 194/3237/3215 1385/3233/3211 3939/3234/3212
f 3939/3234/3212 1117/4350/3308 193/3239/3217
f 2743/3240/3218 783/930/926 2500/931/927
f 237/3181/3159 2119/1165/1159 3940/3236/3214
f 206/960/956 2363/3235/3213 3940/3236/3214
f 3940/3236/3214 2119/1165/1159 205/1173/1167
f 2361/3243/3221 230/1161/1155 2118/3154/3132
f 782/926/922 2499/1072/1068 3941/3241/3219
f 751/1088/1084 2743/3240/3218 3941/3241/3219
f 3941/3241/3219 2499/1072/1068 750/1078/1074
f 2117/3245/3223 229/3150/3128 1874/3151/3129
f 229/3150/3128 2117/3245/3223 3942/3244/3222
f 198/1164/1158 2361/3243/3221 3942/3244/3222
f 3942/3244/3222 2117/3245/3223 197/3248/3226
f 1873/3249/3227 228/1319/1312 1630/1320/1313
f 228/1319/1312 1873/3249/3227 3943/3246/3224
f 197/3248/3226 2117/3245/3223 3943/3246/3224
f 3943/3246/3224 1873/3249/3227 196/3252/3230
f 2842/3253/3231 232/3162/3140 2606/3163/3141
f 227/1321/1314 1629/3264/3242 3944/3250/3228
f 196/3252/3230 1873/3249/3227 3944/3250/3228
f 3944/3250/3228 1629/3264/3242 195/3256/3234
f 2844/3257/3235 240/1232/1226 2608/3186/3164
f 231/1250/1244 2605/1155/1149 3945/3254/3232
f 200/3259/3237 2842/3253/3231 3945/3254/3232
f 3945/3254/3232 2605/1155/1149 199/1162/1156
f 1387/3261/3239 234/1302/1295 1120/3170/3148
f 239/3157/3135 2607/3282/3260 3946/3258/3236
f 208/3263/3241 2844/3257/3235 3946/3258/3236
f 3946/3258/3236 2607/3282/3260 207/945/941
f 1629/3264/3242 227/1321/1314 1386/3145/3123
f 233/3171/3149 1119/3284/3262 3947/3262/3240
f 202/3266/3244 1387/3261/3239 3947/3262/3240
f 3947/3262/3240 1119/3284/3262 201/3268/3246
f 1877/3269/3247 244/3166/3144 1634/3167/3145
f 226/1270/1264 1385/3233/3211 3948/3265/3243
f 195/3256/3234 1629/3264/3242 3948/3265/3243
f 3948/3265/3243 1385/3233/3211 194/3237/3215
f 1391/3272/3250 250/3216/3194 1124/3217/3195
f 243/1226/1220 1633/3277/3255 3949/3270/3248
f 212/3274/3252 1877/3269/3247 3949/3270/3248
f 3949/3270/3248 1633/3277/3255 211/3276/3254
f 1633/3277/3255 243/1226/1220 1390/1227/1221
f 249/3211/3189 1123/3309/3287 3950/3273/3251
f 218/3279/3257 1391/3272/3250 3950/3273/3251
f 3950/3273/3251 1123/3309/3287 217/3281/3259
f 2607/3282/3260 239/3157/3135 2364/3158/3136
f 242/1200/1194 1389/3312/3290 3951/3278/3256
f 211/3276/3254 1633/3277/3255 3951/3278/3256
f 3951/3278/3256 1389/3312/3290 210/940/936
f 1119/3284/3262 233/3171/3149 2843/3197/3175
f 238/3159/3137 2363/3235/3213 3952/3283/3261
f 207/945/941 2607/3282/3260 3952/3283/3261
f 3952/3283/3261 2363/3235/3213 206/960/956
f 1121/3286/3264 241/1202/1196 2845/1231/1225
f 232/3162/3140 2842/3253/3231 3953/3285/3263
f 201/3268/3246 1119/3284/3262 3953/3285/3263
f 3953/3285/3263 2842/3253/3231 200/3259/3237
f 2261/3289/3267 805/727/724 2018/3290/3268
f 240/1232/1226 2844/3257/3235 3954/3287/3265
f 209/3292/3270 1121/3286/3264 3954/3287/3265
f 3954/3287/3265 2844/3257/3235 208/3263/3241
f 1272/3294/3272 777/903/899 2962/904/900
f 804/714/711 2017/3352/3329 3955/3291/3269
f 773/889/885 2261/3289/3267 3955/3291/3269
f 3955/3291/3269 2017/3352/3329 772/1117/1113
f 2257/3296/3274 789/950/946 2014/951/947
f 776/905/901 2961/3318/3296 3956/3295/3273
f 745/1083/1079 1272/3294/3272 3956/3295/3273
f 3956/3295/3273 2961/3318/3296 744/1218/1212
f 2121/3298/3276 245/3192/3170 1878/3200/3178
f 788/897/893 2013/1101/1097 3957/3297/3275
f 757/1283/1276 2257/3296/3274 3957/3297/3275
f 3957/3297/3275 2013/1101/1097 756/1108/1104
f 2365/3300/3278 246/1142/1138 2122/3191/3169
f 244/3166/3144 1877/3269/3247 3958/3299/3277
f 213/3302/3280 2121/3298/3276 3958/3299/3277
f 3958/3299/3277 1877/3269/3247 212/3274/3252
f 2747/3304/3282 799/876/872 2504/877/873
f 245/3192/3170 2121/3298/3276 3959/3301/3279
f 214/1144/1140 2365/3300/3278 3959/3301/3279
f 3959/3301/3279 2121/3298/3276 213/3302/3280
f 2846/3307/3285 248/3213/3191 2610/3232/3210
f 798/878/874 2503/1149/1145 3960/3305/3283
f 767/1169/1163 2747/3304/3282 3960/3305/3283
f 3960/3305/3283 2503/1149/1145 766/1158/1152
f 1123/3309/3287 249/3211/3189 2847/3212/3190
f 247/3206/3184 2609/1134/1130 3961/3308/3286
f 216/3311/3289 2846/3307/3285 3961/3308/3286
f 3961/3308/3286 2609/1134/1130 215/984/980
f 1389/3312/3290 242/1200/1194 1122/1201/1195
f 248/3213/3191 2846/3307/3285 3962/3310/3288
f 217/3281/3259 1123/3309/3287 3962/3310/3288
f 3962/3310/3288 2846/3307/3285 216/3311/3289
f 1635/3315/3293 251/1055/1051 1392/3226/3204
f 241/1202/1196 1121/3286/3264 3963/3313/3291
f 210/940/936 1389/3312/3290 3963/3313/3291
f 3963/3313/3291 1121/3286/3264 209/3292/3270
f 2961/3318/3296 776/905/901 2742/955/951
f 250/3216/3194 1391/3272/3250 3964/3316/3294
f 219/1057/1053 1635/3315/3293 3964/3316/3294
f 3964/3316/3294 1391/3272/3250 218/3279/3257
f 2015/3321/3299 796/994/990 1772/995/991
f 775/956/952 2741/1037/1033 3965/3319/3297
f 744/1218/1212 2961/3318/3296 3965/3319/3297
f 3965/3319/3297 2741/1037/1033 743/1044/1040
f 1631/3323/3301 235/1092/1088 1388/1301/1294
f 795/996/992 1771/1266/1260 3966/3322/3300
f 764/1020/1016 2015/3321/3299 3966/3322/3300
f 3966/3322/3300 1771/1266/1260 763/1275/1268
f 2611/3325/3303 255/1127/1123 2368/1254/1248
f 234/1302/1295 1387/3261/3239 3967/3324/3302
f 203/1095/1091 1631/3323/3301 3967/3324/3302
f 3967/3324/3302 1387/3261/3239 202/3266/3244
f 2501/3328/3306 790/980/976 2258/1003/999
f 254/1255/1249 2367/1124/1120 3968/3326/3304
f 223/867/863 2611/3325/3303 3968/3326/3304
f 3968/3326/3304 2367/1124/1120 222/892/888
f 1117/3330/3308 225/1207/1201 1125/1208/1202
f 789/950/946 2257/3296/3274 3969/3329/3307
f 758/1123/1119 2501/3328/3306 3969/3329/3307
f 3969/3329/3307 2257/3296/3274 757/1283/1276
f 1377/3332/3310 194/3237/3215 1109/3238/3216
f 1125/1208/1202 256/1209/1203 2848/1119/1115
f 193/3334/3217 1117/3330/3308 3970/3331/3309
f 3970/3331/3309 2848/1119/1115 224/1128/1124
f 1779/3336/3313 827/845/841 1536/3337/3314
f 193/3239/3217 1108/4351/3333 3971/3333/3311
f 162/749/746 1377/3332/3310 3971/3333/3311
f 3971/3333/3311 1108/4351/3333 161/3340/3317
f 1865/3341/3318 196/3252/3230 1622/3255/3233
f 826/828/824 1535/874/870 3972/3338/3315
f 795/996/992 1779/3336/3313 3972/3338/3315
f 3972/3338/3315 1535/874/870 794/881/877
f 2109/3343/3320 197/3248/3226 1866/3251/3229
f 195/3256/3234 1621/3379/3355 3973/3342/3319
f 164/3345/3322 1865/3341/3318 3973/3342/3319
f 3973/3342/3319 1621/3379/3355 163/3347/3324
f 2511/3348/3325 830/848/844 2268/849/845
f 196/3252/3230 1865/3341/3318 3974/3344/3321
f 165/3350/3327 2109/3343/3320 3974/3344/3321
f 3974/3344/3321 1865/3341/3318 164/3345/3322
f 2017/3352/3329 804/714/711 1774/715/712
f 829/790/786 2267/992/988 3975/3349/3326
f 798/878/874 2511/3348/3325 3975/3349/3326
f 3975/3349/3326 2267/992/988 797/999/995
f 2835/3354/3331 200/3259/3237 2598/3260/3238
f 803/716/713 1773/864/860 3976/3353/3330
f 772/1117/1113 2017/3352/3329 3976/3353/3330
f 3976/3353/3330 1773/864/860 771/871/867
f 1108/3356/3333 193/3334/3217 1116/3335/3312
f 199/1162/1156 2597/3370/3346 3977/3355/3332
f 168/3358/3335 2835/3354/3331 3977/3355/3332
f 3977/3355/3332 2597/3370/3346 167/3360/3337
f 1379/3361/3338 202/3266/3244 1111/3267/3245
f 1116/3335/3312 224/1128/1124 2841/859/855
f 161/3363/3317 1108/3356/3333 3978/3357/3334
f 3978/3357/3334 2841/859/855 192/868/864
f 2111/3365/3341 205/1173/1167 1868/1174/1168
f 201/3268/3246 1110/3384/3360 3979/3362/3339
f 170/3367/3343 1379/3361/3338 3979/3362/3339
f 3979/3362/3339 1110/3384/3360 169/3369/3345
f 2597/3370/3346 199/1162/1156 2354/1163/1157
f 204/1093/1089 1867/3382/3358 3980/3366/3342
f 173/3372/3348 2111/3365/3341 3980/3366/3342
f 3980/3366/3342 1867/3382/3358 172/3374/3350
f 2353/3375/3351 198/1164/1158 2110/3247/3225
f 198/1164/1158 2353/3375/3351 3981/3371/3347
f 167/3360/3337 2597/3370/3346 3981/3371/3347
f 3981/3371/3347 2353/3375/3351 166/3378/3354
f 1621/3379/3355 195/3256/3234 1378/3271/3249
f 197/3248/3226 2109/3343/3320 3982/3376/3352
f 166/3378/3354 2353/3375/3351 3982/3376/3352
f 3982/3376/3352 2109/3343/3320 165/3350/3327
f 1867/3382/3358 204/1093/1089 1624/1094/1090
f 194/3237/3215 1377/3332/3310 3983/3380/3356
f 163/3347/3324 1621/3379/3355 3983/3380/3356
f 3983/3380/3356 1377/3332/3310 162/749/746
f 1110/3384/3360 201/3268/3246 2836/3288/3266
f 203/1095/1091 1623/3397/3373 3984/3383/3359
f 172/3374/3350 1867/3382/3358 3984/3383/3359
f 3984/3383/3359 1623/3397/3373 171/3387/3363
f 1112/3388/3364 209/3292/3270 2838/3293/3271
f 200/3259/3237 2835/3354/3331 3985/3385/3361
f 169/3369/3345 1110/3384/3360 3985/3385/3361
f 3985/3385/3361 2835/3354/3331 168/3358/3335
f 1381/3391/3367 210/940/936 1113/3317/3295
f 208/3263/3241 2837/937/933 3986/3389/3365
f 177/3393/3369 1112/3388/3364 3986/3389/3365
f 3986/3389/3365 2837/937/933 176/862/858
f 1283/3394/3370 817/740/737 2971/780/776
f 209/3292/3270 1112/3388/3364 3987/3392/3368
f 178/942/938 1381/3391/3367 3987/3392/3368
f 3987/3392/3368 1112/3388/3364 177/3393/3369
f 1623/3397/3373 203/1095/1091 1380/3327/3305
f 816/775/771 2970/928/924 3988/3395/3371
f 785/1098/1094 1283/3394/3370 3988/3395/3371
f 3988/3395/3371 2970/928/924 784/935/931
f 2113/3399/3375 213/3302/3280 1870/3303/3281
f 202/3266/3244 1379/3361/3338 3989/3398/3374
f 171/3387/3363 1623/3397/3373 3989/3398/3374
f 3989/3398/3374 1379/3361/3338 170/3367/3343
f 2357/3402/3378 214/1144/1140 2114/3306/3284
f 212/3274/3252 1869/3410/3386 3990/3400/3376
f 181/3404/3380 2113/3399/3375 3990/3400/3376
f 3990/3400/3376 1869/3410/3386 180/3406/3382
f 2601/3407/3383 215/984/980 2358/1143/1139
f 213/3302/3280 2113/3399/3375 3991/3403/3379
f 182/967/963 2357/3402/3378 3991/3403/3379
f 3991/3403/3379 2113/3399/3375 181/3404/3380
f 1869/3410/3386 212/3274/3252 1626/3275/3253
f 214/1144/1140 2357/3402/3378 3992/3408/3384
f 183/987/983 2601/3407/3383 3992/3408/3384
f 3992/3408/3384 2357/3402/3378 182/967/963
f 1114/3412/3388 217/3281/3259 2840/3314/3292
f 211/3276/3254 1625/932/928 3993/3411/3387
f 180/3406/3382 1869/3410/3386 3993/3411/3387
f 3993/3411/3387 1625/932/928 179/838/834
f 1383/3414/3390 218/3279/3257 1115/3280/3258
f 216/3311/3289 2839/976/972 3994/3413/3389
f 185/3416/3392 1114/3412/3388 3994/3413/3389
f 3994/3413/3389 2839/976/972 184/985/981
f 1627/3418/3394 219/1057/1053 1384/3320/3298
f 217/3281/3259 1114/3412/3388 3995/3415/3391
f 186/3420/3396 1383/3414/3390 3995/3415/3391
f 3995/3415/3391 1114/3412/3388 185/3416/3392
f 1533/3422/3398 818/738/735 1284/739/736
f 218/3279/3257 1383/3414/3390 3996/3419/3395
f 187/3424/3400 1627/3418/3394 3996/3419/3395
f 3996/3419/3395 1383/3414/3390 186/3420/3396
f 1871/3426/3402 220/908/904 1628/1056/1052
f 817/740/737 1283/3394/3370 3997/3423/3399
f 786/991/987 1533/3422/3398 3997/3423/3399
f 3997/3423/3399 1283/3394/3370 785/1098/1094
f 2359/3428/3404 222/892/888 2116/1132/1128
f 219/1057/1053 1627/3418/3394 3998/3427/3403
f 188/910/906 1871/3426/3402 3998/3427/3403
f 3998/3427/3403 1627/3418/3394 187/3424/3400
f 1285/3431/3407 825/830/826 2973/3432/3408
f 221/1133/1129 2115/900/896 3999/3429/3405
f 190/894/890 2359/3428/3404 3999/3429/3405
f 3999/3429/3405 2115/900/896 189/709/706
f 2355/3434/3410 206/960/956 2112/3242/3220
f 824/817/813 2972/965/961 4000/3433/3409
f 793/883/879 1285/3431/3407 4000/3433/3409
f 4000/3433/3409 2972/965/961 792/973/969
f 1529/3436/3412 802/766/762 1280/767/763
f 205/1173/1167 2111/3365/3341 4001/3435/3411
f 174/834/830 2355/3434/3410 4001/3435/3411
f 4001/3435/3411 2111/3365/3341 173/3372/3348
f 1369/3439/3415 162/749/746 1100/3339/3316
f 801/768/764 1279/4352/1003 4002/3437/3413
f 770/873/869 1529/3436/3412 4002/3437/3413
f 4002/3437/3413 1279/4352/1003 769/1152/1010
f 1615/3441/3417 171/3387/3363 1372/3401/3377
f 161/3340/3317 1099/4353/3449 4003/3440/3416
f 130/752/749 1369/3439/3415 4003/3440/3416
f 4003/3440/3416 1099/4353/3449 129/3444/3420
f 2595/3445/3421 191/783/779 2352/893/889
f 170/3367/3343 1371/3461/3437 4004/3442/3418
f 139/3447/3423 1615/3441/3417 4004/3442/3418
f 4004/3442/3418 1371/3461/3437 138/546/543
f 2101/3448/3424 165/3350/3327 1858/3351/3328
f 190/894/890 2351/701/698 4005/3446/3422
f 159/786/782 2595/3445/3421 4005/3446/3422
f 4005/3446/3422 2351/701/698 158/560/557
f 1539/3450/3426 842/584/581 1291/585/582
f 164/3345/3322 1857/3505/3479 4006/3449/3425
f 133/3452/3428 2101/3448/3424 4006/3449/3425
f 4006/3449/3425 1857/3505/3479 132/806/802
f 2830/3453/3429 176/862/858 2592/946/942
f 841/586/583 1290/728/725 4007/3451/3427
f 810/823/819 1539/3450/3426 4007/3451/3427
f 4007/3451/3427 1290/728/725 809/734/731
f 2828/3455/3431 168/3358/3335 2590/3359/3336
f 175/947/943 2591/824/820 4008/3454/3430
f 144/590/587 2830/3453/3429 4008/3454/3430
f 4008/3454/3430 2591/824/820 143/835/831
f 1101/3458/3434 169/3369/3345 2829/3390/3366
f 167/3360/3337 2589/3479/3454 4009/3456/3432
f 136/3460/3436 2828/3455/3431 4009/3456/3432
f 4009/3456/3432 2589/3479/3454 135/577/574
f 1371/3461/3437 170/3367/3343 1102/3368/3344
f 168/3358/3335 2828/3455/3431 4010/3459/3435
f 137/3463/3439 1101/3458/3434 4010/3459/3435
f 4010/3459/3435 2828/3455/3431 136/3460/3436
f 1781/3465/3441 835/551/548 1538/3466/3442
f 169/3369/3345 1101/3458/3434 4011/3462/3438
f 138/546/543 1371/3461/3437 4011/3462/3438
f 4011/3462/3438 1101/3458/3434 137/3463/3439
f 1294/3469/3445 857/827/823 2980/3470/3446
f 834/3472/3448 1537/759/756 4012/3467/3443
f 803/716/713 1781/3465/3441 4012/3467/3443
f 4012/3467/3443 1537/759/756 802/766/762
f 1099/3473/3449 161/3363/3317 1107/3364/3340
f 856/656/653 2979/810/806 4013/3471/3447
f 825/830/826 1294/3469/3445 4013/3471/3447
f 4013/3471/3447 2979/810/806 824/817/813
f 2347/3475/3451 174/834/830 2104/3438/3414
f 1107/3364/3340 192/868/864 2834/777/773
f 129/3477/3420 1099/3473/3449 4014/3474/3450
f 4014/3474/3450 2834/777/773 160/784/780
f 2589/3479/3454 167/3360/3337 2346/3377/3353
f 173/3372/3348 2103/3499/3473 4015/3476/3452
f 142/542/539 2347/3475/3451 4015/3476/3452
f 4015/3476/3452 2103/3499/3473 141/3482/3457
f 2105/3483/3458 181/3404/3380 1862/3405/3381
f 166/3378/3354 2345/3523/3497 4016/3480/3455
f 135/577/574 2589/3479/3454 4016/3480/3455
f 4016/3480/3455 2345/3523/3497 134/594/591
f 1288/3485/3460 833/699/696 1296/700/697
f 180/3406/3382 1861/831/827 4017/3484/3459
f 149/3487/3462 2105/3483/3458 4017/3484/3459
f 4017/3484/3459 1861/831/827 148/839/835
f 1373/3489/3464 178/942/938 1104/3396/3372
f 1296/700/697 864/631/628 2981/850/846
f 801/3491/764 1288/3485/3460 4018/3486/3461
f 4018/3486/3461 2981/850/846 832/857/853
f 1617/3492/3466 179/838/834 1374/941/937
f 177/3393/3369 1103/854/850 4019/3490/3465
f 146/3494/3468 1373/3489/3464 4019/3490/3465
f 4019/3490/3465 1103/854/850 145/863/859
f 1375/3496/3470 186/3420/3396 1106/3421/3397
f 178/942/938 1373/3489/3464 4020/3493/3467
f 147/841/837 1617/3492/3466 4020/3493/3467
f 4020/3493/3467 1373/3489/3464 146/3494/3468
f 2103/3499/3473 173/3372/3348 1860/3373/3349
f 185/3416/3392 1105/3511/3485 4021/3497/3471
f 154/599/596 1375/3496/3470 4021/3497/3471
f 4021/3497/3471 1105/3511/3485 153/3502/3476
f 2349/3503/3477 182/967/963 2106/3409/3385
f 172/3374/3350 1859/3530/3504 4022/3500/3474
f 141/3482/3457 2103/3499/3473 4022/3500/3474
f 4022/3500/3474 1859/3530/3504 140/636/633
f 1857/3505/3479 164/3345/3322 1614/3346/3323
f 181/3404/3380 2105/3483/3458 4023/3504/3478
f 150/970/966 2349/3503/3477 4023/3504/3478
f 4023/3504/3478 2105/3483/3458 149/3487/3462
f 1785/3508/3482 851/626/623 1542/627/624
f 163/3347/3324 1613/741/738 4024/3506/3480
f 132/806/802 1857/3505/3479 4024/3506/3480
f 4024/3506/3480 1613/741/738 131/750/747
f 1105/3511/3485 185/3416/3392 2833/3417/3393
f 850/622/619 1541/732/729 4025/3509/3483
f 819/798/794 1785/3508/3482 4025/3509/3483
f 4025/3509/3483 1541/732/729 818/738/735
f 2269/3513/3487 837/555/552 2026/556/553
f 184/985/981 2832/3528/3502 4026/3512/3486
f 153/3502/3476 1105/3511/3485 4026/3512/3486
f 4026/3512/3486 2832/3528/3502 152/651/648
f 1619/3515/3489 187/3424/3400 1376/3425/3401
f 836/549/546 2025/707/704 4027/3514/3488
f 805/727/724 2269/3513/3487 4027/3514/3488
f 4027/3514/3488 2025/707/704 804/714/711
f 1863/3517/3491 188/910/906 1620/3430/3406
f 186/3420/3396 1375/3496/3470 4028/3516/3490
f 155/3519/3493 1619/3515/3489 4028/3516/3490
f 4028/3516/3490 1375/3496/3470 154/599/596
f 2107/3520/3494 189/709/706 1864/909/905
f 187/3424/3400 1619/3515/3489 4029/3518/3492
f 156/674/671 1863/3517/3491 4029/3518/3492
f 4029/3518/3492 1619/3515/3489 155/3519/3493
f 2345/3523/3497 166/3378/3354 2102/3381/3357
f 188/910/906 1863/3517/3491 4030/3521/3495
f 157/711/708 2107/3520/3494 4030/3521/3495
f 4030/3521/3495 1863/3517/3491 156/674/671
f 1787/3525/3499 859/668/665 1544/669/666
f 165/3350/3327 2101/3448/3424 4031/3524/3498
f 134/594/591 2345/3523/3497 4031/3524/3498
f 4031/3524/3498 2101/3448/3424 133/3452/3428
f 2832/3528/3502 184/985/981 2594/986/982
f 858/670/667 1543/819/815 4032/3526/3500
f 827/845/841 1787/3525/3499 4032/3526/3500
f 4032/3526/3500 1543/819/815 826/828/824
f 1859/3530/3504 172/3374/3350 1616/3386/3362
f 183/987/983 2593/961/957 4033/3529/3503
f 152/651/648 2832/3528/3502 4033/3529/3503
f 4033/3529/3503 2593/961/957 151/968/964
f 1361/3533/3507 130/752/749 1091/3443/3419
f 171/3387/3363 1615/3441/3417 4034/3531/3505
f 140/636/633 1859/3530/3504 4034/3531/3505
f 4034/3531/3505 1615/3441/3417 139/3447/3423
f 1791/3536/3510 875/661/658 1548/3537/3511
f 129/3444/3420 1090/4354/3523 4035/3534/3508
f 98/3539/3513 1361/3533/3507 4035/3534/3508
f 4035/3534/3508 1090/4354/3523 97/489/487
f 1841/3540/3514 100/809/805 1598/3541/3515
f 874/411/409 1547/575/572 4036/3538/3512
f 843/664/661 1791/3536/3510 4036/3538/3512
f 4036/3538/3512 1547/575/572 842/584/581
f 1789/3543/3517 867/384/382 1546/3544/3518
f 99/3546/3520 1597/3629/3602 4037/3542/3516
f 68/268/267 1841/3540/3514 4037/3542/3516
f 4037/3542/3516 1597/3629/3602 67/302/301
f 2337/3547/3521 134/594/591 2094/3527/3501
f 866/501/499 1545/3562/3535 4038/3545/3519
f 835/551/548 1789/3543/3517 4038/3545/3519
f 4038/3545/3519 1545/3562/3535 834/3472/3448
f 1090/3549/3523 129/3477/3420 1098/3478/3453
f 133/3452/3428 2093/799/795 4039/3548/3522
f 102/596/593 2337/3547/3521 4039/3548/3522
f 4039/3548/3522 2093/799/795 101/807/803
f 1299/3552/3526 873/413/411 2983/3553/3527
f 1098/3478/3453 160/784/780 2827/3555/3529
f 97/3556/487 1090/3549/3523 4040/3550/3524
f 4040/3550/3524 2827/3555/3529 128/3558/3531
f 2521/3559/3532 870/393/391 2278/394/392
f 872/3561/3534 2982/563/560 4041/3554/3528
f 841/586/583 1299/3552/3526 4041/3554/3528
f 4041/3554/3528 2982/563/560 840/573/570
f 1545/3562/3535 866/501/499 1298/502/500
f 869/388/386 2277/547/544 4042/3560/3533
f 838/568/565 2521/3559/3532 4042/3560/3533
f 4042/3560/3533 2277/547/544 837/555/552
f 1605/3564/3537 131/750/747 1362/751/748
f 865/503/368 1297/4355/690 4043/3563/3536
f 834/3472/3448 1545/3562/3535 4043/3563/3536
f 4043/3563/3536 1297/4355/690 833/765/696
f 1851/3566/3539 140/636/633 1608/3535/3509
f 130/752/749 1361/3533/3507 4044/3565/3538
f 99/3546/3520 1605/3564/3537 4044/3565/3538
f 4044/3565/3538 1361/3533/3507 98/3539/3513
f 1609/3569/3542 147/841/837 1366/3498/3472
f 139/3447/3423 1607/539/536 4045/3567/3540
f 108/472/470 1851/3566/3539 4045/3567/3540
f 4045/3567/3540 1607/539/536 107/422/420
f 2341/3571/3544 150/970/966 2098/3507/3481
f 146/3494/3468 1365/3575/3548 4046/3570/3543
f 115/514/511 1609/3569/3542 4046/3570/3543
f 4046/3570/3543 1365/3575/3548 114/3574/3547
f 1365/3575/3548 146/3494/3468 1095/3495/3469
f 149/3487/3462 2097/3592/3565 4047/3572/3545
f 118/3577/3550 2341/3571/3544 4047/3572/3545
f 4047/3572/3545 2097/3592/3565 117/523/520
f 1363/3578/3551 138/546/543 1093/3468/3444
f 145/863/859 1094/581/578 4048/3576/3549
f 114/3574/3547 1365/3575/3548 4048/3576/3549
f 4048/3576/3549 1094/581/578 113/462/460
f 2825/3580/3553 152/651/648 2586/3532/3506
f 137/3463/3439 1092/3584/3557 4049/3579/3552
f 106/376/374 1363/3578/3551 4049/3579/3552
f 4049/3579/3552 1092/3584/3557 105/3583/3556
f 1092/3584/3557 137/3463/3439 2822/3464/3440
f 151/968/964 2585/3586/3559 4050/3581/3554
f 120/537/534 2825/3580/3553 4050/3581/3554
f 4050/3581/3554 2585/3586/3559 119/405/403
f 2585/3586/3559 151/968/964 2342/969/965
f 136/3460/3436 2821/569/566 4051/3585/3558
f 105/3583/3556 1092/3584/3557 4051/3585/3558
f 4051/3585/3558 2821/569/566 104/578/575
f 1853/3589/3562 148/839/835 1610/840/836
f 150/970/966 2341/3571/3544 4052/3587/3560
f 119/405/403 2585/3586/3559 4052/3587/3560
f 4052/3587/3560 2341/3571/3544 118/3577/3550
f 2097/3592/3565 149/3487/3462 1854/3488/3463
f 147/841/837 1609/3569/3542 4053/3590/3563
f 116/3594/3567 1853/3589/3562 4053/3590/3563
f 4053/3590/3563 1609/3569/3542 115/514/511
f 1551/3595/3568 890/495/493 1304/496/494
f 148/839/835 1853/3589/3562 4054/3593/3566
f 117/523/520 2097/3592/3565 4054/3593/3566
f 4054/3593/3566 1853/3589/3562 116/3594/3567
f 1849/3598/3571 132/806/802 1606/3510/3484
f 889/497/495 1303/3600/3573 4055/3596/3569
f 858/670/667 1551/3595/3568 4055/3596/3569
f 4055/3596/3569 1303/3600/3573 857/827/823
f 1303/3600/3573 889/497/495 2987/3601/3574
f 131/750/747 1605/3564/3537 4056/3599/3572
f 100/809/805 1849/3598/3571 4056/3599/3572
f 4056/3599/3572 1605/3564/3537 99/3546/3520
f 2037/3603/3576 884/3622/3595 1794/3604/3577
f 888/3606/3579 2986/648/645 4057/3602/3575
f 857/827/823 1303/3600/3573 4057/3602/3575
f 4057/3602/3575 2986/648/645 856/656/653
f 1367/3607/3580 154/599/596 1097/3501/3475
f 883/3609/3582 1793/619/616 4058/3605/3578
f 852/802/798 2037/3603/3576 4058/3605/3578
f 4058/3605/3578 1793/619/616 851/626/623
f 2279/3610/3583 877/479/477 2036/518/515
f 153/3502/3476 1096/643/640 4059/3608/3581
f 122/601/598 1367/3607/3580 4059/3608/3581
f 4059/3608/3581 1096/643/640 121/417/415
f 1855/3612/3585 156/674/671 1612/3522/3496
f 876/519/516 2035/652/649 4060/3611/3584
f 845/606/603 2279/3610/3583 4060/3611/3584
f 4060/3611/3584 2035/652/649 844/662/659
f 2339/3614/3587 142/542/539 2096/3481/3456
f 155/3519/3493 1611/591/588 4061/3613/3586
f 124/432/430 1855/3612/3585 4061/3613/3586
f 4061/3613/3586 1611/591/588 123/427/425
f 2343/3616/3589 158/560/557 2100/710/707
f 141/3482/3457 2095/628/625 4062/3615/3588
f 110/527/524 2339/3614/3587 4062/3615/3588
f 4062/3615/3588 2095/628/625 109/467/465
f 2281/3618/3591 885/510/507 2038/3619/3592
f 157/711/708 2099/665/662 4063/3617/3590
f 126/562/559 2343/3616/3589 4063/3617/3590
f 4063/3617/3590 2099/665/662 125/437/435
f 2827/3555/3529 160/784/780 2588/785/781
f 884/3622/3595 2037/3603/3576 4064/3620/3593
f 853/642/639 2281/3618/3591 4064/3620/3593
f 4064/3620/3593 2037/3603/3576 852/802/798
f 2823/3623/3596 144/590/587 2584/3457/3433
f 159/786/782 2587/552/549 4065/3621/3594
f 128/3558/3531 2827/3555/3529 4065/3621/3594
f 4065/3621/3594 2587/552/549 127/483/481
f 1308/3625/3598 905/410/408 2990/3626/3599
f 143/835/831 2583/534/531 4066/3624/3597
f 112/398/396 2823/3623/3596 4066/3624/3597
f 4066/3624/3597 2583/534/531 111/543/540
f 1597/3629/3602 99/3546/3520 1354/3568/3541
f 904/214/213 2989/3714/3686 4067/3627/3600
f 873/413/411 1308/3625/3598 4067/3627/3600
f 4067/3627/3600 2989/3714/3686 872/3561/3534
f 1801/3631/3604 915/3659/3632 1558/3632/3605
f 98/3539/3513 1353/480/478 4068/3630/3603
f 67/302/301 1597/3629/3602 4068/3630/3603
f 4068/3630/3603 1353/480/478 66/490/488
f 2773/3635/3608 903/216/215 2530/319/318
f 914/248/247 1557/448/446 4069/3633/3606
f 883/3609/3582 1801/3631/3604 4069/3633/3606
f 4069/3633/3606 1557/448/446 882/457/455
f 2085/3637/3610 101/807/803 1842/808/804
f 902/320/319 2529/385/383 4070/3636/3609
f 871/572/569 2773/3635/3608 4070/3636/3609
f 4070/3636/3609 2529/385/383 870/393/391
f 2573/3639/3612 103/580/577 2330/595/592
f 100/809/805 1841/3540/3514 4071/3638/3611
f 69/3641/3614 2085/3637/3610 4071/3638/3611
f 4071/3638/3611 1841/3540/3514 68/268/267
f 2993/3642/3615 920/298/297 2778/3643/3616
f 102/596/593 2329/3696/3668 4072/3640/3613
f 71/3645/3618 2573/3639/3612 4072/3640/3613
f 4072/3640/3613 2329/3696/3668 70/277/276
f 1083/3646/3619 105/3583/3556 2815/3588/3561
f 919/3648/3621 2777/3691/3664 4073/3644/3617
f 888/3606/3579 2993/3642/3615 4073/3644/3617
f 4073/3644/3617 2777/3691/3664 887/655/652
f 2047/3649/3622 924/344/343 1804/345/344
f 104/578/575 2814/3708/3680 4074/3647/3620
f 73/291/290 1083/3646/3619 4074/3647/3620
f 4074/3647/3620 2814/3708/3680 72/288/287
f 1797/3651/3624 899/381/379 1554/3652/3625
f 923/219/218 1803/3682/3655 4075/3650/3623
f 892/678/675 2047/3649/3622 4075/3650/3623
f 4075/3650/3623 1803/3682/3655 891/685/682
f 2045/3654/3627 916/3707/3679 1802/3655/3628
f 898/338/337 1553/493/491 4076/3653/3626
f 867/384/382 1797/3651/3624 4076/3653/3626
f 4076/3653/3626 1553/493/491 866/501/499
f 2291/3657/3630 925/349/348 2048/350/349
f 915/3659/3632 1801/3631/3604 4077/3656/3629
f 884/3622/3595 2045/3654/3627 4077/3656/3629
f 4077/3656/3629 1801/3631/3604 883/3609/3582
f 2535/3660/3633 926/3668/3641 2292/3661/3634
f 924/344/343 2047/3649/3622 4078/3658/3631
f 893/695/692 2291/3657/3630 4078/3658/3631
f 4078/3658/3631 2047/3649/3622 892/678/675
f 2779/3663/3636 927/326/325 2536/3664/3637
f 925/349/348 2291/3657/3630 4079/3662/3635
f 894/690/687 2535/3660/3633 4079/3662/3635
f 4079/3662/3635 2291/3657/3630 893/695/692
f 2816/3666/3639 112/398/396 2576/3628/3601
f 926/3668/3641 2535/3660/3633 4080/3665/3638
f 895/447/445 2779/3663/3636 4080/3665/3638
f 4080/3665/3638 2535/3660/3633 894/690/687
f 2539/3669/3642 942/3741/3713 2296/3670/3643
f 111/543/540 2575/520/517 4081/3667/3640
f 80/401/399 2816/3666/3639 4081/3667/3640
f 4081/3667/3640 2575/520/517 79/243/242
f 2579/3672/3645 127/483/481 2336/561/558
f 941/3674/3647 2295/3727/3699 4082/3671/3644
f 910/439/437 2539/3669/3642 4082/3671/3644
f 4082/3671/3644 2295/3727/3699 909/477/475
f 1601/3675/3648 115/514/511 1358/3573/3546
f 126/562/559 2335/429/427 4083/3673/3646
f 95/486/484 2579/3672/3645 4083/3673/3646
f 4083/3673/3646 2335/429/427 94/334/333
f 2089/3677/3650 117/523/520 1846/3597/3570
f 114/3574/3547 1357/454/452 4084/3676/3649
f 83/264/263 1601/3675/3648 4084/3676/3649
f 4084/3676/3649 1357/454/452 82/260/259
f 1799/3679/3652 907/227/226 1556/3680/3653
f 116/3594/3567 1845/504/501 4085/3678/3651
f 85/353/352 2089/3677/3650 4085/3678/3651
f 4085/3678/3651 1845/504/501 84/231/230
f 1803/3682/3655 923/219/218 1560/220/219
f 906/3684/3657 1555/402/400 4086/3681/3654
f 875/661/658 1799/3679/3652 4086/3681/3654
f 4086/3681/3654 1555/402/400 874/411/409
f 2577/3685/3658 119/405/403 2334/3591/3564
f 922/221/220 1559/487/485 4087/3683/3656
f 891/685/682 1803/3682/3655 4087/3683/3656
f 4087/3683/3656 1559/487/485 890/495/493
f 1312/3687/3660 921/296/295 2994/297/296
f 118/3577/3550 2333/515/512 4088/3686/3659
f 87/283/282 2577/3685/3658 4088/3686/3659
f 4088/3686/3659 2333/515/512 86/239/238
f 1081/3689/3662 97/3556/487 1089/3557/3530
f 920/298/297 2993/3642/3615 4089/3688/3661
f 889/497/495 1312/3687/3660 4089/3688/3661
f 4089/3688/3661 2993/3642/3615 888/3606/3579
f 2777/3691/3664 919/3648/3621 2534/3692/3665
f 1089/3557/3530 128/3558/3531 2820/474/472
f 65/3694/490 1081/3689/3662 4090/3690/3663
f 4090/3690/3663 2820/474/472 96/484/482
f 2329/3696/3668 102/596/593 2086/3551/3525
f 918/3698/3670 2533/498/496 4091/3693/3666
f 887/655/652 2777/3691/3664 4091/3693/3666
f 4091/3693/3666 2533/498/496 886/508/505
f 2043/3699/3671 908/225/224 1800/226/225
f 101/807/803 2085/3637/3610 4092/3697/3669
f 70/277/276 2329/3696/3668 4092/3697/3669
f 4092/3697/3669 2085/3637/3610 69/3641/3614
f 2289/3702/3674 917/507/504 2046/3703/3675
f 907/227/226 1799/3679/3652 4093/3700/3672
f 876/519/516 2043/3699/3671 4093/3700/3672
f 4093/3700/3672 1799/3679/3652 875/661/658
f 1603/3705/3677 123/427/425 1360/600/597
f 916/3707/3679 2045/3654/3627 4094/3704/3676
f 885/510/507 2289/3702/3674 4094/3704/3676
f 4094/3704/3676 2045/3654/3627 884/3622/3595
f 2814/3708/3680 104/578/575 2574/579/576
f 122/601/598 1359/407/405 4095/3706/3678
f 91/308/307 1603/3705/3677 4095/3706/3678
f 4095/3706/3678 1359/407/405 90/418/416
f 1355/3711/3683 106/376/374 1084/3582/3555
f 103/580/577 2573/3639/3612 4096/3709/3681
f 72/288/287 2814/3708/3680 4096/3709/3681
f 4096/3709/3681 2573/3639/3612 71/3645/3618
f 2989/3714/3686 904/214/213 2774/215/214
f 105/3583/3556 1083/3646/3619 4097/3712/3684
f 74/378/376 1355/3711/3683 4097/3712/3684
f 4097/3712/3684 1083/3646/3619 73/291/290
f 1345/3716/3688 66/490/488 1073/491/489
f 903/216/215 2773/3635/3608 4098/3715/3687
f 872/3561/3534 2989/3714/3686 4098/3715/3687
f 4098/3715/3687 2773/3635/3608 871/572/569
f 1589/3718/3690 67/302/301 1346/3634/3607
f 65/492/490 1072/4356/3768 4099/3717/3689
f 34/3720/3692 1345/3716/3688 4099/3717/3689
f 4099/3717/3689 1072/4356/3768 33/3722/3694
f 2053/3723/3695 948/3761/3733 1810/3724/3696
f 66/490/488 1345/3716/3688 4100/3719/3691
f 35/304/303 1589/3718/3690 4100/3719/3691
f 4100/3719/3691 1345/3716/3688 34/3720/3692
f 2295/3727/3699 941/3674/3647 2052/3728/3700
f 947/3730/3702 1809/3748/3720 4101/3725/3697
f 916/3707/3679 2053/3723/3695 4101/3725/3697
f 4101/3725/3697 1809/3748/3720 915/3659/3632
f 2543/3731/3703 958/196/196 2300/3732/3704
f 940/180/180 2051/217/216 4102/3729/3701
f 909/477/475 2295/3727/3699 4102/3729/3701
f 4102/3729/3701 2051/217/216 908/225/224
f 2783/3734/3706 943/3788/3760 2540/3735/3707
f 957/3737/3709 2299/341/340 4103/3733/3705
f 926/3668/3641 2543/3731/3703 4103/3733/3705
f 4103/3733/3705 2299/341/340 925/349/348
f 3000/3738/3710 952/157/157 2786/3739/3711
f 942/3741/3713 2539/3669/3642 4104/3736/3708
f 911/532/529 2783/3734/3706 4104/3736/3708
f 4104/3736/3708 2539/3669/3642 910/439/437
f 1319/3742/3714 945/247/246 2999/3743/3715
f 951/125/125 2785/3762/3734 4105/3740/3712
f 920/298/297 3000/3738/3710 4105/3740/3712
f 4105/3740/3712 2785/3762/3734 919/3648/3621
f 1349/3745/3717 82/260/259 1077/463/461
f 944/3747/3719 2998/3783/3755 4106/3744/3716
f 913/250/249 1319/3742/3714 4106/3744/3716
f 4106/3744/3716 2998/3783/3755 912/450/448
f 1809/3748/3720 947/3730/3702 1566/3749/3721
f 81/399/397 1076/3766/3738 4107/3746/3718
f 50/167/167 1349/3745/3717 4107/3746/3718
f 4107/3746/3718 1076/3766/3738 49/60/60
f 2049/3751/3723 932/189/189 1806/3752/3724
f 946/3754/3726 1565/240/239 4108/3750/3722
f 915/3659/3632 1809/3748/3720 4108/3750/3722
f 4108/3750/3722 1565/240/239 914/248/247
f 2297/3755/3727 949/3807/3778 2054/3756/3728
f 931/3758/3730 1805/3809/3780 4109/3753/3725
f 900/361/360 2049/3751/3723 4109/3753/3725
f 4109/3753/3725 1805/3809/3780 899/381/379
f 2537/3759/3731 934/201/201 2294/202/202
f 948/3761/3733 2053/3723/3695 4110/3757/3729
f 917/507/504 2297/3755/3727 4110/3757/3729
f 4110/3757/3729 2053/3723/3695 916/3707/3679
f 2785/3762/3734 951/125/125 2542/126/126
f 933/187/187 2293/354/353 4111/3760/3732
f 902/320/319 2537/3759/3731 4111/3760/3732
f 4111/3760/3732 2293/354/353 901/359/358
f 2807/3764/3736 72/288/287 2566/3713/3685
f 950/127/127 2541/3798/3770 4112/3763/3735
f 919/3648/3621 2785/3762/3734 4112/3763/3735
f 4112/3763/3735 2541/3798/3770 918/3698/3670
f 1076/3766/3738 81/399/397 2810/400/398
f 71/3645/3618 2565/270/269 4113/3765/3737
f 40/149/149 2807/3764/3736 4113/3765/3737
f 4113/3765/3737 2565/270/269 39/105/105
f 1563/3768/3740 938/113/113 1318/114/114
f 80/401/399 2809/236/235 4114/3767/3739
f 49/60/60 1076/3766/3738 4114/3767/3739
f 4114/3767/3739 2809/236/235 48/131/131
f 1591/3770/3742 75/254/253 1348/377/375
f 937/54/54 1317/3780/3752 4115/3769/3741
f 906/3684/3657 1563/3768/3740 4115/3769/3741
f 4115/3769/3741 1317/3780/3752 905/410/408
f 2083/3772/3744 93/273/272 1840/433/431
f 74/378/376 1347/285/284 4116/3771/3743
f 43/256/255 1591/3770/3742 4116/3771/3743
f 4116/3771/3743 1347/285/284 42/292/291
f 2079/3775/3747 77/235/234 1836/473/471
f 92/428/426 1839/299/298 4117/3773/3745
f 61/136/136 2083/3772/3744 4117/3773/3745
f 4117/3773/3745 1839/299/298 60/309/308
f 2321/3778/3750 70/277/276 2078/3701/3673
f 76/423/421 1835/244/243 4118/3776/3748
f 45/35/35 2079/3775/3747 4118/3776/3748
f 4118/3776/3748 1835/244/243 44/28/28
f 1317/3780/3752 937/54/54 2997/55/55
f 69/3641/3614 2077/261/260 4119/3779/3751
f 38/279/278 2321/3778/3750 4119/3779/3751
f 4119/3779/3751 2077/261/260 37/269/268
f 2998/3783/3755 944/3747/3719 2784/3784/3756
f 936/56/56 2996/203/203 4120/3781/3753
f 905/410/408 1317/3780/3752 4120/3781/3753
f 4120/3781/3753 2996/203/203 904/214/213
f 1078/3786/3758 89/313/312 2812/538/535
f 943/3788/3760 2783/3734/3706 4121/3785/3757
f 912/450/448 2998/3783/3755 4121/3785/3757
f 4121/3785/3757 2783/3734/3706 911/532/529
f 2787/3789/3761 959/194/194 2544/195/195
f 88/406/404 2811/274/273 4122/3787/3759
f 57/315/314 1078/3786/3758 4122/3787/3759
f 4122/3787/3759 2811/274/273 56/284/283
f 1595/3792/3764 91/308/307 1352/3710/3682
f 958/196/196 2543/3731/3703 4123/3790/3762
f 927/326/325 2787/3789/3761 4123/3790/3762
f 4123/3790/3762 2543/3731/3703 926/3668/3641
f 1807/3794/3766 939/182/182 1564/331/330
f 90/418/416 1351/305/304 4124/3793/3765
f 59/118/118 1595/3792/3764 4124/3793/3765
f 4124/3793/3765 1351/305/304 58/67/67
f 1072/3796/3768 65/3694/490 1080/3695/3667
f 938/113/113 1563/3768/3740 4125/3795/3767
f 907/227/226 1807/3794/3766 4125/3795/3767
f 4125/3795/3767 1563/3768/3740 906/3684/3657
f 2541/3798/3770 950/127/127 2298/3799/3771
f 1080/3695/3667 96/484/482 2813/3801/3773
f 33/3802/3694 1072/3796/3768 4126/3797/3769
f 4126/3797/3769 2813/3801/3773 64/3804/3775
f 2567/3805/3776 79/243/242 2324/528/525
f 949/3807/3778 2297/3755/3727 4127/3800/3772
f 918/3698/3670 2541/3798/3770 4127/3800/3772
f 4127/3800/3772 2297/3755/3727 917/507/504
f 2813/3801/3773 96/484/482 2572/485/483
f 78/468/466 2323/228/227 4128/3806/3777
f 47/47/47 2567/3805/3776 4128/3806/3777
f 4128/3806/3777 2323/228/227 46/41/41
f 1805/3809/3780 931/3758/3730 1562/3810/3781
f 95/486/484 2571/327/326 4129/3808/3779
f 64/3804/3775 2813/3801/3773 4129/3808/3779
f 4129/3808/3779 2571/327/326 63/335/334
f 3009/206/206 992/4202/4167 2796/3813/3784
f 930/4/4 1561/332/331 4130/3811/3782
f 899/381/379 1805/3809/3780 4130/3811/3782
f 4130/3811/3782 1561/332/331 898/338/337
f 1577/3815/3786 35/304/303 1335/3726/3698
f 991/3817/3788 2795/183/183 4131/3814/3785
f 960/209/208 3009/206/206 4131/3814/3785
f 4131/3814/3785 2795/183/183 959/194/194
f 2061/3818/3789 980/3863/3834 1818/3819/3790
f 34/3720/3692 1333/3912/3883 4132/3816/3787
f 3/3821/3792 1577/3815/3786 4132/3816/3787
f 4132/3816/3787 1333/3912/3883 2/3823/3794
f 2303/3824/3795 973/3835/3806 2060/3825/3796
f 979/3827/3798 1817/3908/3879 4133/3820/3791
f 948/3761/3733 2061/3818/3789 4133/3820/3791
f 4133/3820/3791 1817/3908/3879 947/3730/3702
f 2547/3828/3799 974/3839/3810 2304/3829/3800
f 972/3831/3802 2059/169/169 4134/3826/3797
f 941/3674/3647 2303/3824/3795 4134/3826/3797
f 4134/3826/3797 2059/169/169 940/180/180
f 2791/3832/3803 975/3843/3814 2548/3833/3804
f 973/3835/3806 2303/3824/3795 4135/3830/3801
f 942/3741/3713 2547/3828/3799 4135/3830/3801
f 4135/3830/3801 2303/3824/3795 941/3674/3647
f 3005/3836/3807 976/3875/3846 2792/3837/3808
f 974/3839/3810 2547/3828/3799 4136/3834/3805
f 943/3788/3760 2791/3832/3803 4136/3834/3805
f 4136/3834/3805 2547/3828/3799 942/3741/3713
f 3003/3840/3811 968/53/53 2790/3841/3812
f 975/3843/3814 2791/3832/3803 4137/3838/3809
f 944/3747/3719 3005/3836/3807 4137/3838/3809
f 4137/3838/3809 2791/3832/3803 943/3788/3760
f 1573/3844/3815 978/3914/3885 1329/3845/3816
f 967/3847/3818 2789/3891/3862 4138/3842/3813
f 936/56/56 3003/3840/3811 4138/3842/3813
f 4138/3842/3813 2789/3891/3862 935/213/212
f 1819/3848/3819 987/172/172 1576/3849/3820
f 977/3851/3822 1328/3867/3838 4139/3846/3817
f 946/3754/3726 1573/3844/3815 4139/3846/3817
f 4139/3846/3817 1328/3867/3838 945/247/246
f 2057/3852/3823 964/186/186 1814/3853/3824
f 986/3855/3826 1575/151/151 4140/3850/3821
f 955/175/175 1819/3848/3819 4140/3850/3821
f 4140/3850/3821 1575/151/151 954/162/162
f 2305/3856/3827 981/3866/3837 2062/3857/3828
f 963/3859/3830 1813/3883/3854 4141/3854/3825
f 932/189/189 2057/3852/3823 4141/3854/3825
f 4141/3854/3825 1813/3883/3854 931/3758/3730
f 2549/3860/3831 982/124/124 2306/3861/3832
f 980/3863/3834 2061/3818/3789 4142/3858/3829
f 949/3807/3778 2305/3856/3827 4142/3858/3829
f 4142/3858/3829 2061/3818/3789 948/3761/3733
f 2553/3864/3835 39/105/105 2311/278/277
f 981/3866/3837 2305/3856/3827 4143/3862/3833
f 950/127/127 2549/3860/3831 4143/3862/3833
f 4143/3862/3833 2305/3856/3827 949/3807/3778
f 1328/3867/3838 977/3851/3822 3006/3868/3839
f 38/279/278 2309/3919/3889 4144/3865/3836
f 7/108/108 2553/3864/3835 4144/3865/3836
f 4144/3865/3836 2309/3919/3889 6/3871/3842
f 3007/3872/3843 984/154/154 2794/3873/3844
f 976/3875/3846 3005/3836/3807 4145/3869/3840
f 945/247/246 1328/3867/3838 4145/3869/3840
f 4145/3869/3840 3005/3836/3807 944/3747/3719
f 1580/3876/3847 43/256/255 1338/3774/3746
f 983/3878/3849 2793/115/115 4146/3874/3845
f 952/157/157 3007/3872/3843 4146/3874/3845
f 4146/3874/3845 2793/115/115 951/125/125
f 1824/3879/3850 44/28/28 1582/255/254
f 42/292/291 1336/133/133 4147/3877/3848
f 11/3881/3852 1580/3876/3847 4147/3877/3848
f 4147/3877/3848 1336/133/133 10/143/143
f 1813/3883/3854 963/3859/3830 1570/3884/3855
f 43/256/255 1580/3876/3847 4148/3880/3851
f 12/31/31 1824/3879/3850 4148/3880/3851
f 4148/3880/3851 1580/3876/3847 11/3881/3852
f 2551/3887/3858 990/193/193 2308/3888/3859
f 962/3890/3861 1569/5/5 4149/3885/3856
f 931/3758/3730 1813/3883/3854 4149/3885/3856
f 4149/3885/3856 1569/5/5 930/4/4
f 2789/3891/3862 967/3847/3818 2546/3892/3863
f 989/3894/3865 2307/3927/3897 4150/3889/3860
f 958/196/196 2551/3887/3858 4150/3889/3860
f 4150/3889/3860 2307/3927/3897 957/3737/3709
f 1067/3895/3866 57/315/314 2805/3791/3763
f 966/3897/3868 2545/190/190 4151/3893/3864
f 935/213/212 2789/3891/3862 4151/3893/3864
f 4151/3893/3864 2545/190/190 934/201/201
f 1058/3898/3869 33/3802/3694 1071/3803/3774
f 56/284/283 2803/90/90 4152/3896/3867
f 25/3900/3871 1067/3895/3866 4152/3896/3867
f 4152/3896/3867 2803/90/90 24/100/100
f 1821/3902/3873 36/14/14 1579/303/302
f 1071/3803/3774 64/3804/3775 2806/3904/3875
f 1/3905/3876 1058/3898/3869 4153/3899/3870
f 4153/3899/3870 2806/3904/3875 32/3907/3878
f 1817/3908/3879 979/3827/3798 1574/3909/3880
f 35/304/303 1577/3815/3786 4154/3903/3874
f 4/17/17 1821/3902/3873 4154/3903/3874
f 4154/3903/3874 1577/3815/3786 3/3821/3792
f 1333/3912/3883 34/3720/3692 1060/3721/3693
f 978/3914/3885 1573/3844/3815 4155/3910/3881
f 947/3730/3702 1817/3908/3879 4155/3910/3881
f 4155/3910/3881 1573/3844/3815 946/3754/3726
f 2074/3915/3886 61/136/136 1832/3777/3749
f 33/3722/3694 1058/4357/3869 4156/3913/3884
f 2/3823/3794 1333/3912/3883 4156/3913/3884
f 4156/3913/3884 1058/4357/3869 1/3918/3876
f 2309/3919/3889 38/279/278 2067/3782/3754
f 60/309/308 1830/109/109 4157/3916/3887
f 29/138/138 2074/3915/3886 4157/3916/3887
f 4157/3916/3887 1830/109/109 28/119/119
f 1342/3922/3892 58/67/67 1069/314/313
f 37/269/268 2065/8/8 4158/3920/3890
f 6/3871/3842 2309/3919/3889 4158/3920/3890
f 4158/3920/3890 2065/8/8 5/15/15
f 2806/3904/3875 64/3804/3775 2564/3812/3783
f 57/315/314 1067/3895/3866 4159/3923/3893
f 26/70/70 1342/3922/3892 4159/3923/3893
f 4159/3923/3893 1067/3895/3866 25/3900/3871
f 2307/3927/3897 989/3894/3865 2064/3928/3898
f 63/335/334 2562/64/64 4160/3925/3895
f 32/3907/3878 2806/3904/3875 4160/3925/3895
f 4160/3925/3895 2562/64/64 31/75/75
f 2683/3931/3901 543/2296/2283 2440/2297/2284
f 988/3933/3903 2063/164/164 4161/3929/3899
f 957/3737/3709 2307/3927/3897 4161/3929/3899
f 4161/3929/3899 2063/164/164 956/173/173
f 4163/3934/3904 3010/3941/3911 1026/3935/3905
f 542/2291/2278 2439/2307/2294 4162/3932/3902
f 511/2452/2438 2683/3931/3901 4162/3932/3902
f 4162/3932/3902 2439/2307/2294 510/2315/2302
f 1057/3937/3907 3041/3947/3917 4163/3934/3904
f 4164/3938/3908 3041/3947/3917 1057/3937/3907
f 1053/3942/3912 3037/3943/3913 4164/3938/3908
f 4165/3945/3915 3037/3943/3913 1053/3942/3912
f 1049/3948/3918 3033/3944/3914 4165/3945/3915
f 4166/3950/3920 3033/3944/3914 1049/3948/3918
f 1045/3952/3922 3029/3949/3919 4166/3950/3920
f 4167/3954/3924 3029/3949/3919 1045/3952/3922
f 1041/3956/3926 3025/3953/3923 4167/3954/3924
f 4168/3958/3928 3025/3953/3923 1041/3956/3926
f 1037/3960/3930 3021/3957/3927 4168/3958/3928
f 4169/3962/3932 3021/3957/3927 1037/3960/3930
f 1033/3964/3934 3017/3961/3931 4169/3962/3932
f 4170/3966/3936 3017/3961/3931 1033/3964/3934
f 1029/3968/3938 3013/3965/3935 4170/3966/3936
f 4171/3970/3940 3013/3965/3935 1029/3968/3938
f 1056/3972/3942 3040/3969/3939 4171/3970/3940
f 4172/3974/3944 3040/3969/3939 1056/3972/3942
f 1052/3976/3946 3036/3973/3943 4172/3974/3944
f 4173/3978/3948 3036/3973/3943 1052/3976/3946
f 1048/3980/3950 3032/3977/3947 4173/3978/3948
f 4174/3982/3952 3032/3977/3947 1048/3980/3950
f 1044/3984/3954 3028/3981/3951 4174/3982/3952
f 4175/3986/3956 3028/3981/3951 1044/3984/3954
f 1040/3988/3958 3024/3985/3955 4175/3986/3956
f 4176/3990/3960 3024/3985/3955 1040/3988/3958
f 1036/3992/3962 3020/3989/3959 4176/3990/3960
f 4177/3994/3964 3020/3989/3959 1036/3992/3962
f 1032/3996/3966 3016/3993/3963 4177/3994/3964
f 4178/3998/3968 3016/3993/3963 1032/3996/3966
f 1028/4000/3970 3012/3997/3967 4178/3998/3968
f 4179/4002/3972 3012/3997/3967 1028/4000/3970
f 1055/4004/3974 3039/4001/3971 4179/4002/3972
f 4180/4006/3976 3039/4001/3971 1055/4004/3974
f 1051/4008/3978 3035/4005/3975 4180/4006/3976
f 4181/4010/3980 3035/4005/3975 1051/4008/3978
f 1047/4012/3982 3031/4009/3979 4181/4010/3980
f 4182/4014/3984 3031/4009/3979 1047/4012/3982
f 1043/4016/3986 3027/4013/3983 4182/4014/3984
f 4183/4018/3988 3027/4013/3983 1043/4016/3986
f 1039/4020/3990 3023/4017/3987 4183/4018/3988
f 4184/4022/3992 3023/4017/3987 1039/4020/3990
f 1035/4024/3994 3019/4021/3991 4184/4022/3992
f 4185/4026/3996 3019/4021/3991 1035/4024/3994
f 1031/4028/3998 3015/4025/3995 4185/4026/3996
f 4186/4030/4000 3015/4025/3995 1031/4028/3998
f 1027/4032/4002 3011/4029/3999 4186/4030/4000
f 4187/4034/4004 3011/4029/3999 1027/4032/4002
f 1054/4036/4006 3038/4033/4003 4187/4034/4004
f 4188/4038/4008 3038/4033/4003 1054/4036/4006
f 1050/4040/4010 3034/4037/4007 4188/4038/4008
f 4189/4042/4012 3034/4037/4007 1050/4040/4010
f 1046/4044/4014 3030/4041/4011 4189/4042/4012
f 4190/4046/4016 3030/4041/4011 1046/4044/4014
f 1042/4048/4018 3026/4045/4015 4190/4046/4016
f 4191/4050/4020 3026/4045/4015 1042/4048/4018
f 1038/4052/4022 3022/4049/4019 4191/4050/4020
f 4192/4054/4024 3022/4049/4019 1038/4052/4022
f 1034/4056/4026 3018/4053/4023 4192/4054/4024
f 4193/4058/4028 3018/4053/4023 1034/4056/4026
f 1030/4060/4030 3014/4057/4027 4193/4058/4028
f 4194/4062/4031 3014/4057/4027 1030/4060/4030
f 1026/4064/3905 3010/4061/3911 4194/4062/4031
f 1025/4070/4038 3074/4065/4033 4195/4067/4035
f 4195/4067/4035 3070/4069/4037 1021/4072/4040
f 4196/4068/4036 3066/4073/4041 1017/4076/4044
f 4220/4078/4046 3063/4093/4061 1014/4079/4047
f 1021/4072/4040 3070/4069/4037 4196/4068/4036
f 4207/4083/4051 3053/4090/4058 1004/4084/4052
f 4197/4081/4049 3062/4082/4050 1013/4086/4054
f 1017/4076/4044 3066/4073/4041 4197/4081/4049
f 4226/4091/4059 3074/4065/4033 1025/4070/4038
f 4198/4088/4056 3058/4089/4057 1009/4094/4062
f 1013/4086/4054 3062/4082/4050 4198/4088/4056
f 4199/4096/4064 3054/4097/4065 1005/4098/4066
f 4219/4100/4068 3067/4110/4078 1018/4101/4069
f 1009/4094/4062 3058/4089/4057 4199/4096/4064
f 4206/4105/4073 3057/4113/4081 1008/4106/4074
f 4200/4103/4071 3050/4104/4072 1001/4108/4076
f 1005/4098/4066 3054/4097/4065 4200/4103/4071
f 4201/4111/4079 3046/4112/4080 997/4114/4082
f 4218/4116/4084 3071/4126/4094 1022/4117/4085
f 1001/4108/4076 3050/4104/4072 4201/4111/4079
f 4205/4121/4089 3061/4129/4097 1012/4122/4090
f 4202/4119/4087 3073/4120/4088 1024/4124/4092
f 997/4114/4082 3046/4112/4080 4202/4119/4087
f 4203/4127/4095 3069/4128/4096 1020/4130/4098
f 4217/4132/4100 3044/4139/4107 995/4133/4101
f 1024/4124/4092 3073/4120/4088 4203/4127/4095
f 4204/4135/4103 3065/4136/4104 1016/4137/4105
f 1020/4130/4098 3069/4128/4096 4204/4135/4103
f 4216/4140/4108 3048/4143/4111 999/4141/4109
f 1016/4137/4105 3065/4136/4104 4205/4121/4089
f 1012/4122/4090 3061/4129/4097 4206/4105/4073
f 4215/4144/4112 3052/4149/4117 1003/4145/4113
f 1008/4106/4074 3057/4113/4081 4207/4083/4051
f 4208/4075/4043 3049/4074/4042 1000/4147/4115
f 1004/4084/4052 3053/4090/4058 4208/4075/4043
f 4209/4150/4118 3045/4151/4119 996/4152/4120
f 4214/4154/4122 3056/4159/4127 1007/4155/4123
f 1000/4147/4115 3049/4074/4042 4209/4150/4118
f 4210/4157/4125 3072/4158/4126 1023/4160/4128
f 996/4152/4120 3045/4151/4119 4210/4157/4125
f 4213/4164/4132 3060/4171/4139 1011/4165/4133
f 4211/4162/4130 3068/4163/4131 1019/4167/4135
f 1023/4160/4128 3072/4158/4126 4211/4162/4130
f 4212/4169/4137 3064/4170/4138 1015/4172/4140
f 1019/4167/4135 3068/4163/4131 4212/4169/4137
f 4225/4174/4142 3042/4177/4145 994/4175/4143
f 1015/4172/4140 3064/4170/4138 4213/4164/4132
f 1011/4165/4133 3060/4171/4139 4214/4154/4122
f 1007/4155/4123 3056/4159/4127 4215/4144/4112
f 4224/4178/4146 3047/4181/4149 998/4179/4147
f 1003/4145/4113 3052/4149/4117 4216/4140/4108
f 999/4141/4109 3048/4143/4111 4217/4132/4100
f 995/4133/4101 3044/4139/4107 4218/4116/4084
f 4223/4182/4150 3051/4187/4155 1002/4183/4151
f 1022/4117/4085 3071/4126/4094 4219/4100/4068
f 1018/4101/4069 3067/4110/4078 4220/4078/4046
f 4221/4185/4153 3059/4186/4154 1010/4188/4156
f 1014/4079/4047 3063/4093/4061 4221/4185/4153
f 4222/4190/4158 3055/4191/4159 1006/4192/4160
f 1010/4188/4156 3059/4186/4154 4222/4190/4158
f 1006/4192/4160 3055/4191/4159 4223/4182/4150
f 1002/4183/4151 3051/4187/4155 4224/4178/4146
f 998/4179/4147 3047/4181/4149 4225/4174/4142
f 3075/4195/4162 994/4197/4143 3107/4092/4060
f 994/4197/4143 3042/4194/4145 4226/4091/4059
f 3079/4198/4164 998/4179/4147 3108/4176/4144
f 3107/4092/4060 1025/4070/4038 3106/4200/4166
f 961/4201/1 3075/4195/4162 4227/4196/4163
f 4227/4196/4163 3106/4200/4166 992/4202/4167
f 3083/4203/4168 1002/4183/4151 3109/4180/4148
f 3108/4176/4144 994/4175/4143 3075/4205/4162
f 962/3890/3861 3079/4198/4164 4228/4199/4165
f 4228/4199/4165 3075/4205/4162 961/1/1
f 3087/4206/4170 1006/4192/4160 3110/4184/4152
f 3109/4180/4148 998/4179/4147 3079/4198/4164
f 963/3859/3830 3083/4203/4168 4229/4204/4169
f 4229/4204/4169 3079/4198/4164 962/3890/3861
f 3091/4208/4172 1010/4188/4156 3111/4193/4161
f 3110/4184/4152 1002/4183/4151 3083/4203/4168
f 964/186/186 3087/4206/4170 4230/4207/4171
f 4230/4207/4171 3083/4203/4168 963/3859/3830
f 3095/4210/4174 1014/4079/4047 3112/4189/4157
f 3111/4193/4161 1006/4192/4160 3087/4206/4170
f 965/200/200 3091/4208/4172 4231/4209/4173
f 4231/4209/4173 3087/4206/4170 964/186/186
f 3099/4212/4176 1018/4101/4069 3113/4080/4048
f 3112/4189/4157 1010/4188/4156 3091/4208/4172
f 966/3897/3868 3095/4210/4174 4232/4211/4175
f 4232/4211/4175 3091/4208/4172 965/200/200
f 3103/4214/4178 1022/4117/4085 3114/4102/4070
f 3113/4080/4048 1014/4079/4047 3095/4210/4174
f 967/3847/3818 3099/4212/4176 4233/4213/4177
f 4233/4213/4177 3095/4210/4174 966/3897/3868
f 3076/4216/4180 995/4133/4101 3115/4118/4086
f 3114/4102/4070 1018/4101/4069 3099/4212/4176
f 968/53/53 3103/4214/4178 4234/4215/4179
f 4234/4215/4179 3099/4212/4176 967/3847/3818
f 3080/4218/4182 999/4141/4109 3116/4134/4102
f 3115/4118/4086 1022/4117/4085 3103/4214/4178
f 969/112/112 3076/4216/4180 4235/4217/4181
f 4235/4217/4181 3103/4214/4178 968/53/53
f 3084/4220/4184 1003/4145/4113 3117/4142/4110
f 3116/4134/4102 995/4133/4101 3076/4216/4180
f 970/330/329 3080/4218/4182 4236/4219/4183
f 4236/4219/4183 3076/4216/4180 969/112/112
f 3088/4222/4186 1007/4155/4123 3118/4146/4114
f 3117/4142/4110 999/4141/4109 3080/4218/4182
f 971/179/179 3084/4220/4184 4237/4221/4185
f 4237/4221/4185 3080/4218/4182 970/330/329
f 3092/4224/4188 1011/4165/4133 3119/4156/4124
f 3118/4146/4114 1003/4145/4113 3084/4220/4184
f 972/3831/3802 3088/4222/4186 4238/4223/4187
f 4238/4223/4187 3084/4220/4184 971/179/179
f 3096/4226/4190 1015/4172/4140 3120/4166/4134
f 3119/4156/4124 1007/4155/4123 3088/4222/4186
f 973/3835/3806 3092/4224/4188 4239/4225/4189
f 4239/4225/4189 3088/4222/4186 972/3831/3802
f 3100/4228/4192 1019/4167/4135 3121/4173/4141
f 3120/4166/4134 1011/4165/4133 3092/4224/4188
f 974/3839/3810 3096/4226/4190 4240/4227/4191
f 4240/4227/4191 3092/4224/4188 973/3835/3806
f 3104/4230/4194 1023/4160/4128 3122/4168/4136
f 3121/4173/4141 1015/4172/4140 3096/4226/4190
f 975/3843/3814 3100/4228/4192 4241/4229/4193
f 4241/4229/4193 3096/4226/4190 974/3839/3810
f 3077/4232/4196 996/4152/4120 3123/4161/4129
f 3122/4168/4136 1019/4167/4135 3100/4228/4192
f 976/3875/3846 3104/4230/4194 4242/4231/4195
f 4242/4231/4195 3100/4228/4192 975/3843/3814
f 3081/4234/4198 1000/4147/4115 3124/4153/4121
f 3123/4161/4129 1023/4160/4128 3104/4230/4194
f 977/3851/3822 3077/4232/4196 4243/4233/4197
f 4243/4233/4197 3104/4230/4194 976/3875/3846
f 3085/4236/4200 1004/4084/4052 3125/4148/4116
f 3124/4153/4121 996/4152/4120 3077/4232/4196
f 978/3914/3885 3081/4234/4198 4244/4235/4199
f 4244/4235/4199 3077/4232/4196 977/3851/3822
f 3089/4238/4202 1008/4106/4074 3126/4085/4053
f 3125/4148/4116 1000/4147/4115 3081/4234/4198
f 979/3827/3798 3085/4236/4200 4245/4237/4201
f 4245/4237/4201 3081/4234/4198 978/3914/3885
f 3093/4240/4204 1012/4122/4090 3127/4107/4075
f 3126/4085/4053 1004/4084/4052 3085/4236/4200
f 980/3863/3834 3089/4238/4202 4246/4239/4203
f 4246/4239/4203 3085/4236/4200 979/3827/3798
f 3097/4242/4206 1016/4137/4105 3128/4123/4091
f 3127/4107/4075 1008/4106/4074 3089/4238/4202
f 981/3866/3837 3093/4240/4204 4247/4241/4205
f 4247/4241/4205 3089/4238/4202 980/3863/3834
f 3101/4244/4208 1020/4130/4098 3129/4138/4106
f 3128/4123/4091 1012/4122/4090 3093/4240/4204
f 982/124/124 3097/4242/4206 4248/4243/4207
f 4248/4243/4207 3093/4240/4204 981/3866/3837
f 3105/4246/4210 1024/4124/4092 3130/4131/4099
f 3129/4138/4106 1016/4137/4105 3097/4242/4206
f 983/3878/3849 3101/4244/4208 4249/4245/4209
f 4249/4245/4209 3097/4242/4206 982/124/124
f 3078/4248/4212 997/4114/4082 3131/4125/4093
f 3130/4131/4099 1020/4130/4098 3101/4244/4208
f 984/154/154 3105/4246/4210 4250/4247/4211
f 4250/4247/4211 3101/4244/4208 983/3878/3849
f 3082/4250/4214 1001/4108/4076 3132/4115/4083
f 3131/4125/4093 1024/4124/4092 3105/4246/4210
f 985/161/161 3078/4248/4212 4251/4249/4213
f 4251/4249/4213 3105/4246/4210 984/154/154
f 3086/4252/4216 1005/4098/4066 3133/4109/4077
f 3132/4115/4083 997/4114/4082 3078/4248/4212
f 986/3855/3826 3082/4250/4214 4252/4251/4215
f 4252/4251/4215 3078/4248/4212 985/161/161
f 3090/4254/4218 1009/4094/4062 3134/4099/4067
f 3133/4109/4077 1001/4108/4076 3082/4250/4214
f 987/172/172 3086/4252/4216 4253/4253/4217
f 4253/4253/4217 3082/4250/4214 986/3855/3826
f 3094/4256/4220 1013/4086/4054 3135/4095/4063
f 3134/4099/4067 1005/4098/4066 3086/4252/4216
f 988/3933/3903 3090/4254/4218 4254/4255/4219
f 4254/4255/4219 3086/4252/4216 987/172/172
f 3098/4258/4222 1017/4076/4044 3136/4087/4055
f 3135/4095/4063 1009/4094/4062 3090/4254/4218
f 989/3894/3865 3094/4256/4220 4255/4257/4221
f 4255/4257/4221 3090/4254/4218 988/3933/3903
f 3102/4260/4224 1021/4072/4040 3137/4077/4045
f 3136/4087/4055 1013/4086/4054 3094/4256/4220
f 990/193/193 3098/4258/4222 4256/4259/4223
f 4256/4259/4223 3094/4256/4220 989/3894/3865
f 3106/4200/4166 1025/4070/4038 3138/4071/4039
f 3137/4077/4045 1017/4076/4044 3098/4258/4222
f 991/3817/3788 3102/4260/4224 4257/4261/4225
f 4257/4261/4225 3098/4258/4222 990/193/193
f 4259/4263/4227 3143/4266/4230 2/3823/3794
f 3138/4071/4039 1021/4072/4040 3102/4260/4224
f 992/4202/4167 3106/4200/4166 4258/4262/4226
f 4258/4262/4226 3102/4260/4224 991/3817/3788
f 1/3918/3876 3139/4264/4228 4259/4263/4227
f 3139/4264/4228 1026/4064/3905 3171/4063/4032
f 4260/4265/4229 3147/4268/4232 3/3821/3792
f 3143/4266/4230 4259/4263/4227 3171/4063/4032
f 2/3823/3794 3143/4266/4230 4260/4265/4229
f 3143/4266/4230 1030/4060/4030 3172/4059/4029
f 4261/4267/4231 3151/4270/4234 4/17/17
f 3147/4268/4232 4260/4265/4229 3172/4059/4029
f 3/3821/3792 3147/4268/4232 4261/4267/4231
f 3147/4268/4232 1034/4056/4026 3173/4055/4025
f 4262/4269/4233 3155/4272/4236 5/15/15
f 3151/4270/4234 4261/4267/4231 3173/4055/4025
f 4/17/17 3151/4270/4234 4262/4269/4233
f 3151/4270/4234 1038/4052/4022 3174/4051/4021
f 4263/4271/4235 3159/4274/4238 6/3871/3842
f 3155/4272/4236 4262/4269/4233 3174/4051/4021
f 5/15/15 3155/4272/4236 4263/4271/4235
f 3155/4272/4236 1042/4048/4018 3175/4047/4017
f 4264/4273/4237 3163/4276/4240 7/108/108
f 3159/4274/4238 4263/4271/4235 3175/4047/4017
f 6/3871/3842 3159/4274/4238 4264/4273/4237
f 3159/4274/4238 1046/4044/4014 3176/4043/4013
f 4265/4275/4239 3167/4278/4242 8/106/106
f 3163/4276/4240 4264/4273/4237 3176/4043/4013
f 7/108/108 3163/4276/4240 4265/4275/4239
f 3163/4276/4240 1050/4040/4010 3177/4039/4009
f 4266/4277/4241 3140/4280/4244 9/145/145
f 3167/4278/4242 4265/4275/4239 3177/4039/4009
f 8/106/106 3167/4278/4242 4266/4277/4241
f 3167/4278/4242 1054/4036/4006 3178/4035/4005
f 4267/4279/4243 3144/4282/4246 10/143/143
f 3140/4280/4244 4266/4277/4241 3178/4035/4005
f 9/145/145 3140/4280/4244 4267/4279/4243
f 3140/4280/4244 1027/4032/4002 3179/4031/4001
f 4268/4281/4245 3148/4284/4248 11/3881/3852
f 3144/4282/4246 4267/4279/4243 3179/4031/4001
f 10/143/143 3144/4282/4246 4268/4281/4245
f 3144/4282/4246 1031/4028/3998 3180/4027/3997
f 4269/4283/4247 3152/4286/4250 12/31/31
f 3148/4284/4248 4268/4281/4245 3180/4027/3997
f 11/3881/3852 3148/4284/4248 4269/4283/4247
f 3148/4284/4248 1035/4024/3994 3181/4023/3993
f 4270/4285/4249 3156/4288/4252 13/29/29
f 3152/4286/4250 4269/4283/4247 3181/4023/3993
f 12/31/31 3152/4286/4250 4270/4285/4249
f 3152/4286/4250 1039/4020/3990 3182/4019/3989
f 4271/4287/4251 3160/4290/4254 14/36/36
f 3156/4288/4252 4270/4285/4249 3182/4019/3989
f 13/29/29 3156/4288/4252 4271/4287/4251
f 3156/4288/4252 1043/4016/3986 3183/4015/3985
f 4272/4289/4253 3164/4292/4256 15/42/42
f 3160/4290/4254 4271/4287/4251 3183/4015/3985
f 14/36/36 3160/4290/4254 4272/4289/4253
f 3160/4290/4254 1047/4012/3982 3184/4011/3981
f 4273/4291/4255 3168/4294/4258 16/48/48
f 3164/4292/4256 4272/4289/4253 3184/4011/3981
f 15/42/42 3164/4292/4256 4273/4291/4255
f 3164/4292/4256 1051/4008/3978 3185/4007/3977
f 4274/4293/4257 3141/4296/4260 17/63/63
f 3168/4294/4258 4273/4291/4255 3185/4007/3977
f 16/48/48 3168/4294/4258 4274/4293/4257
f 3168/4294/4258 1055/4004/3974 3186/4003/3973
f 4275/4295/4259 3145/4298/4262 18/61/61
f 3141/4296/4260 4274/4293/4257 3186/4003/3973
f 17/63/63 3141/4296/4260 4275/4295/4259
f 3141/4296/4260 1028/4000/3970 3187/3999/3969
f 4276/4297/4261 3149/4300/4264 19/24/24
f 3145/4298/4262 4275/4295/4259 3187/3999/3969
f 18/61/61 3145/4298/4262 4276/4297/4261
f 3145/4298/4262 1032/3996/3966 3188/3995/3965
f 4277/4299/4263 3153/4302/4266 20/22/22
f 3149/4300/4264 4276/4297/4261 3188/3995/3965
f 19/24/24 3149/4300/4264 4277/4299/4263
f 3149/4300/4264 1036/3992/3962 3189/3991/3961
f 4278/4301/4265 3157/4304/4268 21/82/82
f 3153/4302/4266 4277/4299/4263 3189/3991/3961
f 20/22/22 3153/4302/4266 4278/4301/4265
f 3153/4302/4266 1040/3988/3958 3190/3987/3957
f 4279/4303/4267 3161/4306/4270 22/88/88
f 3157/4304/4268 4278/4301/4265 3190/3987/3957
f 21/82/82 3157/4304/4268 4279/4303/4267
f 3157/4304/4268 1044/3984/3954 3191/3983/3953
f 4280/4305/4269 3165/4308/4272 23/94/94
f 3161/4306/4270 4279/4303/4267 3191/3983/3953
f 22/88/88 3161/4306/4270 4280/4305/4269
f 3161/4306/4270 1048/3980/3950 3192/3979/3949
f 4281/4307/4271 3169/4310/4274 24/100/100
f 3165/4308/4272 4280/4305/4269 3192/3979/3949
f 23/94/94 3165/4308/4272 4281/4307/4271
f 3165/4308/4272 1052/3976/3946 3193/3975/3945
f 4282/4309/4273 3142/4312/4276 25/3900/3871
f 3169/4310/4274 4281/4307/4271 3193/3975/3945
f 24/100/100 3169/4310/4274 4282/4309/4273
f 3169/4310/4274 1056/3972/3942 3194/3971/3941
f 4283/4311/4275 3146/4314/4278 26/70/70
f 3142/4312/4276 4282/4309/4273 3194/3971/3941
f 25/3900/3871 3142/4312/4276 4283/4311/4275
f 3142/4312/4276 1029/3968/3938 3195/3967/3937
f 4284/4313/4277 3150/4316/4280 27/68/68
f 3146/4314/4278 4283/4311/4275 3195/3967/3937
f 26/70/70 3146/4314/4278 4284/4313/4277
f 3146/4314/4278 1033/3964/3934 3196/3963/3933
f 4285/4315/4279 3154/4318/4282 28/119/119
f 3150/4316/4280 4284/4313/4277 3196/3963/3933
f 27/68/68 3150/4316/4280 4285/4315/4279
f 3150/4316/4280 1037/3960/3930 3197/3959/3929
f 4286/4317/4281 3158/4320/4284 29/138/138
f 3154/4318/4282 4285/4315/4279 3197/3959/3929
f 28/119/119 3154/4318/4282 4286/4317/4281
f 3154/4318/4282 1041/3956/3926 3198/3955/3925
f 4287/4319/4283 3162/4322/4286 30/77/77
f 3158/4320/4284 4286/4317/4281 3198/3955/3925
f 29/138/138 3158/4320/4284 4287/4319/4283
f 3158/4320/4284 1045/3952/3922 3199/3951/3921
f 4288/4321/4285 3166/4324/4288 31/75/75
f 3162/4322/4286 4287/4319/4283 3199/3951/3921
f 30/77/77 3162/4322/4286 4288/4321/4285
f 3162/4322/4286 1049/3948/3918 3200/3946/3916
f 4289/4323/4287 3170/4326/4290 32/3907/3878
f 3166/4324/4288 4288/4321/4285 3200/3946/3916
f 31/75/75 3166/4324/4288 4289/4323/4287
f 3166/4324/4288 1053/3942/3912 3201/3939/3909
f 4290/4325/4289 3139/4327/4228 1/3905/3876
f 3170/4326/4290 4289/4323/4287 3201/3939/3909
f 32/3907/3878 3170/4326/4290 4290/4325/4289
f 3170/4326/4290 1057/3937/3907 3202/3936/3906
f 3139/4327/4228 4290/4325/4289 3202/3936/3906
f 1569/5/5 962/3890/3861 1325/3/3
